"","Hub","ID","Animal.Sex","Animal.Length..m.","Date","Date.and.Time..UTC."
"1","aquaHub-660298","9001-52031","Male",1.6,2025-09-14,"2025-09-14 4:00"
"2","aquaHub-661034","9001-43287","Female",201,2025-09-14,"2025-09-14 4:52"
"3","aquaHub-660273","9001-16713","Female",2.1,2025-09-14,"2025-09-14 5:12"
"4","aquaHub-660110","9001-43283","Male",168,2025-09-14,"2025-09-14 5:12"
"5","aquaHub-660273","9001-16713","Female",2.1,2025-09-14,"2025-09-14 5:13"
"6","aquaHub-660110","9001-43283","Male",168,2025-09-14,"2025-09-14 5:14"
"7","aquaHub-660273","9001-16713","Female",2.1,2025-09-14,"2025-09-14 5:15"
"8","aquaHub-660110","9001-43283","Male",168,2025-09-14,"2025-09-14 5:16"
"9","aquaHub-660110","9001-43283","Male",168,2025-09-14,"2025-09-14 5:19"
"10","aquaHub-660110","9001-52043","Male",1.5,2025-09-14,"2025-09-14 5:24"
"11","aquaHub-660110","9001-43283","Male",168,2025-09-14,"2025-09-14 5:25"
"12","aquaHub-660110","9001-52043","Male",1.5,2025-09-14,"2025-09-14 5:26"
"13","aquaHub-660110","9001-43283","Male",168,2025-09-14,"2025-09-14 5:26"
"14","aquaHub-660298","9001-52022","Male",1.6,2025-09-14,"2025-09-14 5:26"
"15","aquaHub-660298","9001-52022","Male",1.6,2025-09-14,"2025-09-14 5:29"
"16","aquaHub-660273","9001-16713","Female",2.1,2025-09-14,"2025-09-14 5:30"
"17","aquaHub-660298","9001-52022","Male",1.6,2025-09-14,"2025-09-14 5:32"
"18","aquaHub-660298","9001-52022","Male",1.6,2025-09-14,"2025-09-14 5:34"
"19","aquaHub-660298","9001-52022","Male",1.6,2025-09-14,"2025-09-14 5:36"
"20","aquaHub-660298","9001-52022","Male",1.6,2025-09-14,"2025-09-14 5:39"
"21","aquaHub-660110","9001-52043","Male",1.5,2025-09-14,"2025-09-14 5:39"
"22","aquaHub-660110","9001-52043","Male",1.5,2025-09-14,"2025-09-14 5:41"
"23","aquaHub-660110","9001-47193","Male",159,2025-09-14,"2025-09-14 5:45"
"24","aquaHub-660110","9001-52043","Male",1.5,2025-09-14,"2025-09-14 5:45"
"25","aquaHub-660110","9001-52043","Male",1.5,2025-09-14,"2025-09-14 5:47"
"26","aquaHub-660110","9001-47193","Male",159,2025-09-14,"2025-09-14 5:47"
"27","aquaHub-660110","9001-52043","Male",1.5,2025-09-14,"2025-09-14 5:49"
"28","aquaHub-660110","9001-52043","Male",1.5,2025-09-14,"2025-09-14 5:51"
"29","aquaHub-660110","9001-52043","Male",1.5,2025-09-14,"2025-09-14 5:52"
"30","aquaHub-660110","9001-52043","Male",1.5,2025-09-14,"2025-09-14 5:54"
"31","aquaHub-660110","9001-52043","Male",1.5,2025-09-14,"2025-09-14 5:56"
"32","aquaHub-660110","9001-52043","Male",1.5,2025-09-14,"2025-09-14 5:58"
"33","aquaHub-660110","9001-52043","Male",1.5,2025-09-14,"2025-09-14 6:00"
"34","aquaHub-660141","9001-16704","Unknown",2.1,2025-09-14,"2025-09-14 6:02"
"35","aquaHub-660298","9001-52022","Male",1.6,2025-09-14,"2025-09-14 6:11"
"36","aquaHub-660298","9001-52022","Male",1.6,2025-09-14,"2025-09-14 6:15"
"37","aquaHub-660110","9001-26747","Male",1.4,2025-09-14,"2025-09-14 6:22"
"38","aquaHub-660273","9001-52042","Male",150,2025-09-14,"2025-09-14 6:22"
"39","aquaHub-660273","9001-52038","Male",153,2025-09-14,"2025-09-14 6:24"
"40","aquaHub-660273","9001-52042","Male",150,2025-09-14,"2025-09-14 6:29"
"41","aquaHub-660110","9001-26747","Male",1.4,2025-09-14,"2025-09-14 6:29"
"42","aquaHub-660273","9001-52042","Male",150,2025-09-14,"2025-09-14 6:31"
"43","aquaHub-660273","9001-52038","Male",153,2025-09-14,"2025-09-14 6:33"
"44","aquaHub-660110","9001-16713","Female",2.1,2025-09-14,"2025-09-14 6:35"
"45","aquaHub-660273","9001-52038","Male",153,2025-09-14,"2025-09-14 6:35"
"46","aquaHub-660141","9001-16704","Unknown",2.1,2025-09-14,"2025-09-14 6:36"
"47","aquaHub-660273","9001-52038","Male",153,2025-09-14,"2025-09-14 6:36"
"48","aquaHub-660273","9001-52042","Male",150,2025-09-14,"2025-09-14 6:39"
"49","aquaHub-660143","9001-52036","Male",161,2025-09-14,"2025-09-14 6:39"
"50","aquaHub-660273","9001-43148","Male",162,2025-09-14,"2025-09-14 6:39"
"51","aquaHub-660273","9001-52038","Male",153,2025-09-14,"2025-09-14 6:42"
"52","aquaHub-660273","9001-43148","Male",162,2025-09-14,"2025-09-14 6:42"
"53","aquaHub-660273","9001-52042","Male",150,2025-09-14,"2025-09-14 6:43"
"54","aquaHub-660273","9001-52038","Male",153,2025-09-14,"2025-09-14 6:44"
"55","aquaHub-660273","9001-52042","Male",150,2025-09-14,"2025-09-14 6:44"
"56","aquaHub-660273","9001-52042","Male",150,2025-09-14,"2025-09-14 6:47"
"57","aquaHub-660273","9001-52038","Male",153,2025-09-14,"2025-09-14 6:48"
"58","aquaHub-660273","9001-52042","Male",150,2025-09-14,"2025-09-14 6:48"
"59","aquaHub-660143","9001-52036","Male",161,2025-09-14,"2025-09-14 6:49"
"60","aquaHub-660273","9001-52038","Male",153,2025-09-14,"2025-09-14 6:49"
"61","aquaHub-660298","9001-52022","Male",1.6,2025-09-14,"2025-09-14 6:50"
"62","aquaHub-660273","9001-43148","Male",162,2025-09-14,"2025-09-14 6:50"
"63","aquaHub-660273","9001-52042","Male",150,2025-09-14,"2025-09-14 6:51"
"64","aquaHub-660273","9001-52038","Male",153,2025-09-14,"2025-09-14 6:51"
"65","aquaHub-660273","9001-52042","Male",150,2025-09-14,"2025-09-14 6:52"
"66","aquaHub-660273","9001-43148","Male",162,2025-09-14,"2025-09-14 6:52"
"67","aquaHub-660273","9001-52042","Male",150,2025-09-14,"2025-09-14 6:53"
"68","aquaHub-660273","9001-43148","Male",162,2025-09-14,"2025-09-14 6:54"
"69","aquaHub-660273","9001-52042","Male",150,2025-09-14,"2025-09-14 6:55"
"70","aquaHub-660273","9001-52038","Male",153,2025-09-14,"2025-09-14 6:55"
"71","aquaHub-660273","9001-43148","Male",162,2025-09-14,"2025-09-14 6:57"
"72","aquaHub-660273","9001-52038","Male",153,2025-09-14,"2025-09-14 6:58"
"73","aquaHub-660273","9001-43148","Male",162,2025-09-14,"2025-09-14 6:59"
"74","aquaHub-660273","9001-52038","Male",153,2025-09-14,"2025-09-14 7:00"
"75","aquaHub-660273","9001-52042","Male",150,2025-09-14,"2025-09-14 7:00"
"76","aquaHub-660273","9001-52042","Male",150,2025-09-14,"2025-09-14 7:02"
"77","aquaHub-660273","9001-52038","Male",153,2025-09-14,"2025-09-14 7:02"
"78","aquaHub-660273","9001-43148","Male",162,2025-09-14,"2025-09-14 7:04"
"79","aquaHub-660273","9001-52042","Male",150,2025-09-14,"2025-09-14 7:05"
"80","aquaHub-660143","9001-52036","Male",161,2025-09-14,"2025-09-14 7:10"
"81","aquaHub-661034","9001-43287","Female",201,2025-09-14,"2025-09-14 7:11"
"82","aquaHub-660143","9001-52036","Male",161,2025-09-14,"2025-09-14 7:13"
"83","aquaHub-660273","9001-52038","Male",153,2025-09-14,"2025-09-14 7:13"
"84","aquaHub-660298","9001-52022","Male",1.6,2025-09-14,"2025-09-14 7:13"
"85","aquaHub-660273","9006-6277","Male",154,2025-09-14,"2025-09-14 7:14"
"86","aquaHub-660273","9001-52038","Male",153,2025-09-14,"2025-09-14 7:15"
"87","aquaHub-660273","9006-6277","Male",154,2025-09-14,"2025-09-14 7:15"
"88","aquaHub-660298","9001-52022","Male",1.6,2025-09-14,"2025-09-14 7:18"
"89","aquaHub-660273","9006-6277","Male",154,2025-09-14,"2025-09-14 7:18"
"90","aquaHub-660273","9001-52038","Male",153,2025-09-14,"2025-09-14 7:19"
"91","aquaHub-660298","9001-52022","Male",1.6,2025-09-14,"2025-09-14 7:20"
"92","aquaHub-660273","9001-52038","Male",153,2025-09-14,"2025-09-14 7:22"
"93","aquaHub-660298","9001-52022","Male",1.6,2025-09-14,"2025-09-14 7:22"
"94","aquaHub-660273","9001-52043","Male",1.5,2025-09-14,"2025-09-14 7:23"
"95","aquaHub-661034","9001-43287","Female",201,2025-09-14,"2025-09-14 7:25"
"96","aquaHub-660273","9001-26746","Male",1.4,2025-09-14,"2025-09-14 7:27"
"97","aquaHub-660273","9001-52043","Male",1.5,2025-09-14,"2025-09-14 7:27"
"98","aquaHub-660273","9001-52043","Male",1.5,2025-09-14,"2025-09-14 7:29"
"99","aquaHub-660298","9001-52022","Male",1.6,2025-09-14,"2025-09-14 7:30"
"100","aquaHub-660273","9001-52043","Male",1.5,2025-09-14,"2025-09-14 7:31"
"101","aquaHub-660273","9001-52043","Male",1.5,2025-09-14,"2025-09-14 7:34"
"102","aquaHub-660298","9001-52022","Male",1.6,2025-09-14,"2025-09-14 7:35"
"103","aquaHub-660298","9001-52022","Male",1.6,2025-09-14,"2025-09-14 7:39"
"104","aquaHub-660298","9001-52022","Male",1.6,2025-09-14,"2025-09-14 7:40"
"105","aquaHub-660298","9001-52022","Male",1.6,2025-09-14,"2025-09-14 7:42"
"106","aquaHub-660298","9001-52022","Male",1.6,2025-09-14,"2025-09-14 7:47"
"107","aquaHub-660298","9001-52031","Male",1.6,2025-09-14,"2025-09-14 7:47"
"108","aquaHub-660298","9001-52022","Male",1.6,2025-09-14,"2025-09-14 7:48"
"109","aquaHub-660298","9001-52022","Male",1.6,2025-09-14,"2025-09-14 7:52"
"110","aquaHub-660273","9001-52042","Male",150,2025-09-14,"2025-09-14 7:53"
"111","aquaHub-660298","9001-52022","Male",1.6,2025-09-14,"2025-09-14 7:56"
"112","aquaHub-660298","9001-52022","Male",1.6,2025-09-14,"2025-09-14 7:58"
"113","aquaHub-660273","9001-52042","Male",150,2025-09-14,"2025-09-14 7:59"
"114","aquaHub-660298","9001-52022","Male",1.6,2025-09-14,"2025-09-14 8:02"
"115","aquaHub-660143","9001-52036","Male",161,2025-09-14,"2025-09-14 8:04"
"116","aquaHub-660298","9001-52022","Male",1.6,2025-09-14,"2025-09-14 8:04"
"117","aquaHub-660143","9001-52036","Male",161,2025-09-14,"2025-09-14 8:06"
"118","aquaHub-660298","9001-52022","Male",1.6,2025-09-14,"2025-09-14 8:07"
"119","aquaHub-660298","9001-52022","Male",1.6,2025-09-14,"2025-09-14 8:09"
"120","aquaHub-660110","9001-43148","Male",162,2025-09-14,"2025-09-14 8:09"
"121","aquaHub-660298","9001-52022","Male",1.6,2025-09-14,"2025-09-14 8:11"
"122","aquaHub-660110","9001-43148","Male",162,2025-09-14,"2025-09-14 8:11"
"123","aquaHub-660110","9001-43148","Male",162,2025-09-14,"2025-09-14 8:13"
"124","aquaHub-660298","9001-52022","Male",1.6,2025-09-14,"2025-09-14 8:13"
"125","aquaHub-660143","9001-52036","Male",161,2025-09-14,"2025-09-14 8:14"
"126","aquaHub-660110","9001-43148","Male",162,2025-09-14,"2025-09-14 8:15"
"127","aquaHub-660298","9001-52022","Male",1.6,2025-09-14,"2025-09-14 8:15"
"128","aquaHub-660143","9001-52036","Male",161,2025-09-14,"2025-09-14 8:15"
"129","aquaHub-660143","9001-52036","Male",161,2025-09-14,"2025-09-14 8:17"
"130","aquaHub-660110","9001-43148","Male",162,2025-09-14,"2025-09-14 8:17"
"131","aquaHub-660298","9001-52022","Male",1.6,2025-09-14,"2025-09-14 8:18"
"132","aquaHub-660298","9001-52022","Male",1.6,2025-09-14,"2025-09-14 8:20"
"133","aquaHub-660143","9001-52036","Male",161,2025-09-14,"2025-09-14 8:21"
"134","aquaHub-660143","9001-52036","Male",161,2025-09-14,"2025-09-14 8:23"
"135","aquaHub-660143","9001-52036","Male",161,2025-09-14,"2025-09-14 8:25"
"136","aquaHub-660110","9001-43148","Male",162,2025-09-14,"2025-09-14 8:25"
"137","aquaHub-660110","9001-43148","Male",162,2025-09-14,"2025-09-14 8:27"
"138","aquaHub-660143","9001-52036","Male",161,2025-09-14,"2025-09-14 8:27"
"139","aquaHub-660110","9001-43148","Male",162,2025-09-14,"2025-09-14 8:29"
"140","aquaHub-660143","9001-52036","Male",161,2025-09-14,"2025-09-14 8:29"
"141","aquaHub-660143","9001-52036","Male",161,2025-09-14,"2025-09-14 8:31"
"142","aquaHub-660143","9001-52036","Male",161,2025-09-14,"2025-09-14 8:35"
"143","aquaHub-660143","9001-52036","Male",161,2025-09-14,"2025-09-14 8:39"
"144","aquaHub-660298","9001-52022","Male",1.6,2025-09-14,"2025-09-14 8:47"
"145","aquaHub-660143","9001-52036","Male",161,2025-09-14,"2025-09-14 8:48"
"146","aquaHub-660298","9001-52022","Male",1.6,2025-09-14,"2025-09-14 8:49"
"147","aquaHub-660298","9001-52022","Male",1.6,2025-09-14,"2025-09-14 8:51"
"148","aquaHub-660298","9001-52022","Male",1.6,2025-09-14,"2025-09-14 8:53"
"149","aquaHub-660298","9001-52022","Male",1.6,2025-09-14,"2025-09-14 8:55"
"150","aquaHub-660298","9001-52022","Male",1.6,2025-09-14,"2025-09-14 8:57"
"151","aquaHub-660298","9001-52022","Male",1.6,2025-09-14,"2025-09-14 9:01"
"152","aquaHub-660298","9001-52022","Male",1.6,2025-09-14,"2025-09-14 9:03"
"153","aquaHub-660298","9001-52022","Male",1.6,2025-09-14,"2025-09-14 9:08"
"154","aquaHub-660143","9001-52036","Male",161,2025-09-14,"2025-09-14 9:09"
"155","aquaHub-660298","9001-52022","Male",1.6,2025-09-14,"2025-09-14 9:10"
"156","aquaHub-660298","9001-52022","Male",1.6,2025-09-14,"2025-09-14 9:12"
"157","aquaHub-660298","9001-52031","Male",1.6,2025-09-14,"2025-09-14 9:13"
"158","aquaHub-660110","9001-43288","Male",167,2025-09-14,"2025-09-14 9:16"
"159","aquaHub-660298","9001-52031","Male",1.6,2025-09-14,"2025-09-14 9:18"
"160","aquaHub-660110","9001-43288","Male",167,2025-09-14,"2025-09-14 9:19"
"161","aquaHub-660298","9001-52031","Male",1.6,2025-09-14,"2025-09-14 9:21"
"162","aquaHub-660110","9001-43148","Male",162,2025-09-14,"2025-09-14 9:21"
"163","aquaHub-660298","9001-52022","Male",1.6,2025-09-14,"2025-09-14 9:22"
"164","aquaHub-660143","9001-52036","Male",161,2025-09-14,"2025-09-14 9:23"
"165","aquaHub-660110","9001-43148","Male",162,2025-09-14,"2025-09-14 9:23"
"166","aquaHub-660298","9001-52022","Male",1.6,2025-09-14,"2025-09-14 9:24"
"167","aquaHub-660298","9001-52022","Male",1.6,2025-09-14,"2025-09-14 9:26"
"168","aquaHub-660110","9001-43288","Male",167,2025-09-14,"2025-09-14 9:26"
"169","aquaHub-660298","9001-52022","Male",1.6,2025-09-14,"2025-09-14 9:28"
"170","aquaHub-660298","9001-52031","Male",1.6,2025-09-14,"2025-09-14 9:28"
"171","aquaHub-660298","9001-52022","Male",1.6,2025-09-14,"2025-09-14 9:29"
"172","aquaHub-660298","9001-52022","Male",1.6,2025-09-14,"2025-09-14 9:31"
"173","aquaHub-660298","9001-52031","Male",1.6,2025-09-14,"2025-09-14 9:32"
"174","aquaHub-660298","9001-52022","Male",1.6,2025-09-14,"2025-09-14 9:33"
"175","aquaHub-660298","9001-52031","Male",1.6,2025-09-14,"2025-09-14 9:34"
"176","aquaHub-660110","9001-43148","Male",162,2025-09-14,"2025-09-14 9:34"
"177","aquaHub-660298","9001-52022","Male",1.6,2025-09-14,"2025-09-14 9:35"
"178","aquaHub-660110","9001-43288","Male",167,2025-09-14,"2025-09-14 9:35"
"179","aquaHub-660143","9001-52036","Male",161,2025-09-14,"2025-09-14 9:36"
"180","aquaHub-660110","9001-43148","Male",162,2025-09-14,"2025-09-14 9:37"
"181","aquaHub-661034","9001-43287","Female",201,2025-09-14,"2025-09-14 9:37"
"182","aquaHub-660298","9001-52031","Male",1.6,2025-09-14,"2025-09-14 9:39"
"183","aquaHub-660110","9001-43148","Male",162,2025-09-14,"2025-09-14 9:39"
"184","aquaHub-660110","9001-43288","Male",167,2025-09-14,"2025-09-14 9:40"
"185","aquaHub-660110","9001-43288","Male",167,2025-09-14,"2025-09-14 9:41"
"186","aquaHub-660110","9001-43148","Male",162,2025-09-14,"2025-09-14 9:42"
"187","aquaHub-660110","9001-43288","Male",167,2025-09-14,"2025-09-14 9:43"
"188","aquaHub-660298","9001-52022","Male",1.6,2025-09-14,"2025-09-14 9:44"
"189","aquaHub-660298","9001-52031","Male",1.6,2025-09-14,"2025-09-14 9:44"
"190","aquaHub-660110","9001-43148","Male",162,2025-09-14,"2025-09-14 9:45"
"191","aquaHub-660110","9001-43288","Male",167,2025-09-14,"2025-09-14 9:45"
"192","aquaHub-660298","9001-52022","Male",1.6,2025-09-14,"2025-09-14 9:45"
"193","aquaHub-660298","9001-52031","Male",1.6,2025-09-14,"2025-09-14 9:46"
"194","aquaHub-660110","9001-43288","Male",167,2025-09-14,"2025-09-14 9:49"
"195","aquaHub-660110","9001-43148","Male",162,2025-09-14,"2025-09-14 9:49"
"196","aquaHub-660298","9001-52022","Male",1.6,2025-09-14,"2025-09-14 9:50"
"197","aquaHub-660110","9001-43288","Male",167,2025-09-14,"2025-09-14 9:51"
"198","aquaHub-660110","9001-43148","Male",162,2025-09-14,"2025-09-14 9:52"
"199","aquaHub-660298","9001-52022","Male",1.6,2025-09-14,"2025-09-14 9:52"
"200","aquaHub-660110","9001-43288","Male",167,2025-09-14,"2025-09-14 9:54"
"201","aquaHub-660298","9001-52022","Male",1.6,2025-09-14,"2025-09-14 9:55"
"202","aquaHub-660298","9001-52031","Male",1.6,2025-09-14,"2025-09-14 9:55"
"203","aquaHub-660110","9001-43288","Male",167,2025-09-14,"2025-09-14 9:56"
"204","aquaHub-660110","9001-43148","Male",162,2025-09-14,"2025-09-14 9:56"
"205","aquaHub-660298","9001-52022","Male",1.6,2025-09-14,"2025-09-14 9:57"
"206","aquaHub-660273","9001-43149","Male",165,2025-09-14,"2025-09-14 9:57"
"207","aquaHub-661034","9001-43287","Female",201,2025-09-14,"2025-09-14 9:59"
"208","aquaHub-660273","9001-43149","Male",165,2025-09-14,"2025-09-14 9:59"
"209","aquaHub-660298","9001-52022","Male",1.6,2025-09-14,"2025-09-14 10:01"
"210","aquaHub-660273","9001-43149","Male",165,2025-09-14,"2025-09-14 10:01"
"211","aquaHub-660110","9001-43148","Male",162,2025-09-14,"2025-09-14 10:02"
"212","aquaHub-660298","9001-52031","Male",1.6,2025-09-14,"2025-09-14 10:02"
"213","aquaHub-660273","9001-43149","Male",165,2025-09-14,"2025-09-14 10:02"
"214","aquaHub-660110","9001-43148","Male",162,2025-09-14,"2025-09-14 10:04"
"215","aquaHub-660298","9001-52031","Male",1.6,2025-09-14,"2025-09-14 10:04"
"216","aquaHub-661034","9001-43287","Female",201,2025-09-14,"2025-09-14 10:05"
"217","aquaHub-660298","9001-52031","Male",1.6,2025-09-14,"2025-09-14 10:06"
"218","aquaHub-660298","9001-52022","Male",1.6,2025-09-14,"2025-09-14 10:07"
"219","aquaHub-660110","9001-43148","Male",162,2025-09-14,"2025-09-14 10:09"
"220","aquaHub-660298","9001-52031","Male",1.6,2025-09-14,"2025-09-14 10:10"
"221","aquaHub-660273","9001-43149","Male",165,2025-09-14,"2025-09-14 10:11"
"222","aquaHub-660298","9001-52022","Male",1.6,2025-09-14,"2025-09-14 10:11"
"223","aquaHub-660298","9001-52031","Male",1.6,2025-09-14,"2025-09-14 10:12"
"224","aquaHub-660298","9001-52031","Male",1.6,2025-09-14,"2025-09-14 10:14"
"225","aquaHub-660298","9001-52022","Male",1.6,2025-09-14,"2025-09-14 10:15"
"226","aquaHub-660110","9001-43288","Male",167,2025-09-14,"2025-09-14 10:16"
"227","aquaHub-660298","9001-52031","Male",1.6,2025-09-14,"2025-09-14 10:18"
"228","aquaHub-660298","9001-52031","Male",1.6,2025-09-14,"2025-09-14 10:20"
"229","aquaHub-660110","9001-43148","Male",162,2025-09-14,"2025-09-14 10:20"
"230","aquaHub-660298","9001-52022","Male",1.6,2025-09-14,"2025-09-14 10:22"
"231","aquaHub-660298","9001-52031","Male",1.6,2025-09-14,"2025-09-14 10:23"
"232","aquaHub-660298","9001-52031","Male",1.6,2025-09-14,"2025-09-14 10:25"
"233","aquaHub-660298","9001-52022","Male",1.6,2025-09-14,"2025-09-14 10:27"
"234","aquaHub-660298","9001-52031","Male",1.6,2025-09-14,"2025-09-14 10:30"
"235","aquaHub-660298","9001-52022","Male",1.6,2025-09-14,"2025-09-14 10:34"
"236","aquaHub-660298","9001-52031","Male",1.6,2025-09-14,"2025-09-14 10:35"
"237","aquaHub-660298","9001-52031","Male",1.6,2025-09-14,"2025-09-14 10:36"
"238","aquaHub-660298","9001-52031","Male",1.6,2025-09-14,"2025-09-14 10:38"
"239","aquaHub-660298","9001-52022","Male",1.6,2025-09-14,"2025-09-14 10:38"
"240","aquaHub-660298","9001-52022","Male",1.6,2025-09-14,"2025-09-14 10:40"
"241","aquaHub-660298","9001-52031","Male",1.6,2025-09-14,"2025-09-14 10:42"
"242","aquaHub-660298","9001-52031","Male",1.6,2025-09-14,"2025-09-14 10:43"
"243","aquaHub-660298","9001-52022","Male",1.6,2025-09-14,"2025-09-14 10:44"
"244","aquaHub-660298","9001-52031","Male",1.6,2025-09-14,"2025-09-14 10:46"
"245","aquaHub-660298","9001-52022","Male",1.6,2025-09-14,"2025-09-14 10:53"
"246","aquaHub-660298","9001-52031","Male",1.6,2025-09-14,"2025-09-14 10:53"
"247","aquaHub-660298","9001-52022","Male",1.6,2025-09-14,"2025-09-14 10:55"
"248","aquaHub-660298","9001-52031","Male",1.6,2025-09-14,"2025-09-14 10:55"
"249","aquaHub-660298","9001-52022","Male",1.6,2025-09-14,"2025-09-14 10:57"
"250","aquaHub-660298","9001-52031","Male",1.6,2025-09-14,"2025-09-14 10:57"
"251","aquaHub-660298","9001-52022","Male",1.6,2025-09-14,"2025-09-14 10:58"
"252","aquaHub-660298","9001-52031","Male",1.6,2025-09-14,"2025-09-14 11:00"
"253","aquaHub-660298","9001-52022","Male",1.6,2025-09-14,"2025-09-14 11:00"
"254","aquaHub-660298","9001-52031","Male",1.6,2025-09-14,"2025-09-14 11:01"
"255","aquaHub-660298","9001-52022","Male",1.6,2025-09-14,"2025-09-14 11:02"
"256","aquaHub-660298","9001-52031","Male",1.6,2025-09-14,"2025-09-14 11:03"
"257","aquaHub-660298","9001-52031","Male",1.6,2025-09-14,"2025-09-14 11:05"
"258","aquaHub-660298","9001-52022","Male",1.6,2025-09-14,"2025-09-14 11:10"
"259","aquaHub-660298","9001-52031","Male",1.6,2025-09-14,"2025-09-14 11:12"
"260","aquaHub-660110","9001-43149","Male",165,2025-09-14,"2025-09-14 11:13"
"261","aquaHub-660298","9001-52031","Male",1.6,2025-09-14,"2025-09-14 11:13"
"262","aquaHub-660298","9001-52031","Male",1.6,2025-09-14,"2025-09-14 11:15"
"263","aquaHub-660298","9001-52031","Male",1.6,2025-09-14,"2025-09-14 11:17"
"264","aquaHub-660110","9001-43149","Male",165,2025-09-14,"2025-09-14 11:17"
"265","aquaHub-660298","9001-52031","Male",1.6,2025-09-14,"2025-09-14 11:18"
"266","aquaHub-660110","9001-43149","Male",165,2025-09-14,"2025-09-14 11:19"
"267","aquaHub-660143","9001-52036","Male",161,2025-09-14,"2025-09-14 11:21"
"268","aquaHub-660298","9001-52031","Male",1.6,2025-09-14,"2025-09-14 11:21"
"269","aquaHub-660110","9001-43149","Male",165,2025-09-14,"2025-09-14 11:21"
"270","aquaHub-660298","9001-52031","Male",1.6,2025-09-14,"2025-09-14 11:23"
"271","aquaHub-660110","9001-43149","Male",165,2025-09-14,"2025-09-14 11:24"
"272","aquaHub-660298","9001-52031","Male",1.6,2025-09-14,"2025-09-14 11:25"
"273","aquaHub-660110","9001-43149","Male",165,2025-09-14,"2025-09-14 11:27"
"274","aquaHub-660298","9001-52031","Male",1.6,2025-09-14,"2025-09-14 11:27"
"275","aquaHub-660110","9001-43149","Male",165,2025-09-14,"2025-09-14 11:28"
"276","aquaHub-660298","9001-52031","Male",1.6,2025-09-14,"2025-09-14 11:29"
"277","aquaHub-660110","9001-43149","Male",165,2025-09-14,"2025-09-14 11:30"
"278","aquaHub-660298","9001-52031","Male",1.6,2025-09-14,"2025-09-14 11:31"
"279","aquaHub-660110","9001-43149","Male",165,2025-09-14,"2025-09-14 11:32"
"280","aquaHub-660110","9001-43149","Male",165,2025-09-14,"2025-09-14 11:33"
"281","aquaHub-660110","9001-43149","Male",165,2025-09-14,"2025-09-14 11:35"
"282","aquaHub-660298","9001-52031","Male",1.6,2025-09-14,"2025-09-14 11:36"
"283","aquaHub-660110","9001-43149","Male",165,2025-09-14,"2025-09-14 11:38"
"284","aquaHub-660298","9001-52031","Male",1.6,2025-09-14,"2025-09-14 11:38"
"285","aquaHub-660110","9001-43149","Male",165,2025-09-14,"2025-09-14 11:40"
"286","aquaHub-660298","9001-52031","Male",1.6,2025-09-14,"2025-09-14 11:41"
"287","aquaHub-660110","9001-43149","Male",165,2025-09-14,"2025-09-14 11:42"
"288","aquaHub-660298","9001-52031","Male",1.6,2025-09-14,"2025-09-14 11:43"
"289","aquaHub-660298","9001-52031","Male",1.6,2025-09-14,"2025-09-14 11:47"
"290","aquaHub-660298","9001-52031","Male",1.6,2025-09-14,"2025-09-14 11:49"
"291","aquaHub-660298","9001-52022","Male",1.6,2025-09-14,"2025-09-14 11:52"
"292","aquaHub-660298","9001-52031","Male",1.6,2025-09-14,"2025-09-14 11:52"
"293","aquaHub-660298","9001-52022","Male",1.6,2025-09-14,"2025-09-14 11:54"
"294","aquaHub-660298","9001-52031","Male",1.6,2025-09-14,"2025-09-14 11:54"
"295","aquaHub-660298","9001-52031","Male",1.6,2025-09-14,"2025-09-14 11:57"
"296","aquaHub-660298","9001-52031","Male",1.6,2025-09-14,"2025-09-14 11:58"
"297","aquaHub-660298","9001-52022","Male",1.6,2025-09-14,"2025-09-14 12:02"
"298","aquaHub-660298","9001-52031","Male",1.6,2025-09-14,"2025-09-14 12:03"
"299","aquaHub-660298","9001-52022","Male",1.6,2025-09-14,"2025-09-14 12:04"
"300","aquaHub-660298","9001-52031","Male",1.6,2025-09-14,"2025-09-14 12:06"
"301","aquaHub-660298","9001-52022","Male",1.6,2025-09-14,"2025-09-14 12:07"
"302","aquaHub-660298","9001-52031","Male",1.6,2025-09-14,"2025-09-14 12:09"
"303","aquaHub-660298","9001-52031","Male",1.6,2025-09-14,"2025-09-14 12:11"
"304","aquaHub-660141","9001-52029","Male",1.5,2025-09-14,"2025-09-14 12:14"
"305","aquaHub-660273","9001-26756","Male",1.6,2025-09-14,"2025-09-14 12:21"
"306","aquaHub-660273","9001-26756","Male",1.6,2025-09-14,"2025-09-14 12:23"
"307","aquaHub-660298","9001-52031","Male",1.6,2025-09-14,"2025-09-14 12:24"
"308","aquaHub-660273","9001-26756","Male",1.6,2025-09-14,"2025-09-14 12:25"
"309","aquaHub-660298","9001-52031","Male",1.6,2025-09-14,"2025-09-14 12:26"
"310","aquaHub-661033","9001-64489","Female",2.1,2025-09-14,"2025-09-14 12:27"
"311","aquaHub-660273","9001-26756","Male",1.6,2025-09-14,"2025-09-14 12:27"
"312","aquaHub-660298","9001-52031","Male",1.6,2025-09-14,"2025-09-14 12:29"
"313","aquaHub-660298","9001-52031","Male",1.6,2025-09-14,"2025-09-14 12:31"
"314","aquaHub-660298","9001-52031","Male",1.6,2025-09-14,"2025-09-14 12:34"
"315","aquaHub-660298","9001-52031","Male",1.6,2025-09-14,"2025-09-14 12:35"
"316","aquaHub-660273","9001-26756","Male",1.6,2025-09-14,"2025-09-14 12:37"
"317","aquaHub-660273","9001-26756","Male",1.6,2025-09-14,"2025-09-14 12:40"
"318","aquaHub-660298","9001-52031","Male",1.6,2025-09-14,"2025-09-14 12:41"
"319","aquaHub-660298","9001-52031","Male",1.6,2025-09-14,"2025-09-14 12:44"
"320","aquaHub-660298","9001-52031","Male",1.6,2025-09-14,"2025-09-14 12:46"
"321","aquaHub-660298","9001-52031","Male",1.6,2025-09-14,"2025-09-14 12:48"
"322","aquaHub-660298","9001-52031","Male",1.6,2025-09-14,"2025-09-14 12:51"
"323","aquaHub-660298","9001-52031","Male",1.6,2025-09-14,"2025-09-14 12:53"
"324","aquaHub-660141","9001-52029","Male",1.5,2025-09-14,"2025-09-14 12:54"
"325","aquaHub-660298","9001-52031","Male",1.6,2025-09-14,"2025-09-14 12:55"
"326","aquaHub-660298","9001-52031","Male",1.6,2025-09-14,"2025-09-14 12:58"
"327","aquaHub-660141","9001-52029","Male",1.5,2025-09-14,"2025-09-14 13:01"
"328","aquaHub-661034","9001-43287","Female",201,2025-09-14,"2025-09-14 13:02"
"329","aquaHub-660298","9001-52031","Male",1.6,2025-09-14,"2025-09-14 13:02"
"330","aquaHub-660141","9001-52029","Male",1.5,2025-09-14,"2025-09-14 13:03"
"331","aquaHub-660141","9001-52029","Male",1.5,2025-09-14,"2025-09-14 13:05"
"332","aquaHub-660141","9001-52029","Male",1.5,2025-09-14,"2025-09-14 13:10"
"333","aquaHub-660141","9001-52029","Male",1.5,2025-09-14,"2025-09-14 13:12"
"334","aquaHub-660141","9001-52029","Male",1.5,2025-09-14,"2025-09-14 13:16"
"335","aquaHub-660298","9001-52031","Male",1.6,2025-09-14,"2025-09-14 13:16"
"336","aquaHub-660141","9001-52029","Male",1.5,2025-09-14,"2025-09-14 13:17"
"337","aquaHub-660298","9001-52031","Male",1.6,2025-09-14,"2025-09-14 13:18"
"338","aquaHub-660141","9001-52029","Male",1.5,2025-09-14,"2025-09-14 13:19"
"339","aquaHub-660298","9001-52031","Male",1.6,2025-09-14,"2025-09-14 13:21"
"340","aquaHub-660141","9001-52029","Male",1.5,2025-09-14,"2025-09-14 13:21"
"341","aquaHub-660298","9001-52031","Male",1.6,2025-09-14,"2025-09-14 13:22"
"342","aquaHub-660298","9001-52031","Male",1.6,2025-09-14,"2025-09-14 13:25"
"343","aquaHub-660141","9001-52029","Male",1.5,2025-09-14,"2025-09-14 13:26"
"344","aquaHub-660298","9001-52031","Male",1.6,2025-09-14,"2025-09-14 13:26"
"345","aquaHub-660298","9001-52031","Male",1.6,2025-09-14,"2025-09-14 13:30"
"346","aquaHub-660298","9001-52031","Male",1.6,2025-09-14,"2025-09-14 13:32"
"347","aquaHub-660298","9001-52031","Male",1.6,2025-09-14,"2025-09-14 13:34"
"348","aquaHub-660298","9001-52022","Male",1.6,2025-09-14,"2025-09-14 13:34"
"349","aquaHub-660141","9001-52029","Male",1.5,2025-09-14,"2025-09-14 13:35"
"350","aquaHub-660298","9001-52022","Male",1.6,2025-09-14,"2025-09-14 13:35"
"351","aquaHub-660298","9001-52031","Male",1.6,2025-09-14,"2025-09-14 13:36"
"352","aquaHub-660298","9001-52031","Male",1.6,2025-09-14,"2025-09-14 13:38"
"353","aquaHub-660298","9001-52022","Male",1.6,2025-09-14,"2025-09-14 13:40"
"354","aquaHub-660141","9001-52029","Male",1.5,2025-09-14,"2025-09-14 13:40"
"355","aquaHub-660298","9001-52031","Male",1.6,2025-09-14,"2025-09-14 13:41"
"356","aquaHub-660298","9001-52022","Male",1.6,2025-09-14,"2025-09-14 13:42"
"357","aquaHub-660298","9001-52031","Male",1.6,2025-09-14,"2025-09-14 13:43"
"358","aquaHub-660298","9001-52022","Male",1.6,2025-09-14,"2025-09-14 13:44"
"359","aquaHub-660298","9001-52031","Male",1.6,2025-09-14,"2025-09-14 13:46"
"360","aquaHub-660141","9001-52029","Male",1.5,2025-09-14,"2025-09-14 13:46"
"361","aquaHub-660298","9001-52022","Male",1.6,2025-09-14,"2025-09-14 13:47"
"362","aquaHub-660298","9001-52031","Male",1.6,2025-09-14,"2025-09-14 13:47"
"363","aquaHub-660141","9001-52029","Male",1.5,2025-09-14,"2025-09-14 13:48"
"364","aquaHub-660298","9001-52031","Male",1.6,2025-09-14,"2025-09-14 13:49"
"365","aquaHub-660298","9001-52022","Male",1.6,2025-09-14,"2025-09-14 13:50"
"366","aquaHub-660141","9001-52029","Male",1.5,2025-09-14,"2025-09-14 13:51"
"367","aquaHub-660298","9001-52031","Male",1.6,2025-09-14,"2025-09-14 13:52"
"368","aquaHub-660141","9001-52029","Male",1.5,2025-09-14,"2025-09-14 13:53"
"369","aquaHub-660298","9001-52031","Male",1.6,2025-09-14,"2025-09-14 13:55"
"370","aquaHub-660141","9001-52029","Male",1.5,2025-09-14,"2025-09-14 13:55"
"371","aquaHub-660141","9001-52029","Male",1.5,2025-09-14,"2025-09-14 13:56"
"372","aquaHub-660298","9001-52022","Male",1.6,2025-09-14,"2025-09-14 13:58"
"373","aquaHub-660141","9001-52029","Male",1.5,2025-09-14,"2025-09-14 13:59"
"374","aquaHub-660298","9001-52031","Male",1.6,2025-09-14,"2025-09-14 13:59"
"375","aquaHub-660141","9001-52029","Male",1.5,2025-09-14,"2025-09-14 14:01"
"376","aquaHub-660141","9001-52029","Male",1.5,2025-09-14,"2025-09-14 14:03"
"377","aquaHub-660298","9001-52031","Male",1.6,2025-09-14,"2025-09-14 14:03"
"378","aquaHub-660141","9001-52029","Male",1.5,2025-09-14,"2025-09-14 14:07"
"379","aquaHub-660141","9001-52029","Male",1.5,2025-09-14,"2025-09-14 14:09"
"380","aquaHub-660298","9001-52031","Male",1.6,2025-09-14,"2025-09-14 14:11"
"381","aquaHub-660141","9001-52029","Male",1.5,2025-09-14,"2025-09-14 14:12"
"382","aquaHub-660298","9001-52031","Male",1.6,2025-09-14,"2025-09-14 14:14"
"383","aquaHub-660141","9001-52029","Male",1.5,2025-09-14,"2025-09-14 14:17"
"384","aquaHub-660298","9001-52031","Male",1.6,2025-09-14,"2025-09-14 14:19"
"385","aquaHub-660141","9001-52029","Male",1.5,2025-09-14,"2025-09-14 14:19"
"386","aquaHub-660298","9001-52031","Male",1.6,2025-09-14,"2025-09-14 14:21"
"387","aquaHub-660141","9001-52029","Male",1.5,2025-09-14,"2025-09-14 14:21"
"388","aquaHub-660141","9001-52029","Male",1.5,2025-09-14,"2025-09-14 14:22"
"389","aquaHub-660298","9001-52031","Male",1.6,2025-09-14,"2025-09-14 14:25"
"390","aquaHub-660298","9001-16713","Female",2.1,2025-09-14,"2025-09-14 14:27"
"391","aquaHub-660298","9001-52031","Male",1.6,2025-09-14,"2025-09-14 14:28"
"392","aquaHub-660298","9001-52031","Male",1.6,2025-09-14,"2025-09-14 14:30"
"393","aquaHub-660141","9001-52029","Male",1.5,2025-09-14,"2025-09-14 14:30"
"394","aquaHub-660298","9001-16713","Female",2.1,2025-09-14,"2025-09-14 14:32"
"395","aquaHub-660298","9001-52031","Male",1.6,2025-09-14,"2025-09-14 14:32"
"396","aquaHub-660298","9001-52031","Male",1.6,2025-09-14,"2025-09-14 14:34"
"397","aquaHub-660298","9001-52031","Male",1.6,2025-09-14,"2025-09-14 14:37"
"398","aquaHub-660298","9001-52031","Male",1.6,2025-09-14,"2025-09-14 14:39"
"399","aquaHub-660143","9001-52036","Male",161,2025-09-14,"2025-09-14 14:39"
"400","aquaHub-660298","9001-43149","Male",165,2025-09-14,"2025-09-14 14:40"
"401","aquaHub-660143","9001-52036","Male",161,2025-09-14,"2025-09-14 14:41"
"402","aquaHub-660298","9001-16713","Female",2.1,2025-09-14,"2025-09-14 14:41"
"403","aquaHub-660141","9001-52029","Male",1.5,2025-09-14,"2025-09-14 14:42"
"404","aquaHub-660298","9001-43149","Male",165,2025-09-14,"2025-09-14 14:43"
"405","aquaHub-660143","9001-52036","Male",161,2025-09-14,"2025-09-14 14:43"
"406","aquaHub-660298","9001-43149","Male",165,2025-09-14,"2025-09-14 14:45"
"407","aquaHub-660298","9001-52031","Male",1.6,2025-09-14,"2025-09-14 14:46"
"408","aquaHub-660141","9001-52029","Male",1.5,2025-09-14,"2025-09-14 14:46"
"409","aquaHub-660298","9001-43149","Male",165,2025-09-14,"2025-09-14 14:48"
"410","aquaHub-660141","9001-52029","Male",1.5,2025-09-14,"2025-09-14 14:48"
"411","aquaHub-660298","9001-52031","Male",1.6,2025-09-14,"2025-09-14 14:48"
"412","aquaHub-660298","9001-43149","Male",165,2025-09-14,"2025-09-14 14:50"
"413","aquaHub-660141","9001-52029","Male",1.5,2025-09-14,"2025-09-14 14:51"
"414","aquaHub-660298","9001-43149","Male",165,2025-09-14,"2025-09-14 14:51"
"415","aquaHub-660141","9001-52029","Male",1.5,2025-09-14,"2025-09-14 14:55"
"416","aquaHub-660141","9001-52029","Male",1.5,2025-09-14,"2025-09-14 14:57"
"417","aquaHub-660141","9001-52029","Male",1.5,2025-09-14,"2025-09-14 14:58"
"418","aquaHub-660141","9001-52029","Male",1.5,2025-09-14,"2025-09-14 15:00"
"419","aquaHub-660298","9001-52031","Male",1.6,2025-09-14,"2025-09-14 15:00"
"420","aquaHub-660110","9001-26756","Male",1.6,2025-09-14,"2025-09-14 15:00"
"421","aquaHub-660298","9001-43149","Male",165,2025-09-14,"2025-09-14 15:00"
"422","aquaHub-660298","9001-43149","Male",165,2025-09-14,"2025-09-14 15:03"
"423","aquaHub-660298","9001-52031","Male",1.6,2025-09-14,"2025-09-14 15:04"
"424","aquaHub-660110","9001-26756","Male",1.6,2025-09-14,"2025-09-14 15:05"
"425","aquaHub-660298","9001-43149","Male",165,2025-09-14,"2025-09-14 15:05"
"426","aquaHub-660298","9001-52031","Male",1.6,2025-09-14,"2025-09-14 15:05"
"427","aquaHub-660110","9001-26756","Male",1.6,2025-09-14,"2025-09-14 15:07"
"428","aquaHub-660141","9001-52029","Male",1.5,2025-09-14,"2025-09-14 15:07"
"429","aquaHub-660298","9001-43149","Male",165,2025-09-14,"2025-09-14 15:09"
"430","aquaHub-660298","9001-52031","Male",1.6,2025-09-14,"2025-09-14 15:09"
"431","aquaHub-660141","9001-52029","Male",1.5,2025-09-14,"2025-09-14 15:10"
"432","aquaHub-660110","9001-26756","Male",1.6,2025-09-14,"2025-09-14 15:10"
"433","aquaHub-660298","9001-43149","Male",165,2025-09-14,"2025-09-14 15:11"
"434","aquaHub-660141","9001-52029","Male",1.5,2025-09-14,"2025-09-14 15:12"
"435","aquaHub-660298","9001-43149","Male",165,2025-09-14,"2025-09-14 15:13"
"436","aquaHub-660298","9001-52031","Male",1.6,2025-09-14,"2025-09-14 15:14"
"437","aquaHub-660141","9001-52029","Male",1.5,2025-09-14,"2025-09-14 15:14"
"438","aquaHub-660298","9001-52031","Male",1.6,2025-09-14,"2025-09-14 15:16"
"439","aquaHub-660298","9001-43149","Male",165,2025-09-14,"2025-09-14 15:18"
"440","aquaHub-660298","9001-52031","Male",1.6,2025-09-14,"2025-09-14 15:18"
"441","aquaHub-660141","9001-52029","Male",1.5,2025-09-14,"2025-09-14 15:19"
"442","aquaHub-660298","9001-43149","Male",165,2025-09-14,"2025-09-14 15:20"
"443","aquaHub-660298","9001-52031","Male",1.6,2025-09-14,"2025-09-14 15:21"
"444","aquaHub-660298","9001-43149","Male",165,2025-09-14,"2025-09-14 15:23"
"445","aquaHub-660298","9001-43149","Male",165,2025-09-14,"2025-09-14 15:24"
"446","aquaHub-660298","9001-52031","Male",1.6,2025-09-14,"2025-09-14 15:25"
"447","aquaHub-660298","9001-43149","Male",165,2025-09-14,"2025-09-14 15:27"
"448","aquaHub-660298","9001-52031","Male",1.6,2025-09-14,"2025-09-14 15:27"
"449","aquaHub-660298","9001-52031","Male",1.6,2025-09-14,"2025-09-14 15:29"
"450","aquaHub-660298","9001-52031","Male",1.6,2025-09-14,"2025-09-14 15:31"
"451","aquaHub-660298","9001-43149","Male",165,2025-09-14,"2025-09-14 15:32"
"452","aquaHub-660298","9001-52031","Male",1.6,2025-09-14,"2025-09-14 15:34"
"453","aquaHub-660298","9001-52031","Male",1.6,2025-09-14,"2025-09-14 15:36"
"454","aquaHub-660141","9001-52029","Male",1.5,2025-09-14,"2025-09-14 15:38"
"455","aquaHub-660141","9001-52029","Male",1.5,2025-09-14,"2025-09-14 15:40"
"456","aquaHub-660298","9001-52031","Male",1.6,2025-09-14,"2025-09-14 15:41"
"457","aquaHub-660298","9001-52031","Male",1.6,2025-09-14,"2025-09-14 15:43"
"458","aquaHub-660141","9001-52029","Male",1.5,2025-09-14,"2025-09-14 15:45"
"459","aquaHub-660298","9001-52031","Male",1.6,2025-09-14,"2025-09-14 15:45"
"460","aquaHub-660298","9001-52031","Male",1.6,2025-09-14,"2025-09-14 15:49"
"461","aquaHub-660141","9001-52029","Male",1.5,2025-09-14,"2025-09-14 15:50"
"462","aquaHub-660298","9001-52031","Male",1.6,2025-09-14,"2025-09-14 15:51"
"463","aquaHub-660141","9001-52029","Male",1.5,2025-09-14,"2025-09-14 15:52"
"464","aquaHub-660298","9001-52031","Male",1.6,2025-09-14,"2025-09-14 15:53"
"465","aquaHub-660141","9001-52029","Male",1.5,2025-09-14,"2025-09-14 15:53"
"466","aquaHub-660298","9001-52031","Male",1.6,2025-09-14,"2025-09-14 15:55"
"467","aquaHub-660141","9001-52029","Male",1.5,2025-09-14,"2025-09-14 15:55"
"468","aquaHub-660298","9001-52031","Male",1.6,2025-09-14,"2025-09-14 15:57"
"469","aquaHub-660141","9001-52029","Male",1.5,2025-09-14,"2025-09-14 15:58"
"470","aquaHub-660298","9001-52031","Male",1.6,2025-09-14,"2025-09-14 15:59"
"471","aquaHub-660143","9001-52036","Male",161,2025-09-14,"2025-09-14 16:01"
"472","aquaHub-660141","9001-52029","Male",1.5,2025-09-14,"2025-09-14 16:09"
"473","aquaHub-661034","9001-64489","Female",2.1,2025-09-14,"2025-09-14 16:15"
"474","aquaHub-661034","9001-64489","Female",2.1,2025-09-14,"2025-09-14 16:18"
"475","aquaHub-661034","9001-64489","Female",2.1,2025-09-14,"2025-09-14 16:20"
"476","aquaHub-660143","9001-52036","Male",161,2025-09-14,"2025-09-14 16:22"
"477","aquaHub-660298","9001-52031","Male",1.6,2025-09-14,"2025-09-14 16:23"
"478","aquaHub-661034","9001-64489","Female",2.1,2025-09-14,"2025-09-14 16:23"
"479","aquaHub-660298","9001-52031","Male",1.6,2025-09-14,"2025-09-14 16:24"
"480","aquaHub-661034","9001-64489","Female",2.1,2025-09-14,"2025-09-14 16:26"
"481","aquaHub-660298","9001-52031","Male",1.6,2025-09-14,"2025-09-14 16:26"
"482","aquaHub-661034","9001-64489","Female",2.1,2025-09-14,"2025-09-14 16:28"
"483","aquaHub-660298","9001-52031","Male",1.6,2025-09-14,"2025-09-14 16:29"
"484","aquaHub-661034","9001-64489","Female",2.1,2025-09-14,"2025-09-14 16:29"
"485","aquaHub-661034","9001-64489","Female",2.1,2025-09-14,"2025-09-14 16:31"
"486","aquaHub-660298","9001-52031","Male",1.6,2025-09-14,"2025-09-14 16:31"
"487","aquaHub-661034","9001-64489","Female",2.1,2025-09-14,"2025-09-14 16:34"
"488","aquaHub-661034","9001-64489","Female",2.1,2025-09-14,"2025-09-14 16:36"
"489","aquaHub-660298","9001-52031","Male",1.6,2025-09-14,"2025-09-14 16:36"
"490","aquaHub-660110","9001-26756","Male",1.6,2025-09-14,"2025-09-14 16:37"
"491","aquaHub-660298","9001-52031","Male",1.6,2025-09-14,"2025-09-14 16:38"
"492","aquaHub-660110","9001-26756","Male",1.6,2025-09-14,"2025-09-14 16:39"
"493","aquaHub-660298","9001-52031","Male",1.6,2025-09-14,"2025-09-14 16:40"
"494","aquaHub-660110","9001-26756","Male",1.6,2025-09-14,"2025-09-14 16:43"
"495","aquaHub-660298","9001-43149","Male",165,2025-09-14,"2025-09-14 16:43"
"496","aquaHub-660298","9001-52031","Male",1.6,2025-09-14,"2025-09-14 16:44"
"497","aquaHub-660110","9001-26756","Male",1.6,2025-09-14,"2025-09-14 16:45"
"498","aquaHub-660298","9001-43149","Male",165,2025-09-14,"2025-09-14 16:47"
"499","aquaHub-660110","9001-26756","Male",1.6,2025-09-14,"2025-09-14 16:48"
"500","aquaHub-661034","9001-64489","Female",2.1,2025-09-14,"2025-09-14 16:48"
"501","aquaHub-660298","9001-43149","Male",165,2025-09-14,"2025-09-14 16:49"
"502","aquaHub-661034","9001-64489","Female",2.1,2025-09-14,"2025-09-14 16:50"
"503","aquaHub-660298","9001-43149","Male",165,2025-09-14,"2025-09-14 16:51"
"504","aquaHub-660110","9001-26756","Male",1.6,2025-09-14,"2025-09-14 16:51"
"505","aquaHub-661034","9001-64489","Female",2.1,2025-09-14,"2025-09-14 16:52"
"506","aquaHub-660298","9001-43149","Male",165,2025-09-14,"2025-09-14 16:53"
"507","aquaHub-660110","9001-26756","Male",1.6,2025-09-14,"2025-09-14 16:54"
"508","aquaHub-661034","9001-64489","Female",2.1,2025-09-14,"2025-09-14 16:54"
"509","aquaHub-660298","9001-43149","Male",165,2025-09-14,"2025-09-14 16:56"
"510","aquaHub-660143","9001-52036","Male",161,2025-09-14,"2025-09-14 16:56"
"511","aquaHub-661034","9001-64489","Female",2.1,2025-09-14,"2025-09-14 16:56"
"512","aquaHub-660110","9001-26756","Male",1.6,2025-09-14,"2025-09-14 16:57"
"513","aquaHub-660143","9001-52036","Male",161,2025-09-14,"2025-09-14 16:59"
"514","aquaHub-660298","9001-43149","Male",165,2025-09-14,"2025-09-14 17:00"
"515","aquaHub-661034","9001-64489","Female",2.1,2025-09-14,"2025-09-14 17:03"
"516","aquaHub-661034","9001-64489","Female",2.1,2025-09-14,"2025-09-14 17:04"
"517","aquaHub-660298","9001-43149","Male",165,2025-09-14,"2025-09-14 17:04"
"518","aquaHub-660143","9001-52036","Male",161,2025-09-14,"2025-09-14 17:04"
"519","aquaHub-661034","9001-64489","Female",2.1,2025-09-14,"2025-09-14 17:06"
"520","aquaHub-660298","9001-43149","Male",165,2025-09-14,"2025-09-14 17:06"
"521","aquaHub-660143","9001-52036","Male",161,2025-09-14,"2025-09-14 17:07"
"522","aquaHub-660298","9001-43149","Male",165,2025-09-14,"2025-09-14 17:08"
"523","aquaHub-660143","9001-52036","Male",161,2025-09-14,"2025-09-14 17:09"
"524","aquaHub-660298","9001-43149","Male",165,2025-09-14,"2025-09-14 17:10"
"525","aquaHub-660143","9001-52036","Male",161,2025-09-14,"2025-09-14 17:11"
"526","aquaHub-661034","9001-64489","Female",2.1,2025-09-14,"2025-09-14 17:13"
"527","aquaHub-660143","9001-52036","Male",161,2025-09-14,"2025-09-14 17:13"
"528","aquaHub-660143","9001-52036","Male",161,2025-09-14,"2025-09-14 17:14"
"529","aquaHub-661034","9001-64489","Female",2.1,2025-09-14,"2025-09-14 17:15"
"530","aquaHub-660298","9001-43149","Male",165,2025-09-14,"2025-09-14 17:15"
"531","aquaHub-660143","9001-52036","Male",161,2025-09-14,"2025-09-14 17:16"
"532","aquaHub-660298","9001-43149","Male",165,2025-09-14,"2025-09-14 17:18"
"533","aquaHub-660143","9001-52036","Male",161,2025-09-14,"2025-09-14 17:19"
"534","aquaHub-660298","9001-43149","Male",165,2025-09-14,"2025-09-14 17:20"
"535","aquaHub-661034","9001-64489","Female",2.1,2025-09-14,"2025-09-14 17:20"
"536","aquaHub-660143","9001-52036","Male",161,2025-09-14,"2025-09-14 17:21"
"537","aquaHub-660298","9001-43149","Male",165,2025-09-14,"2025-09-14 17:21"
"538","aquaHub-660143","9001-52036","Male",161,2025-09-14,"2025-09-14 17:23"
"539","aquaHub-660298","9001-43149","Male",165,2025-09-14,"2025-09-14 17:23"
"540","aquaHub-660143","9001-52036","Male",161,2025-09-14,"2025-09-14 17:25"
"541","aquaHub-660298","9001-43149","Male",165,2025-09-14,"2025-09-14 17:25"
"542","aquaHub-660143","9001-52036","Male",161,2025-09-14,"2025-09-14 17:28"
"543","aquaHub-660298","9001-43149","Male",165,2025-09-14,"2025-09-14 17:28"
"544","aquaHub-660298","9001-43149","Male",165,2025-09-14,"2025-09-14 17:30"
"545","aquaHub-660143","9001-52036","Male",161,2025-09-14,"2025-09-14 17:30"
"546","aquaHub-660143","9001-52036","Male",161,2025-09-14,"2025-09-14 17:31"
"547","aquaHub-660298","9001-43149","Male",165,2025-09-14,"2025-09-14 17:31"
"548","aquaHub-660298","9001-43149","Male",165,2025-09-14,"2025-09-14 17:33"
"549","aquaHub-660143","9001-52036","Male",161,2025-09-14,"2025-09-14 17:33"
"550","aquaHub-660298","9001-43149","Male",165,2025-09-14,"2025-09-14 17:35"
"551","aquaHub-660143","9001-52036","Male",161,2025-09-14,"2025-09-14 17:35"
"552","aquaHub-661034","9001-64489","Female",2.1,2025-09-14,"2025-09-14 17:36"
"553","aquaHub-660143","9001-52036","Male",161,2025-09-14,"2025-09-14 17:38"
"554","aquaHub-660298","9001-43149","Male",165,2025-09-14,"2025-09-14 17:38"
"555","aquaHub-660143","9001-52036","Male",161,2025-09-14,"2025-09-14 17:40"
"556","aquaHub-660298","9001-43149","Male",165,2025-09-14,"2025-09-14 17:41"
"557","aquaHub-660143","9001-52036","Male",161,2025-09-14,"2025-09-14 17:42"
"558","aquaHub-660298","9001-43149","Male",165,2025-09-14,"2025-09-14 17:43"
"559","aquaHub-660143","9001-52036","Male",161,2025-09-14,"2025-09-14 17:45"
"560","aquaHub-660298","9001-43149","Male",165,2025-09-14,"2025-09-14 17:45"
"561","aquaHub-660298","9001-43149","Male",165,2025-09-14,"2025-09-14 17:48"
"562","aquaHub-660298","9001-52031","Male",1.6,2025-09-14,"2025-09-14 17:49"
"563","aquaHub-660143","9001-52036","Male",161,2025-09-14,"2025-09-14 17:50"
"564","aquaHub-660298","9001-43149","Male",165,2025-09-14,"2025-09-14 17:50"
"565","aquaHub-661034","9001-64489","Female",2.1,2025-09-14,"2025-09-14 17:52"
"566","aquaHub-660298","9001-43149","Male",165,2025-09-14,"2025-09-14 17:52"
"567","aquaHub-660298","9001-52031","Male",1.6,2025-09-14,"2025-09-14 17:54"
"568","aquaHub-660298","9001-43149","Male",165,2025-09-14,"2025-09-14 17:55"
"569","aquaHub-660298","9001-52031","Male",1.6,2025-09-14,"2025-09-14 17:56"
"570","aquaHub-660298","9001-43149","Male",165,2025-09-14,"2025-09-14 17:57"
"571","aquaHub-660298","9001-43149","Male",165,2025-09-14,"2025-09-14 18:00"
"572","aquaHub-660298","9001-52031","Male",1.6,2025-09-14,"2025-09-14 18:01"
"573","aquaHub-660298","9001-43149","Male",165,2025-09-14,"2025-09-14 18:02"
"574","aquaHub-661034","9001-64489","Female",2.1,2025-09-14,"2025-09-14 18:02"
"575","aquaHub-660298","9001-52031","Male",1.6,2025-09-14,"2025-09-14 18:03"
"576","aquaHub-661034","9001-64489","Female",2.1,2025-09-14,"2025-09-14 18:03"
"577","aquaHub-660298","9001-43149","Male",165,2025-09-14,"2025-09-14 18:04"
"578","aquaHub-660298","9001-52031","Male",1.6,2025-09-14,"2025-09-14 18:05"
"579","aquaHub-661034","9001-64489","Female",2.1,2025-09-14,"2025-09-14 18:05"
"580","aquaHub-660298","9001-43149","Male",165,2025-09-14,"2025-09-14 18:06"
"581","aquaHub-660298","9001-52031","Male",1.6,2025-09-14,"2025-09-14 18:07"
"582","aquaHub-660298","9001-43149","Male",165,2025-09-14,"2025-09-14 18:08"
"583","aquaHub-660298","9001-52031","Male",1.6,2025-09-14,"2025-09-14 18:11"
"584","aquaHub-660298","9001-52031","Male",1.6,2025-09-14,"2025-09-14 18:12"
"585","aquaHub-660298","9001-43149","Male",165,2025-09-14,"2025-09-14 18:14"
"586","aquaHub-660298","9001-52031","Male",1.6,2025-09-14,"2025-09-14 18:14"
"587","aquaHub-660298","9001-52031","Male",1.6,2025-09-14,"2025-09-14 18:16"
"588","aquaHub-660298","9001-43149","Male",165,2025-09-14,"2025-09-14 18:17"
"589","aquaHub-660298","9001-52031","Male",1.6,2025-09-14,"2025-09-14 18:18"
"590","aquaHub-660298","9001-52031","Male",1.6,2025-09-14,"2025-09-14 18:20"
"591","aquaHub-660298","9001-43149","Male",165,2025-09-14,"2025-09-14 18:22"
"592","aquaHub-660298","9001-52031","Male",1.6,2025-09-14,"2025-09-14 18:22"
"593","aquaHub-660298","9001-52031","Male",1.6,2025-09-14,"2025-09-14 18:25"
"594","aquaHub-660298","9001-52031","Male",1.6,2025-09-14,"2025-09-14 18:26"
"595","aquaHub-660298","9001-52031","Male",1.6,2025-09-14,"2025-09-14 18:28"
"596","aquaHub-660298","9001-52031","Male",1.6,2025-09-14,"2025-09-14 18:31"
"597","aquaHub-660298","9001-52031","Male",1.6,2025-09-14,"2025-09-14 18:34"
"598","aquaHub-660298","9001-52031","Male",1.6,2025-09-14,"2025-09-14 18:36"
"599","aquaHub-660298","9001-52031","Male",1.6,2025-09-14,"2025-09-14 18:39"
"600","aquaHub-660298","9001-64500","Male",1.6,2025-09-14,"2025-09-14 18:39"
"601","aquaHub-660273","9001-26756","Male",1.6,2025-09-14,"2025-09-14 18:41"
"602","aquaHub-660298","9001-52031","Male",1.6,2025-09-14,"2025-09-14 18:41"
"603","aquaHub-660298","9001-52031","Male",1.6,2025-09-14,"2025-09-14 18:43"
"604","aquaHub-660273","9001-26756","Male",1.6,2025-09-14,"2025-09-14 18:44"
"605","aquaHub-660298","9001-52031","Male",1.6,2025-09-14,"2025-09-14 18:44"
"606","aquaHub-660298","9001-64500","Male",1.6,2025-09-14,"2025-09-14 18:50"
"607","aquaHub-660298","9001-52031","Male",1.6,2025-09-14,"2025-09-14 18:50"
"608","aquaHub-661034","9001-64489","Female",2.1,2025-09-14,"2025-09-14 18:52"
"609","aquaHub-660298","9001-52031","Male",1.6,2025-09-14,"2025-09-14 18:52"
"610","aquaHub-660298","9001-52031","Male",1.6,2025-09-14,"2025-09-14 18:53"
"611","aquaHub-660298","9001-64500","Male",1.6,2025-09-14,"2025-09-14 18:55"
"612","aquaHub-660298","9001-52031","Male",1.6,2025-09-14,"2025-09-14 18:57"
"613","aquaHub-660298","9001-52031","Male",1.6,2025-09-14,"2025-09-14 18:58"
"614","aquaHub-660298","9001-64500","Male",1.6,2025-09-14,"2025-09-14 18:59"
"615","aquaHub-660298","9001-52031","Male",1.6,2025-09-14,"2025-09-14 19:00"
"616","aquaHub-660298","9001-64500","Male",1.6,2025-09-14,"2025-09-14 19:01"
"617","aquaHub-660298","9001-52031","Male",1.6,2025-09-14,"2025-09-14 19:03"
"618","aquaHub-660298","9001-64500","Male",1.6,2025-09-14,"2025-09-14 19:03"
"619","aquaHub-660298","9001-52031","Male",1.6,2025-09-14,"2025-09-14 19:05"
"620","aquaHub-660298","9001-64500","Male",1.6,2025-09-14,"2025-09-14 19:05"
"621","aquaHub-660298","9001-52031","Male",1.6,2025-09-14,"2025-09-14 19:07"
"622","aquaHub-660298","9001-52031","Male",1.6,2025-09-14,"2025-09-14 19:09"
"623","aquaHub-660273","9001-52043","Male",1.5,2025-09-14,"2025-09-14 19:09"
"624","aquaHub-660298","9001-64500","Male",1.6,2025-09-14,"2025-09-14 19:10"
"625","aquaHub-660273","9001-52043","Male",1.5,2025-09-14,"2025-09-14 19:11"
"626","aquaHub-660298","9001-64500","Male",1.6,2025-09-14,"2025-09-14 19:12"
"627","aquaHub-660273","9001-52043","Male",1.5,2025-09-14,"2025-09-14 19:13"
"628","aquaHub-660298","9001-52031","Male",1.6,2025-09-14,"2025-09-14 19:14"
"629","aquaHub-660298","9001-64500","Male",1.6,2025-09-14,"2025-09-14 19:15"
"630","aquaHub-660273","9001-52043","Male",1.5,2025-09-14,"2025-09-14 19:16"
"631","aquaHub-660298","9001-64500","Male",1.6,2025-09-14,"2025-09-14 19:17"
"632","aquaHub-661034","9001-43287","Female",201,2025-09-14,"2025-09-14 19:19"
"633","aquaHub-660298","9001-64500","Male",1.6,2025-09-14,"2025-09-14 19:19"
"634","aquaHub-660273","9001-52043","Male",1.5,2025-09-14,"2025-09-14 19:21"
"635","aquaHub-660298","9001-52031","Male",1.6,2025-09-14,"2025-09-14 19:21"
"636","aquaHub-660273","9001-52043","Male",1.5,2025-09-14,"2025-09-14 19:23"
"637","aquaHub-660298","9001-52031","Male",1.6,2025-09-14,"2025-09-14 19:23"
"638","aquaHub-660298","9001-64500","Male",1.6,2025-09-14,"2025-09-14 19:25"
"639","aquaHub-660298","9001-52031","Male",1.6,2025-09-14,"2025-09-14 19:25"
"640","aquaHub-660273","9001-52043","Male",1.5,2025-09-14,"2025-09-14 19:25"
"641","aquaHub-661034","9001-43287","Female",201,2025-09-14,"2025-09-14 19:26"
"642","aquaHub-660273","9001-52043","Male",1.5,2025-09-14,"2025-09-14 19:28"
"643","aquaHub-660298","9001-52031","Male",1.6,2025-09-14,"2025-09-14 19:28"
"644","aquaHub-660298","9001-52031","Male",1.6,2025-09-14,"2025-09-14 19:31"
"645","aquaHub-661034","9001-64489","Female",2.1,2025-09-14,"2025-09-14 19:32"
"646","aquaHub-660298","9001-64500","Male",1.6,2025-09-14,"2025-09-14 19:32"
"647","aquaHub-660298","9001-64500","Male",1.6,2025-09-14,"2025-09-14 19:35"
"648","aquaHub-660298","9001-64500","Male",1.6,2025-09-14,"2025-09-14 19:38"
"649","aquaHub-660298","9001-64500","Male",1.6,2025-09-14,"2025-09-14 19:40"
"650","aquaHub-660298","9001-52022","Male",1.6,2025-09-14,"2025-09-14 19:46"
"651","aquaHub-660298","9001-64500","Male",1.6,2025-09-14,"2025-09-14 19:49"
"652","aquaHub-660298","9001-64500","Male",1.6,2025-09-14,"2025-09-14 19:52"
"653","aquaHub-660298","9001-64500","Male",1.6,2025-09-14,"2025-09-14 19:54"
"654","aquaHub-660298","9001-52022","Male",1.6,2025-09-14,"2025-09-14 19:55"
"655","aquaHub-660298","9001-52022","Male",1.6,2025-09-14,"2025-09-14 20:02"
"656","aquaHub-661034","9001-64489","Female",2.1,2025-09-14,"2025-09-14 20:02"
"657","aquaHub-660298","9001-64500","Male",1.6,2025-09-14,"2025-09-14 20:03"
"658","aquaHub-660298","9001-64500","Male",1.6,2025-09-14,"2025-09-14 20:04"
"659","aquaHub-660298","9001-64500","Male",1.6,2025-09-14,"2025-09-14 20:06"
"660","aquaHub-660298","9001-52022","Male",1.6,2025-09-14,"2025-09-14 20:08"
"661","aquaHub-660298","9001-64500","Male",1.6,2025-09-14,"2025-09-14 20:09"
"662","aquaHub-660298","9001-52022","Male",1.6,2025-09-14,"2025-09-14 20:10"
"663","aquaHub-660298","9001-64500","Male",1.6,2025-09-14,"2025-09-14 20:11"
"664","aquaHub-660298","9001-52022","Male",1.6,2025-09-14,"2025-09-14 20:13"
"665","aquaHub-660298","9001-64500","Male",1.6,2025-09-14,"2025-09-14 20:13"
"666","aquaHub-660298","9001-52022","Male",1.6,2025-09-14,"2025-09-14 20:14"
"667","aquaHub-660298","9001-64500","Male",1.6,2025-09-14,"2025-09-14 20:15"
"668","aquaHub-660298","9001-43149","Male",165,2025-09-14,"2025-09-14 20:18"
"669","aquaHub-660298","9001-64500","Male",1.6,2025-09-14,"2025-09-14 20:18"
"670","aquaHub-660298","9001-43149","Male",165,2025-09-14,"2025-09-14 20:20"
"671","aquaHub-660298","9001-64500","Male",1.6,2025-09-14,"2025-09-14 20:23"
"672","aquaHub-660298","9001-52031","Male",1.6,2025-09-14,"2025-09-14 20:23"
"673","aquaHub-660298","9001-52022","Male",1.6,2025-09-14,"2025-09-14 20:23"
"674","aquaHub-660298","9001-43149","Male",165,2025-09-14,"2025-09-14 20:24"
"675","aquaHub-660298","9001-52031","Male",1.6,2025-09-14,"2025-09-14 20:25"
"676","aquaHub-660298","9001-64500","Male",1.6,2025-09-14,"2025-09-14 20:27"
"677","aquaHub-660298","9001-52022","Male",1.6,2025-09-14,"2025-09-14 20:28"
"678","aquaHub-660298","9001-43149","Male",165,2025-09-14,"2025-09-14 20:28"
"679","aquaHub-660298","9001-64500","Male",1.6,2025-09-14,"2025-09-14 20:28"
"680","aquaHub-660298","9001-52022","Male",1.6,2025-09-14,"2025-09-14 20:29"
"681","aquaHub-660298","9001-43149","Male",165,2025-09-14,"2025-09-14 20:30"
"682","aquaHub-660298","9001-43149","Male",165,2025-09-14,"2025-09-14 20:32"
"683","aquaHub-660298","9001-64500","Male",1.6,2025-09-14,"2025-09-14 20:33"
"684","aquaHub-660298","9001-64500","Male",1.6,2025-09-14,"2025-09-14 20:35"
"685","aquaHub-660298","9001-52022","Male",1.6,2025-09-14,"2025-09-14 20:36"
"686","aquaHub-660298","9001-52022","Male",1.6,2025-09-14,"2025-09-14 20:38"
"687","aquaHub-660298","9001-64500","Male",1.6,2025-09-14,"2025-09-14 20:38"
"688","aquaHub-660298","9001-52022","Male",1.6,2025-09-14,"2025-09-14 20:39"
"689","aquaHub-660298","9001-64500","Male",1.6,2025-09-14,"2025-09-14 20:40"
"690","aquaHub-660298","9001-64500","Male",1.6,2025-09-14,"2025-09-14 20:43"
"691","aquaHub-660298","9001-52031","Male",1.6,2025-09-14,"2025-09-14 20:43"
"692","aquaHub-660298","9001-64500","Male",1.6,2025-09-14,"2025-09-14 20:44"
"693","aquaHub-660298","9001-52022","Male",1.6,2025-09-14,"2025-09-14 20:44"
"694","aquaHub-660298","9001-52031","Male",1.6,2025-09-14,"2025-09-14 20:45"
"695","aquaHub-660298","9001-64500","Male",1.6,2025-09-14,"2025-09-14 20:48"
"696","aquaHub-660298","9001-52022","Male",1.6,2025-09-14,"2025-09-14 20:49"
"697","aquaHub-660298","9001-64500","Male",1.6,2025-09-14,"2025-09-14 20:50"
"698","aquaHub-660298","9001-52031","Male",1.6,2025-09-14,"2025-09-14 20:51"
"699","aquaHub-660298","9001-52022","Male",1.6,2025-09-14,"2025-09-14 20:52"
"700","aquaHub-660298","9001-52031","Male",1.6,2025-09-14,"2025-09-14 20:53"
"701","aquaHub-660298","9001-52022","Male",1.6,2025-09-14,"2025-09-14 20:55"
"702","aquaHub-660298","9001-52031","Male",1.6,2025-09-14,"2025-09-14 20:55"
"703","aquaHub-661034","9001-43287","Female",201,2025-09-14,"2025-09-14 20:56"
"704","aquaHub-660298","9001-52022","Male",1.6,2025-09-14,"2025-09-14 20:59"
"705","aquaHub-660298","9001-52031","Male",1.6,2025-09-14,"2025-09-14 21:00"
"706","aquaHub-660298","9001-64500","Male",1.6,2025-09-14,"2025-09-14 21:00"
"707","aquaHub-660110","9001-52043","Male",1.5,2025-09-14,"2025-09-14 21:01"
"708","aquaHub-660298","9001-52022","Male",1.6,2025-09-14,"2025-09-14 21:02"
"709","aquaHub-660298","9001-64500","Male",1.6,2025-09-14,"2025-09-14 21:02"
"710","aquaHub-660110","9001-52043","Male",1.5,2025-09-14,"2025-09-14 21:03"
"711","aquaHub-660298","9001-64500","Male",1.6,2025-09-14,"2025-09-14 21:04"
"712","aquaHub-660298","9001-52022","Male",1.6,2025-09-14,"2025-09-14 21:04"
"713","aquaHub-660110","9001-52043","Male",1.5,2025-09-14,"2025-09-14 21:05"
"714","aquaHub-660298","9001-52031","Male",1.6,2025-09-14,"2025-09-14 21:05"
"715","aquaHub-660298","9001-52022","Male",1.6,2025-09-14,"2025-09-14 21:06"
"716","aquaHub-660298","9001-52022","Male",1.6,2025-09-14,"2025-09-14 21:08"
"717","aquaHub-660110","9001-52043","Male",1.5,2025-09-14,"2025-09-14 21:08"
"718","aquaHub-660298","9001-52022","Male",1.6,2025-09-14,"2025-09-14 21:10"
"719","aquaHub-660298","9001-43149","Male",165,2025-09-14,"2025-09-14 21:10"
"720","aquaHub-660298","9001-52022","Male",1.6,2025-09-14,"2025-09-14 21:12"
"721","aquaHub-660110","9001-52043","Male",1.5,2025-09-14,"2025-09-14 21:14"
"722","aquaHub-660298","9001-52022","Male",1.6,2025-09-14,"2025-09-14 21:14"
"723","aquaHub-660298","9001-64500","Male",1.6,2025-09-14,"2025-09-14 21:15"
"724","aquaHub-660298","9001-52022","Male",1.6,2025-09-14,"2025-09-14 21:16"
"725","aquaHub-660298","9001-64500","Male",1.6,2025-09-14,"2025-09-14 21:16"
"726","aquaHub-660110","9001-52043","Male",1.5,2025-09-14,"2025-09-14 21:16"
"727","aquaHub-661034","9001-43287","Female",201,2025-09-14,"2025-09-14 21:17"
"728","aquaHub-660298","9001-64500","Male",1.6,2025-09-14,"2025-09-14 21:19"
"729","aquaHub-660298","9001-43149","Male",165,2025-09-14,"2025-09-14 21:19"
"730","aquaHub-660298","9001-64500","Male",1.6,2025-09-14,"2025-09-14 21:21"
"731","aquaHub-660298","9001-43149","Male",165,2025-09-14,"2025-09-14 21:21"
"732","aquaHub-660298","9001-64500","Male",1.6,2025-09-14,"2025-09-14 21:22"
"733","aquaHub-660298","9001-43149","Male",165,2025-09-14,"2025-09-14 21:23"
"734","aquaHub-660298","9001-64500","Male",1.6,2025-09-14,"2025-09-14 21:24"
"735","aquaHub-660298","9001-43149","Male",165,2025-09-14,"2025-09-14 21:25"
"736","aquaHub-660298","9001-64500","Male",1.6,2025-09-14,"2025-09-14 21:26"
"737","aquaHub-660298","9001-64500","Male",1.6,2025-09-14,"2025-09-14 21:27"
"738","aquaHub-660298","9001-52022","Male",1.6,2025-09-14,"2025-09-14 21:28"
"739","aquaHub-660298","9001-64500","Male",1.6,2025-09-14,"2025-09-14 21:31"
"740","aquaHub-660298","9001-52031","Male",1.6,2025-09-14,"2025-09-14 21:31"
"741","aquaHub-660298","9001-52022","Male",1.6,2025-09-14,"2025-09-14 21:32"
"742","aquaHub-660298","9001-43149","Male",165,2025-09-14,"2025-09-14 21:34"
"743","aquaHub-660298","9001-52022","Male",1.6,2025-09-14,"2025-09-14 21:35"
"744","aquaHub-660298","9001-52031","Male",1.6,2025-09-14,"2025-09-14 21:36"
"745","aquaHub-660298","9001-52022","Male",1.6,2025-09-14,"2025-09-14 21:38"
"746","aquaHub-660298","9001-52031","Male",1.6,2025-09-14,"2025-09-14 21:40"
"747","aquaHub-660298","9001-52022","Male",1.6,2025-09-14,"2025-09-14 21:40"
"748","aquaHub-660298","9001-43149","Male",165,2025-09-14,"2025-09-14 21:40"
"749","aquaHub-660298","9001-52031","Male",1.6,2025-09-14,"2025-09-14 21:41"
"750","aquaHub-660298","9001-64500","Male",1.6,2025-09-14,"2025-09-14 21:41"
"751","aquaHub-660298","9001-43149","Male",165,2025-09-14,"2025-09-14 21:42"
"752","aquaHub-660298","9001-52022","Male",1.6,2025-09-14,"2025-09-14 21:43"
"753","aquaHub-660298","9001-52031","Male",1.6,2025-09-14,"2025-09-14 21:43"
"754","aquaHub-660298","9001-43149","Male",165,2025-09-14,"2025-09-14 21:45"
"755","aquaHub-660298","9001-52031","Male",1.6,2025-09-14,"2025-09-14 21:45"
"756","aquaHub-660298","9001-43149","Male",165,2025-09-14,"2025-09-14 21:46"
"757","aquaHub-660298","9001-64500","Male",1.6,2025-09-14,"2025-09-14 21:48"
"758","aquaHub-660298","9001-43149","Male",165,2025-09-14,"2025-09-14 21:49"
"759","aquaHub-660298","9001-52031","Male",1.6,2025-09-14,"2025-09-14 21:49"
"760","aquaHub-660298","9001-64500","Male",1.6,2025-09-14,"2025-09-14 21:50"
"761","aquaHub-660298","9001-43149","Male",165,2025-09-14,"2025-09-14 21:50"
"762","aquaHub-660298","9001-52022","Male",1.6,2025-09-14,"2025-09-14 21:51"
"763","aquaHub-661034","9001-43287","Female",201,2025-09-14,"2025-09-14 21:51"
"764","aquaHub-660298","9001-64500","Male",1.6,2025-09-14,"2025-09-14 21:52"
"765","aquaHub-660298","9001-43149","Male",165,2025-09-14,"2025-09-14 21:52"
"766","aquaHub-660298","9001-52022","Male",1.6,2025-09-14,"2025-09-14 21:53"
"767","aquaHub-660298","9001-52031","Male",1.6,2025-09-14,"2025-09-14 21:56"
"768","aquaHub-660298","9001-52022","Male",1.6,2025-09-14,"2025-09-14 21:56"
"769","aquaHub-660298","9001-52022","Male",1.6,2025-09-14,"2025-09-14 21:58"
"770","aquaHub-660298","9001-43149","Male",165,2025-09-14,"2025-09-14 21:58"
"771","aquaHub-660298","9001-64500","Male",1.6,2025-09-14,"2025-09-14 21:59"
"772","aquaHub-660298","9001-43149","Male",165,2025-09-14,"2025-09-14 22:01"
"773","aquaHub-660298","9001-52031","Male",1.6,2025-09-14,"2025-09-14 22:01"
"774","aquaHub-660298","9001-52022","Male",1.6,2025-09-14,"2025-09-14 22:03"
"775","aquaHub-660298","9001-64500","Male",1.6,2025-09-14,"2025-09-14 22:03"
"776","aquaHub-660298","9001-43149","Male",165,2025-09-14,"2025-09-14 22:03"
"777","aquaHub-660298","9001-52031","Male",1.6,2025-09-14,"2025-09-14 22:04"
"778","aquaHub-660298","9001-43149","Male",165,2025-09-14,"2025-09-14 22:05"
"779","aquaHub-660298","9001-52022","Male",1.6,2025-09-14,"2025-09-14 22:05"
"780","aquaHub-660298","9001-64500","Male",1.6,2025-09-14,"2025-09-14 22:06"
"781","aquaHub-661034","9001-43287","Female",201,2025-09-14,"2025-09-14 22:10"
"782","aquaHub-660298","9001-52031","Male",1.6,2025-09-14,"2025-09-14 22:10"
"783","aquaHub-660298","9001-52022","Male",1.6,2025-09-14,"2025-09-14 22:11"
"784","aquaHub-660298","9001-52031","Male",1.6,2025-09-14,"2025-09-14 22:12"
"785","aquaHub-660298","9001-64500","Male",1.6,2025-09-14,"2025-09-14 22:13"
"786","aquaHub-660298","9001-52022","Male",1.6,2025-09-14,"2025-09-14 22:14"
"787","aquaHub-660298","9001-64500","Male",1.6,2025-09-14,"2025-09-14 22:15"
"788","aquaHub-660298","9001-52031","Male",1.6,2025-09-14,"2025-09-14 22:15"
"789","aquaHub-660298","9001-64500","Male",1.6,2025-09-14,"2025-09-14 22:16"
"790","aquaHub-660298","9001-52031","Male",1.6,2025-09-14,"2025-09-14 22:18"
"791","aquaHub-660298","9001-52022","Male",1.6,2025-09-14,"2025-09-14 22:19"
"792","aquaHub-660298","9001-43149","Male",165,2025-09-14,"2025-09-14 22:20"
"793","aquaHub-660298","9001-64500","Male",1.6,2025-09-14,"2025-09-14 22:21"
"794","aquaHub-660298","9001-52022","Male",1.6,2025-09-14,"2025-09-14 22:21"
"795","aquaHub-660298","9001-43149","Male",165,2025-09-14,"2025-09-14 22:22"
"796","aquaHub-660298","9001-52031","Male",1.6,2025-09-14,"2025-09-14 22:22"
"797","aquaHub-660298","9001-64500","Male",1.6,2025-09-14,"2025-09-14 22:23"
"798","aquaHub-660298","9001-52022","Male",1.6,2025-09-14,"2025-09-14 22:24"
"799","aquaHub-660298","9001-43149","Male",165,2025-09-14,"2025-09-14 22:24"
"800","aquaHub-660298","9001-52022","Male",1.6,2025-09-14,"2025-09-14 22:26"
"801","aquaHub-660298","9001-52031","Male",1.6,2025-09-14,"2025-09-14 22:27"
"802","aquaHub-660298","9001-43149","Male",165,2025-09-14,"2025-09-14 22:28"
"803","aquaHub-660298","9001-52031","Male",1.6,2025-09-14,"2025-09-14 22:29"
"804","aquaHub-660298","9001-52022","Male",1.6,2025-09-14,"2025-09-14 22:30"
"805","aquaHub-660298","9001-52031","Male",1.6,2025-09-14,"2025-09-14 22:30"
"806","aquaHub-660298","9001-64500","Male",1.6,2025-09-14,"2025-09-14 22:32"
"807","aquaHub-660298","9001-52022","Male",1.6,2025-09-14,"2025-09-14 22:32"
"808","aquaHub-660298","9001-52031","Male",1.6,2025-09-14,"2025-09-14 22:33"
"809","aquaHub-660298","9001-64500","Male",1.6,2025-09-14,"2025-09-14 22:33"
"810","aquaHub-660298","9001-43149","Male",165,2025-09-14,"2025-09-14 22:34"
"811","aquaHub-660298","9001-64500","Male",1.6,2025-09-14,"2025-09-14 22:35"
"812","aquaHub-660298","9001-43149","Male",165,2025-09-14,"2025-09-14 22:36"
"813","aquaHub-660298","9001-52022","Male",1.6,2025-09-14,"2025-09-14 22:37"
"814","aquaHub-660298","9001-43149","Male",165,2025-09-14,"2025-09-14 22:37"
"815","aquaHub-660298","9001-52031","Male",1.6,2025-09-14,"2025-09-14 22:38"
"816","aquaHub-660298","9001-64500","Male",1.6,2025-09-14,"2025-09-14 22:39"
"817","aquaHub-660298","9001-52022","Male",1.6,2025-09-14,"2025-09-14 22:39"
"818","aquaHub-660298","9001-64500","Male",1.6,2025-09-14,"2025-09-14 22:40"
"819","aquaHub-660298","9001-52022","Male",1.6,2025-09-14,"2025-09-14 22:41"
"820","aquaHub-660298","9001-43149","Male",165,2025-09-14,"2025-09-14 22:42"
"821","aquaHub-660298","9001-64500","Male",1.6,2025-09-14,"2025-09-14 22:42"
"822","aquaHub-660298","9001-43149","Male",165,2025-09-14,"2025-09-14 22:43"
"823","aquaHub-660298","9001-52031","Male",1.6,2025-09-14,"2025-09-14 22:44"
"824","aquaHub-660298","9001-52022","Male",1.6,2025-09-14,"2025-09-14 22:44"
"825","aquaHub-660298","9001-64500","Male",1.6,2025-09-14,"2025-09-14 22:45"
"826","aquaHub-660298","9001-43149","Male",165,2025-09-14,"2025-09-14 22:45"
"827","aquaHub-660298","9001-52022","Male",1.6,2025-09-14,"2025-09-14 22:47"
"828","aquaHub-660298","9001-43149","Male",165,2025-09-14,"2025-09-14 22:48"
"829","aquaHub-660298","9001-52031","Male",1.6,2025-09-14,"2025-09-14 22:48"
"830","aquaHub-660298","9001-52022","Male",1.6,2025-09-14,"2025-09-14 22:49"
"831","aquaHub-660298","9001-43149","Male",165,2025-09-14,"2025-09-14 22:50"
"832","aquaHub-660298","9001-52031","Male",1.6,2025-09-14,"2025-09-14 22:50"
"833","aquaHub-660298","9001-43149","Male",165,2025-09-14,"2025-09-14 22:51"
"834","aquaHub-660298","9001-52022","Male",1.6,2025-09-14,"2025-09-14 22:52"
"835","aquaHub-660298","9001-43149","Male",165,2025-09-14,"2025-09-14 22:53"
"836","aquaHub-661034","9001-43287","Female",201,2025-09-14,"2025-09-14 22:54"
"837","aquaHub-660298","9001-43149","Male",165,2025-09-14,"2025-09-14 22:54"
"838","aquaHub-660298","9001-52022","Male",1.6,2025-09-14,"2025-09-14 22:55"
"839","aquaHub-660298","9001-43149","Male",165,2025-09-14,"2025-09-14 22:56"
"840","aquaHub-661034","9001-43287","Female",201,2025-09-14,"2025-09-14 22:58"
"841","aquaHub-660298","9001-43149","Male",165,2025-09-14,"2025-09-14 22:59"
"842","aquaHub-661034","9001-43287","Female",201,2025-09-14,"2025-09-14 23:00"
"843","aquaHub-660298","9001-43149","Male",165,2025-09-14,"2025-09-14 23:01"
"844","aquaHub-660298","9001-52022","Male",1.6,2025-09-14,"2025-09-14 23:02"
"845","aquaHub-660298","9001-43149","Male",165,2025-09-14,"2025-09-14 23:04"
"846","aquaHub-661034","9001-43287","Female",201,2025-09-14,"2025-09-14 23:05"
"847","aquaHub-660298","9001-43149","Male",165,2025-09-14,"2025-09-14 23:06"
"848","aquaHub-660298","9001-52022","Male",1.6,2025-09-14,"2025-09-14 23:06"
"849","aquaHub-661034","9001-43287","Female",201,2025-09-14,"2025-09-14 23:07"
"850","aquaHub-660298","9001-52022","Male",1.6,2025-09-14,"2025-09-14 23:08"
"851","aquaHub-660298","9001-43149","Male",165,2025-09-14,"2025-09-14 23:09"
"852","aquaHub-660298","9001-52022","Male",1.6,2025-09-14,"2025-09-14 23:11"
"853","aquaHub-660298","9001-52022","Male",1.6,2025-09-14,"2025-09-14 23:12"
"854","aquaHub-660298","9001-52031","Male",1.6,2025-09-14,"2025-09-14 23:13"
"855","aquaHub-661034","9001-43287","Female",201,2025-09-14,"2025-09-14 23:14"
"856","aquaHub-660298","9001-43149","Male",165,2025-09-14,"2025-09-14 23:14"
"857","aquaHub-660298","9001-52022","Male",1.6,2025-09-14,"2025-09-14 23:15"
"858","aquaHub-661034","9001-43287","Female",201,2025-09-14,"2025-09-14 23:15"
"859","aquaHub-660298","9001-43149","Male",165,2025-09-14,"2025-09-14 23:16"
"860","aquaHub-660298","9001-52031","Male",1.6,2025-09-14,"2025-09-14 23:17"
"861","aquaHub-660298","9001-52022","Male",1.6,2025-09-14,"2025-09-14 23:17"
"862","aquaHub-660298","9001-52031","Male",1.6,2025-09-14,"2025-09-14 23:18"
"863","aquaHub-660298","9001-43149","Male",165,2025-09-14,"2025-09-14 23:19"
"864","aquaHub-660298","9001-43149","Male",165,2025-09-14,"2025-09-14 23:21"
"865","aquaHub-660298","9001-43149","Male",165,2025-09-14,"2025-09-14 23:26"
"866","aquaHub-660298","9001-52031","Male",1.6,2025-09-14,"2025-09-14 23:26"
"867","aquaHub-660273","9001-26747","Male",1.4,2025-09-14,"2025-09-14 23:33"
"868","aquaHub-660298","9001-52031","Male",1.6,2025-09-14,"2025-09-14 23:37"
"869","aquaHub-661034","9001-43287","Female",201,2025-09-14,"2025-09-14 23:38"
"870","aquaHub-660143","9001-52036","Male",161,2025-09-14,"2025-09-14 23:42"
"871","aquaHub-660298","9001-52022","Male",1.6,2025-09-14,"2025-09-14 23:43"
"872","aquaHub-660273","9001-26756","Male",1.6,2025-09-14,"2025-09-14 23:44"
"873","aquaHub-660298","9001-52022","Male",1.6,2025-09-14,"2025-09-14 23:45"
"874","aquaHub-660273","9001-26747","Male",1.4,2025-09-14,"2025-09-14 23:49"
"875","aquaHub-661034","9001-64489","Female",2.1,2025-09-14,"2025-09-14 23:49"
"876","aquaHub-660273","9001-26756","Male",1.6,2025-09-14,"2025-09-14 23:49"
"877","aquaHub-661034","9001-43287","Female",201,2025-09-14,"2025-09-14 23:51"
"878","aquaHub-660273","9001-26756","Male",1.6,2025-09-14,"2025-09-14 23:51"
"879","aquaHub-660298","9001-52022","Male",1.6,2025-09-14,"2025-09-14 23:53"
"880","aquaHub-660143","9001-16713","Female",2.1,2025-09-14,"2025-09-14 23:54"
"881","aquaHub-660298","9001-52022","Male",1.6,2025-09-14,"2025-09-14 23:55"
"882","aquaHub-661034","9001-43287","Female",201,2025-09-14,"2025-09-14 23:58"
"883","aquaHub-660298","9001-52022","Male",1.6,2025-09-14,"2025-09-14 23:58"
"884","aquaHub-660143","9001-52036","Male",161,2025-09-15,"2025-09-15 0:02"
"885","aquaHub-660143","9001-16713","Female",2.1,2025-09-15,"2025-09-15 0:02"
"886","aquaHub-660298","9001-43149","Male",165,2025-09-15,"2025-09-15 0:03"
"887","aquaHub-661034","9001-64489","Female",2.1,2025-09-15,"2025-09-15 0:03"
"888","aquaHub-660143","9001-16713","Female",2.1,2025-09-15,"2025-09-15 0:04"
"889","aquaHub-660143","9001-16713","Female",2.1,2025-09-15,"2025-09-15 0:07"
"890","aquaHub-660298","9001-64500","Male",1.6,2025-09-15,"2025-09-15 0:08"
"891","aquaHub-660298","9001-43149","Male",165,2025-09-15,"2025-09-15 0:09"
"892","aquaHub-660298","9001-52031","Male",1.6,2025-09-15,"2025-09-15 0:10"
"893","aquaHub-660298","9001-52022","Male",1.6,2025-09-15,"2025-09-15 0:10"
"894","aquaHub-660143","9001-52036","Male",161,2025-09-15,"2025-09-15 0:10"
"895","aquaHub-660298","9001-43149","Male",165,2025-09-15,"2025-09-15 0:11"
"896","aquaHub-660298","9001-52031","Male",1.6,2025-09-15,"2025-09-15 0:12"
"897","aquaHub-660298","9001-52022","Male",1.6,2025-09-15,"2025-09-15 0:12"
"898","aquaHub-660143","9001-16713","Female",2.1,2025-09-15,"2025-09-15 0:12"
"899","aquaHub-660143","9001-52036","Male",161,2025-09-15,"2025-09-15 0:13"
"900","aquaHub-661034","9001-64489","Female",2.1,2025-09-15,"2025-09-15 0:15"
"901","aquaHub-660143","9001-16713","Female",2.1,2025-09-15,"2025-09-15 0:15"
"902","aquaHub-660298","9001-52022","Male",1.6,2025-09-15,"2025-09-15 0:15"
"903","aquaHub-660298","9001-43149","Male",165,2025-09-15,"2025-09-15 0:15"
"904","aquaHub-660298","9001-64500","Male",1.6,2025-09-15,"2025-09-15 0:16"
"905","aquaHub-660143","9001-16713","Female",2.1,2025-09-15,"2025-09-15 0:16"
"906","aquaHub-660298","9001-52031","Male",1.6,2025-09-15,"2025-09-15 0:17"
"907","aquaHub-660298","9001-64500","Male",1.6,2025-09-15,"2025-09-15 0:17"
"908","aquaHub-660298","9001-52022","Male",1.6,2025-09-15,"2025-09-15 0:18"
"909","aquaHub-660298","9001-43149","Male",165,2025-09-15,"2025-09-15 0:18"
"910","aquaHub-660298","9001-52031","Male",1.6,2025-09-15,"2025-09-15 0:18"
"911","aquaHub-660298","9001-64500","Male",1.6,2025-09-15,"2025-09-15 0:19"
"912","aquaHub-660143","9001-16713","Female",2.1,2025-09-15,"2025-09-15 0:20"
"913","aquaHub-660298","9001-52031","Male",1.6,2025-09-15,"2025-09-15 0:21"
"914","aquaHub-660298","9001-64500","Male",1.6,2025-09-15,"2025-09-15 0:21"
"915","aquaHub-660298","9001-52022","Male",1.6,2025-09-15,"2025-09-15 0:21"
"916","aquaHub-660298","9001-43149","Male",165,2025-09-15,"2025-09-15 0:22"
"917","aquaHub-661034","9001-64489","Female",2.1,2025-09-15,"2025-09-15 0:23"
"918","aquaHub-660273","9001-26747","Male",1.4,2025-09-15,"2025-09-15 0:23"
"919","aquaHub-660298","9001-64500","Male",1.6,2025-09-15,"2025-09-15 0:24"
"920","aquaHub-660298","9001-43149","Male",165,2025-09-15,"2025-09-15 0:24"
"921","aquaHub-660298","9001-52031","Male",1.6,2025-09-15,"2025-09-15 0:25"
"922","aquaHub-660298","9001-64500","Male",1.6,2025-09-15,"2025-09-15 0:26"
"923","aquaHub-660298","9001-43149","Male",165,2025-09-15,"2025-09-15 0:26"
"924","aquaHub-661034","9001-43287","Female",201,2025-09-15,"2025-09-15 0:27"
"925","aquaHub-660298","9001-64500","Male",1.6,2025-09-15,"2025-09-15 0:27"
"926","aquaHub-660298","9001-43149","Male",165,2025-09-15,"2025-09-15 0:29"
"927","aquaHub-660298","9001-52022","Male",1.6,2025-09-15,"2025-09-15 0:30"
"928","aquaHub-660273","9001-52040","Male",164,2025-09-15,"2025-09-15 0:31"
"929","aquaHub-660143","9001-16713","Female",2.1,2025-09-15,"2025-09-15 0:31"
"930","aquaHub-660298","9001-64500","Male",1.6,2025-09-15,"2025-09-15 0:33"
"931","aquaHub-660273","9001-52040","Male",164,2025-09-15,"2025-09-15 0:33"
"932","aquaHub-660298","9001-52022","Male",1.6,2025-09-15,"2025-09-15 0:34"
"933","aquaHub-660273","9001-52040","Male",164,2025-09-15,"2025-09-15 0:35"
"934","aquaHub-660273","9001-52040","Male",164,2025-09-15,"2025-09-15 0:36"
"935","aquaHub-660298","9001-52031","Male",1.6,2025-09-15,"2025-09-15 0:37"
"936","aquaHub-660273","9001-52040","Male",164,2025-09-15,"2025-09-15 0:38"
"937","aquaHub-660298","9001-43149","Male",165,2025-09-15,"2025-09-15 0:39"
"938","aquaHub-660273","9001-52040","Male",164,2025-09-15,"2025-09-15 0:39"
"939","aquaHub-660273","9001-52040","Male",164,2025-09-15,"2025-09-15 0:41"
"940","aquaHub-660273","9001-52040","Male",164,2025-09-15,"2025-09-15 0:43"
"941","aquaHub-660110","9001-52032","Female",1.8,2025-09-15,"2025-09-15 0:43"
"942","aquaHub-660110","9001-52032","Female",1.8,2025-09-15,"2025-09-15 0:45"
"943","aquaHub-660273","9001-52040","Male",164,2025-09-15,"2025-09-15 0:45"
"944","aquaHub-660110","9001-52032","Female",1.8,2025-09-15,"2025-09-15 0:46"
"945","aquaHub-660110","9001-52032","Female",1.8,2025-09-15,"2025-09-15 0:48"
"946","aquaHub-660273","9001-52040","Male",164,2025-09-15,"2025-09-15 0:50"
"947","aquaHub-661034","9001-64489","Female",2.1,2025-09-15,"2025-09-15 0:51"
"948","aquaHub-660110","9001-52032","Female",1.8,2025-09-15,"2025-09-15 0:51"
"949","aquaHub-660273","9001-52040","Male",164,2025-09-15,"2025-09-15 0:52"
"950","aquaHub-660110","9001-52032","Female",1.8,2025-09-15,"2025-09-15 0:53"
"951","aquaHub-660110","9001-52032","Female",1.8,2025-09-15,"2025-09-15 0:55"
"952","aquaHub-660273","9001-52040","Male",164,2025-09-15,"2025-09-15 0:55"
"953","aquaHub-660110","9001-52032","Female",1.8,2025-09-15,"2025-09-15 0:56"
"954","aquaHub-660110","9001-52032","Female",1.8,2025-09-15,"2025-09-15 0:58"
"955","aquaHub-660110","9001-52032","Female",1.8,2025-09-15,"2025-09-15 1:00"
"956","aquaHub-660110","9001-52032","Female",1.8,2025-09-15,"2025-09-15 1:01"
"957","aquaHub-660110","9001-52032","Female",1.8,2025-09-15,"2025-09-15 1:05"
"958","aquaHub-660110","9001-52032","Female",1.8,2025-09-15,"2025-09-15 1:07"
"959","aquaHub-660298","9001-43149","Male",165,2025-09-15,"2025-09-15 1:09"
"960","aquaHub-661034","9001-43287","Female",201,2025-09-15,"2025-09-15 1:11"
"961","aquaHub-660298","9001-43149","Male",165,2025-09-15,"2025-09-15 1:14"
"962","aquaHub-660298","9001-43149","Male",165,2025-09-15,"2025-09-15 1:16"
"963","aquaHub-660298","9001-43149","Male",165,2025-09-15,"2025-09-15 1:17"
"964","aquaHub-661034","9001-43287","Female",201,2025-09-15,"2025-09-15 1:19"
"965","aquaHub-660298","9001-43149","Male",165,2025-09-15,"2025-09-15 1:19"
"966","aquaHub-660110","9001-26756","Male",1.6,2025-09-15,"2025-09-15 1:21"
"967","aquaHub-661034","9001-43287","Female",201,2025-09-15,"2025-09-15 1:21"
"968","aquaHub-660298","9001-43149","Male",165,2025-09-15,"2025-09-15 1:22"
"969","aquaHub-660110","9001-26756","Male",1.6,2025-09-15,"2025-09-15 1:23"
"970","aquaHub-660110","9001-26756","Male",1.6,2025-09-15,"2025-09-15 1:25"
"971","aquaHub-660298","9001-43149","Male",165,2025-09-15,"2025-09-15 1:26"
"972","aquaHub-660110","9001-26756","Male",1.6,2025-09-15,"2025-09-15 1:28"
"973","aquaHub-660298","9001-43149","Male",165,2025-09-15,"2025-09-15 1:28"
"974","aquaHub-660298","9001-64500","Male",1.6,2025-09-15,"2025-09-15 1:29"
"975","aquaHub-660298","9001-52022","Male",1.6,2025-09-15,"2025-09-15 1:29"
"976","aquaHub-661034","9001-43287","Female",201,2025-09-15,"2025-09-15 1:31"
"977","aquaHub-660110","9001-26756","Male",1.6,2025-09-15,"2025-09-15 1:31"
"978","aquaHub-660298","9001-52022","Male",1.6,2025-09-15,"2025-09-15 1:31"
"979","aquaHub-660110","9001-26756","Male",1.6,2025-09-15,"2025-09-15 1:33"
"980","aquaHub-660298","9001-43149","Male",165,2025-09-15,"2025-09-15 1:33"
"981","aquaHub-660298","9001-64500","Male",1.6,2025-09-15,"2025-09-15 1:33"
"982","aquaHub-660298","9001-52022","Male",1.6,2025-09-15,"2025-09-15 1:34"
"983","aquaHub-661034","9001-43287","Female",201,2025-09-15,"2025-09-15 1:34"
"984","aquaHub-660110","9001-26756","Male",1.6,2025-09-15,"2025-09-15 1:35"
"985","aquaHub-660298","9001-52022","Male",1.6,2025-09-15,"2025-09-15 1:35"
"986","aquaHub-660298","9001-64500","Male",1.6,2025-09-15,"2025-09-15 1:36"
"987","aquaHub-660110","9001-26756","Male",1.6,2025-09-15,"2025-09-15 1:38"
"988","aquaHub-660298","9001-52022","Male",1.6,2025-09-15,"2025-09-15 1:38"
"989","aquaHub-660298","9001-64500","Male",1.6,2025-09-15,"2025-09-15 1:38"
"990","aquaHub-660273","9001-52040","Male",164,2025-09-15,"2025-09-15 1:39"
"991","aquaHub-660298","9001-43149","Male",165,2025-09-15,"2025-09-15 1:40"
"992","aquaHub-660110","9001-26756","Male",1.6,2025-09-15,"2025-09-15 1:41"
"993","aquaHub-660273","9001-52040","Male",164,2025-09-15,"2025-09-15 1:41"
"994","aquaHub-660298","9001-64500","Male",1.6,2025-09-15,"2025-09-15 1:42"
"995","aquaHub-660298","9001-52022","Male",1.6,2025-09-15,"2025-09-15 1:43"
"996","aquaHub-660273","9001-52040","Male",164,2025-09-15,"2025-09-15 1:44"
"997","aquaHub-660298","9001-64500","Male",1.6,2025-09-15,"2025-09-15 1:44"
"998","aquaHub-660298","9001-43149","Male",165,2025-09-15,"2025-09-15 1:45"
"999","aquaHub-660273","9001-52040","Male",164,2025-09-15,"2025-09-15 1:46"
"1000","aquaHub-660298","9001-64500","Male",1.6,2025-09-15,"2025-09-15 1:47"
"1001","aquaHub-660298","9001-43149","Male",165,2025-09-15,"2025-09-15 1:47"
"1002","aquaHub-660298","9001-52022","Male",1.6,2025-09-15,"2025-09-15 1:48"
"1003","aquaHub-660298","9001-52022","Male",1.6,2025-09-15,"2025-09-15 1:50"
"1004","aquaHub-660298","9001-52031","Male",1.6,2025-09-15,"2025-09-15 1:50"
"1005","aquaHub-660273","9001-52040","Male",164,2025-09-15,"2025-09-15 1:50"
"1006","aquaHub-660298","9001-64500","Male",1.6,2025-09-15,"2025-09-15 1:51"
"1007","aquaHub-660298","9001-52022","Male",1.6,2025-09-15,"2025-09-15 1:52"
"1008","aquaHub-660273","9001-52040","Male",164,2025-09-15,"2025-09-15 1:53"
"1009","aquaHub-660298","9001-52022","Male",1.6,2025-09-15,"2025-09-15 1:54"
"1010","aquaHub-660298","9001-43149","Male",165,2025-09-15,"2025-09-15 1:54"
"1011","aquaHub-660298","9001-64500","Male",1.6,2025-09-15,"2025-09-15 1:55"
"1012","aquaHub-660273","9001-52040","Male",164,2025-09-15,"2025-09-15 1:56"
"1013","aquaHub-660298","9001-43149","Male",165,2025-09-15,"2025-09-15 1:56"
"1014","aquaHub-660298","9001-64500","Male",1.6,2025-09-15,"2025-09-15 1:57"
"1015","aquaHub-660143","9001-16713","Female",2.1,2025-09-15,"2025-09-15 1:57"
"1016","aquaHub-660273","9001-52040","Male",164,2025-09-15,"2025-09-15 1:58"
"1017","aquaHub-660298","9001-43149","Male",165,2025-09-15,"2025-09-15 1:58"
"1018","aquaHub-660298","9001-52022","Male",1.6,2025-09-15,"2025-09-15 1:58"
"1019","aquaHub-660298","9001-64500","Male",1.6,2025-09-15,"2025-09-15 1:59"
"1020","aquaHub-660298","9001-52022","Male",1.6,2025-09-15,"2025-09-15 2:00"
"1021","aquaHub-660143","9001-16713","Female",2.1,2025-09-15,"2025-09-15 2:00"
"1022","aquaHub-660273","9001-52040","Male",164,2025-09-15,"2025-09-15 2:01"
"1023","aquaHub-660298","9001-64500","Male",1.6,2025-09-15,"2025-09-15 2:01"
"1024","aquaHub-660298","9001-52022","Male",1.6,2025-09-15,"2025-09-15 2:02"
"1025","aquaHub-660298","9001-43149","Male",165,2025-09-15,"2025-09-15 2:02"
"1026","aquaHub-660143","9001-16713","Female",2.1,2025-09-15,"2025-09-15 2:02"
"1027","aquaHub-660273","9001-52040","Male",164,2025-09-15,"2025-09-15 2:03"
"1028","aquaHub-660298","9001-64500","Male",1.6,2025-09-15,"2025-09-15 2:04"
"1029","aquaHub-660143","9001-16713","Female",2.1,2025-09-15,"2025-09-15 2:04"
"1030","aquaHub-660298","9001-43149","Male",165,2025-09-15,"2025-09-15 2:04"
"1031","aquaHub-660298","9001-52022","Male",1.6,2025-09-15,"2025-09-15 2:05"
"1032","aquaHub-660273","9001-52040","Male",164,2025-09-15,"2025-09-15 2:05"
"1033","aquaHub-660298","9001-64500","Male",1.6,2025-09-15,"2025-09-15 2:06"
"1034","aquaHub-661034","9001-43287","Female",201,2025-09-15,"2025-09-15 2:06"
"1035","aquaHub-660143","9001-16713","Female",2.1,2025-09-15,"2025-09-15 2:06"
"1036","aquaHub-660298","9001-43149","Male",165,2025-09-15,"2025-09-15 2:06"
"1037","aquaHub-660273","9001-52040","Male",164,2025-09-15,"2025-09-15 2:07"
"1038","aquaHub-660298","9001-43149","Male",165,2025-09-15,"2025-09-15 2:09"
"1039","aquaHub-660273","9001-52040","Male",164,2025-09-15,"2025-09-15 2:09"
"1040","aquaHub-660143","9001-16713","Female",2.1,2025-09-15,"2025-09-15 2:09"
"1041","aquaHub-660110","9001-26747","Male",1.4,2025-09-15,"2025-09-15 2:09"
"1042","aquaHub-660298","9001-64500","Male",1.6,2025-09-15,"2025-09-15 2:10"
"1043","aquaHub-660273","9001-52040","Male",164,2025-09-15,"2025-09-15 2:10"
"1044","aquaHub-660298","9001-43149","Male",165,2025-09-15,"2025-09-15 2:11"
"1045","aquaHub-660143","9001-16713","Female",2.1,2025-09-15,"2025-09-15 2:12"
"1046","aquaHub-660273","9001-52040","Male",164,2025-09-15,"2025-09-15 2:12"
"1047","aquaHub-660273","9001-52040","Male",164,2025-09-15,"2025-09-15 2:15"
"1048","aquaHub-660273","9001-52040","Male",164,2025-09-15,"2025-09-15 2:16"
"1049","aquaHub-660273","9001-52040","Male",164,2025-09-15,"2025-09-15 2:19"
"1050","aquaHub-660273","9001-52040","Male",164,2025-09-15,"2025-09-15 2:21"
"1051","aquaHub-660110","9001-26747","Male",1.4,2025-09-15,"2025-09-15 2:25"
"1052","aquaHub-660298","9001-52031","Male",1.6,2025-09-15,"2025-09-15 2:28"
"1053","aquaHub-660273","9001-52040","Male",164,2025-09-15,"2025-09-15 2:29"
"1054","aquaHub-660298","9001-52031","Male",1.6,2025-09-15,"2025-09-15 2:29"
"1055","aquaHub-660273","9001-52040","Male",164,2025-09-15,"2025-09-15 2:31"
"1056","aquaHub-660298","9001-52031","Male",1.6,2025-09-15,"2025-09-15 2:31"
"1057","aquaHub-660273","9001-52040","Male",164,2025-09-15,"2025-09-15 2:33"
"1058","aquaHub-660298","9001-52031","Male",1.6,2025-09-15,"2025-09-15 2:33"
"1059","aquaHub-660273","9001-52040","Male",164,2025-09-15,"2025-09-15 2:34"
"1060","aquaHub-660298","9001-52031","Male",1.6,2025-09-15,"2025-09-15 2:37"
"1061","aquaHub-660143","9001-16713","Female",2.1,2025-09-15,"2025-09-15 2:37"
"1062","aquaHub-660273","9001-52040","Male",164,2025-09-15,"2025-09-15 2:37"
"1063","aquaHub-660273","9001-52040","Male",164,2025-09-15,"2025-09-15 2:39"
"1064","aquaHub-660143","9001-16713","Female",2.1,2025-09-15,"2025-09-15 2:39"
"1065","aquaHub-660298","9001-52031","Male",1.6,2025-09-15,"2025-09-15 2:39"
"1066","aquaHub-660143","9001-16713","Female",2.1,2025-09-15,"2025-09-15 2:41"
"1067","aquaHub-660273","9001-52040","Male",164,2025-09-15,"2025-09-15 2:41"
"1068","aquaHub-660298","9001-52031","Male",1.6,2025-09-15,"2025-09-15 2:42"
"1069","aquaHub-660298","9001-43149","Male",165,2025-09-15,"2025-09-15 2:42"
"1070","aquaHub-660143","9001-16713","Female",2.1,2025-09-15,"2025-09-15 2:43"
"1071","aquaHub-660143","9001-16713","Female",2.1,2025-09-15,"2025-09-15 2:45"
"1072","aquaHub-660298","9001-43149","Male",165,2025-09-15,"2025-09-15 2:45"
"1073","aquaHub-660298","9001-52031","Male",1.6,2025-09-15,"2025-09-15 2:45"
"1074","aquaHub-660298","9001-43149","Male",165,2025-09-15,"2025-09-15 2:46"
"1075","aquaHub-660298","9001-52031","Male",1.6,2025-09-15,"2025-09-15 2:47"
"1076","aquaHub-660298","9001-52022","Male",1.6,2025-09-15,"2025-09-15 2:47"
"1077","aquaHub-660298","9001-43149","Male",165,2025-09-15,"2025-09-15 2:48"
"1078","aquaHub-660298","9001-52031","Male",1.6,2025-09-15,"2025-09-15 2:48"
"1079","aquaHub-660143","9001-16713","Female",2.1,2025-09-15,"2025-09-15 2:49"
"1080","aquaHub-660298","9001-52022","Male",1.6,2025-09-15,"2025-09-15 2:49"
"1081","aquaHub-660298","9001-52031","Male",1.6,2025-09-15,"2025-09-15 2:50"
"1082","aquaHub-660298","9001-52022","Male",1.6,2025-09-15,"2025-09-15 2:51"
"1083","aquaHub-660298","9001-52031","Male",1.6,2025-09-15,"2025-09-15 2:51"
"1084","aquaHub-660298","9001-43149","Male",165,2025-09-15,"2025-09-15 2:53"
"1085","aquaHub-660110","9001-26747","Male",1.4,2025-09-15,"2025-09-15 2:55"
"1086","aquaHub-660298","9001-43149","Male",165,2025-09-15,"2025-09-15 2:55"
"1087","aquaHub-660298","9001-52031","Male",1.6,2025-09-15,"2025-09-15 2:56"
"1088","aquaHub-660298","9001-52022","Male",1.6,2025-09-15,"2025-09-15 2:57"
"1089","aquaHub-660143","9001-16713","Female",2.1,2025-09-15,"2025-09-15 2:57"
"1090","aquaHub-660143","9001-16713","Female",2.1,2025-09-15,"2025-09-15 2:59"
"1091","aquaHub-660298","9001-52031","Male",1.6,2025-09-15,"2025-09-15 2:59"
"1092","aquaHub-660298","9001-52022","Male",1.6,2025-09-15,"2025-09-15 2:59"
"1093","aquaHub-660298","9001-43149","Male",165,2025-09-15,"2025-09-15 3:00"
"1094","aquaHub-660298","9001-52022","Male",1.6,2025-09-15,"2025-09-15 3:01"
"1095","aquaHub-660298","9001-52031","Male",1.6,2025-09-15,"2025-09-15 3:01"
"1096","aquaHub-660298","9001-43149","Male",165,2025-09-15,"2025-09-15 3:02"
"1097","aquaHub-660298","9001-52022","Male",1.6,2025-09-15,"2025-09-15 3:03"
"1098","aquaHub-660298","9001-52031","Male",1.6,2025-09-15,"2025-09-15 3:03"
"1099","aquaHub-660298","9001-52022","Male",1.6,2025-09-15,"2025-09-15 3:05"
"1100","aquaHub-660298","9001-52031","Male",1.6,2025-09-15,"2025-09-15 3:07"
"1101","aquaHub-660110","9001-26747","Male",1.4,2025-09-15,"2025-09-15 3:07"
"1102","aquaHub-660298","9001-52031","Male",1.6,2025-09-15,"2025-09-15 3:12"
"1103","aquaHub-660298","9001-43149","Male",165,2025-09-15,"2025-09-15 3:15"
"1104","aquaHub-660143","9001-16713","Female",2.1,2025-09-15,"2025-09-15 3:18"
"1105","aquaHub-660298","9001-43149","Male",165,2025-09-15,"2025-09-15 3:19"
"1106","aquaHub-660143","9001-16713","Female",2.1,2025-09-15,"2025-09-15 3:21"
"1107","aquaHub-660298","9001-52031","Male",1.6,2025-09-15,"2025-09-15 3:21"
"1108","aquaHub-660298","9001-52031","Male",1.6,2025-09-15,"2025-09-15 3:23"
"1109","aquaHub-660298","9001-52031","Male",1.6,2025-09-15,"2025-09-15 3:24"
"1110","aquaHub-660298","9001-52031","Male",1.6,2025-09-15,"2025-09-15 3:26"
"1111","aquaHub-660298","9001-43149","Male",165,2025-09-15,"2025-09-15 3:27"
"1112","aquaHub-660298","9001-52031","Male",1.6,2025-09-15,"2025-09-15 3:31"
"1113","aquaHub-660298","9001-52031","Male",1.6,2025-09-15,"2025-09-15 3:33"
"1114","aquaHub-660298","9001-52031","Male",1.6,2025-09-15,"2025-09-15 3:35"
"1115","aquaHub-660143","9001-16713","Female",2.1,2025-09-15,"2025-09-15 3:35"
"1116","aquaHub-660298","9001-52031","Male",1.6,2025-09-15,"2025-09-15 3:37"
"1117","aquaHub-660298","9001-52031","Male",1.6,2025-09-15,"2025-09-15 3:39"
"1118","aquaHub-660298","9001-52031","Male",1.6,2025-09-15,"2025-09-15 3:42"
"1119","aquaHub-660298","9001-52031","Male",1.6,2025-09-15,"2025-09-15 3:44"
"1120","aquaHub-660298","9001-52031","Male",1.6,2025-09-15,"2025-09-15 3:47"
"1121","aquaHub-660298","9001-52031","Male",1.6,2025-09-15,"2025-09-15 3:49"
"1122","aquaHub-660298","9001-52031","Male",1.6,2025-09-15,"2025-09-15 3:51"
"1123","aquaHub-660298","9001-64500","Male",1.6,2025-09-15,"2025-09-15 3:52"
"1124","aquaHub-660298","9001-52022","Male",1.6,2025-09-15,"2025-09-15 3:53"
"1125","aquaHub-660298","9001-52017","Male",1.6,2025-09-15,"2025-09-15 3:53"
"1126","aquaHub-660298","9001-52031","Male",1.6,2025-09-15,"2025-09-15 3:53"
"1127","aquaHub-660298","9001-64500","Male",1.6,2025-09-15,"2025-09-15 3:53"
"1128","aquaHub-660298","9001-52017","Male",1.6,2025-09-15,"2025-09-15 3:55"
"1129","aquaHub-660298","9001-52022","Male",1.6,2025-09-15,"2025-09-15 3:55"
"1130","aquaHub-660298","9001-52031","Male",1.6,2025-09-15,"2025-09-15 3:55"
"1131","aquaHub-660298","9001-52022","Male",1.6,2025-09-15,"2025-09-15 3:57"
"1132","aquaHub-660298","9001-52031","Male",1.6,2025-09-15,"2025-09-15 3:57"
"1133","aquaHub-660273","9001-52032","Female",1.8,2025-09-15,"2025-09-15 3:57"
"1134","aquaHub-660298","9001-52017","Male",1.6,2025-09-15,"2025-09-15 3:58"
"1135","aquaHub-660298","9001-64500","Male",1.6,2025-09-15,"2025-09-15 3:58"
"1136","aquaHub-660298","9001-52031","Male",1.6,2025-09-15,"2025-09-15 3:59"
"1137","aquaHub-660298","9001-52022","Male",1.6,2025-09-15,"2025-09-15 4:00"
"1138","aquaHub-660298","9001-52031","Male",1.6,2025-09-15,"2025-09-15 4:00"
"1139","aquaHub-660298","9001-52031","Male",1.6,2025-09-15,"2025-09-15 4:02"
"1140","aquaHub-660298","9001-52022","Male",1.6,2025-09-15,"2025-09-15 4:02"
"1141","aquaHub-660298","9001-52017","Male",1.6,2025-09-15,"2025-09-15 4:02"
"1142","aquaHub-660298","9001-52031","Male",1.6,2025-09-15,"2025-09-15 4:04"
"1143","aquaHub-660298","9001-52022","Male",1.6,2025-09-15,"2025-09-15 4:07"
"1144","aquaHub-660298","9001-52022","Male",1.6,2025-09-15,"2025-09-15 4:08"
"1145","aquaHub-660298","9001-52022","Male",1.6,2025-09-15,"2025-09-15 4:16"
"1146","aquaHub-660298","9001-52022","Male",1.6,2025-09-15,"2025-09-15 4:20"
"1147","aquaHub-661034","9001-43287","Female",201,2025-09-15,"2025-09-15 4:48"
"1148","aquaHub-661034","9001-43287","Female",201,2025-09-15,"2025-09-15 4:50"
"1149","aquaHub-661034","9001-43287","Female",201,2025-09-15,"2025-09-15 4:56"
"1150","aquaHub-660110","9001-26747","Male",1.4,2025-09-15,"2025-09-15 4:57"
"1151","aquaHub-661034","9001-43287","Female",201,2025-09-15,"2025-09-15 4:58"
"1152","aquaHub-661034","9001-43287","Female",201,2025-09-15,"2025-09-15 5:06"
"1153","aquaHub-660110","9001-52032","Female",1.8,2025-09-15,"2025-09-15 5:07"
"1154","aquaHub-660110","9001-52032","Female",1.8,2025-09-15,"2025-09-15 5:09"
"1155","aquaHub-660110","9001-52032","Female",1.8,2025-09-15,"2025-09-15 5:10"
"1156","aquaHub-660298","9001-64500","Male",1.6,2025-09-15,"2025-09-15 5:11"
"1157","aquaHub-660110","9001-52032","Female",1.8,2025-09-15,"2025-09-15 5:12"
"1158","aquaHub-661034","9001-43287","Female",201,2025-09-15,"2025-09-15 5:13"
"1159","aquaHub-660110","9001-52032","Female",1.8,2025-09-15,"2025-09-15 5:15"
"1160","aquaHub-661034","9001-43287","Female",201,2025-09-15,"2025-09-15 5:16"
"1161","aquaHub-660110","9001-52032","Female",1.8,2025-09-15,"2025-09-15 5:17"
"1162","aquaHub-661034","9001-43287","Female",201,2025-09-15,"2025-09-15 5:18"
"1163","aquaHub-660298","9001-52039","Male",170,2025-09-15,"2025-09-15 5:19"
"1164","aquaHub-660110","9001-52032","Female",1.8,2025-09-15,"2025-09-15 5:19"
"1165","aquaHub-661034","9001-43287","Female",201,2025-09-15,"2025-09-15 5:20"
"1166","aquaHub-660298","9001-43149","Male",165,2025-09-15,"2025-09-15 5:21"
"1167","aquaHub-660110","9001-52032","Female",1.8,2025-09-15,"2025-09-15 5:22"
"1168","aquaHub-661034","9001-43287","Female",201,2025-09-15,"2025-09-15 5:25"
"1169","aquaHub-660110","9001-52032","Female",1.8,2025-09-15,"2025-09-15 5:25"
"1170","aquaHub-660298","9001-43149","Male",165,2025-09-15,"2025-09-15 5:26"
"1171","aquaHub-661034","9001-43287","Female",201,2025-09-15,"2025-09-15 5:26"
"1172","aquaHub-660110","9001-52032","Female",1.8,2025-09-15,"2025-09-15 5:27"
"1173","aquaHub-660110","9001-52032","Female",1.8,2025-09-15,"2025-09-15 5:28"
"1174","aquaHub-660110","9001-52032","Female",1.8,2025-09-15,"2025-09-15 5:30"
"1175","aquaHub-660110","9001-47193","Male",159,2025-09-15,"2025-09-15 5:30"
"1176","aquaHub-661034","9001-43287","Female",201,2025-09-15,"2025-09-15 5:31"
"1177","aquaHub-660110","9001-52032","Female",1.8,2025-09-15,"2025-09-15 5:32"
"1178","aquaHub-661034","9001-43287","Female",201,2025-09-15,"2025-09-15 5:32"
"1179","aquaHub-660110","9001-47193","Male",159,2025-09-15,"2025-09-15 5:32"
"1180","aquaHub-661034","9001-43287","Female",201,2025-09-15,"2025-09-15 5:33"
"1181","aquaHub-660110","9001-47193","Male",159,2025-09-15,"2025-09-15 5:34"
"1182","aquaHub-660110","9001-52032","Female",1.8,2025-09-15,"2025-09-15 5:34"
"1183","aquaHub-660298","9001-52017","Male",1.6,2025-09-15,"2025-09-15 5:35"
"1184","aquaHub-660110","9001-47193","Male",159,2025-09-15,"2025-09-15 5:36"
"1185","aquaHub-661034","9001-43287","Female",201,2025-09-15,"2025-09-15 5:36"
"1186","aquaHub-660110","9001-52032","Female",1.8,2025-09-15,"2025-09-15 5:36"
"1187","aquaHub-660110","9001-47193","Male",159,2025-09-15,"2025-09-15 5:37"
"1188","aquaHub-660110","9001-52032","Female",1.8,2025-09-15,"2025-09-15 5:39"
"1189","aquaHub-660110","9001-47193","Male",159,2025-09-15,"2025-09-15 5:40"
"1190","aquaHub-660110","9001-47193","Male",159,2025-09-15,"2025-09-15 5:41"
"1191","aquaHub-660110","9001-52032","Female",1.8,2025-09-15,"2025-09-15 5:41"
"1192","aquaHub-660298","9001-52017","Male",1.6,2025-09-15,"2025-09-15 5:42"
"1193","aquaHub-660110","9001-47193","Male",159,2025-09-15,"2025-09-15 5:43"
"1194","aquaHub-660110","9001-52032","Female",1.8,2025-09-15,"2025-09-15 5:44"
"1195","aquaHub-660298","9001-52017","Male",1.6,2025-09-15,"2025-09-15 5:44"
"1196","aquaHub-660110","9001-47193","Male",159,2025-09-15,"2025-09-15 5:45"
"1197","aquaHub-660110","9001-52032","Female",1.8,2025-09-15,"2025-09-15 5:46"
"1198","aquaHub-660298","9001-52017","Male",1.6,2025-09-15,"2025-09-15 5:46"
"1199","aquaHub-661034","9001-43287","Female",201,2025-09-15,"2025-09-15 5:47"
"1200","aquaHub-660110","9001-47193","Male",159,2025-09-15,"2025-09-15 5:47"
"1201","aquaHub-660298","9001-52017","Male",1.6,2025-09-15,"2025-09-15 5:48"
"1202","aquaHub-660110","9001-52032","Female",1.8,2025-09-15,"2025-09-15 5:48"
"1203","aquaHub-660298","9001-52017","Male",1.6,2025-09-15,"2025-09-15 5:49"
"1204","aquaHub-660110","9001-47193","Male",159,2025-09-15,"2025-09-15 5:50"
"1205","aquaHub-660110","9001-52032","Female",1.8,2025-09-15,"2025-09-15 5:51"
"1206","aquaHub-660298","9001-52017","Male",1.6,2025-09-15,"2025-09-15 5:51"
"1207","aquaHub-660298","9001-52017","Male",1.6,2025-09-15,"2025-09-15 5:54"
"1208","aquaHub-660298","9001-52017","Male",1.6,2025-09-15,"2025-09-15 5:56"
"1209","aquaHub-660298","9001-52017","Male",1.6,2025-09-15,"2025-09-15 5:58"
"1210","aquaHub-660298","9001-52017","Male",1.6,2025-09-15,"2025-09-15 6:00"
"1211","aquaHub-660298","9001-52017","Male",1.6,2025-09-15,"2025-09-15 6:02"
"1212","aquaHub-660298","9001-52017","Male",1.6,2025-09-15,"2025-09-15 6:04"
"1213","aquaHub-660298","9001-52017","Male",1.6,2025-09-15,"2025-09-15 6:06"
"1214","aquaHub-660143","9001-52036","Male",161,2025-09-15,"2025-09-15 6:06"
"1215","aquaHub-660298","9001-52017","Male",1.6,2025-09-15,"2025-09-15 6:08"
"1216","aquaHub-660143","9001-52036","Male",161,2025-09-15,"2025-09-15 6:09"
"1217","aquaHub-660298","9001-52017","Male",1.6,2025-09-15,"2025-09-15 6:10"
"1218","aquaHub-660298","9001-52017","Male",1.6,2025-09-15,"2025-09-15 6:12"
"1219","aquaHub-660298","9001-52017","Male",1.6,2025-09-15,"2025-09-15 6:16"
"1220","aquaHub-660298","9001-52017","Male",1.6,2025-09-15,"2025-09-15 6:18"
"1221","aquaHub-660298","9001-52017","Male",1.6,2025-09-15,"2025-09-15 6:20"
"1222","aquaHub-660298","9001-52017","Male",1.6,2025-09-15,"2025-09-15 6:22"
"1223","aquaHub-660298","9001-52017","Male",1.6,2025-09-15,"2025-09-15 6:25"
"1224","aquaHub-660298","9001-52017","Male",1.6,2025-09-15,"2025-09-15 6:29"
"1225","aquaHub-660298","9001-52017","Male",1.6,2025-09-15,"2025-09-15 6:31"
"1226","aquaHub-660298","9001-52017","Male",1.6,2025-09-15,"2025-09-15 6:34"
"1227","aquaHub-660298","9001-52017","Male",1.6,2025-09-15,"2025-09-15 6:38"
"1228","aquaHub-660141","9001-52029","Male",1.5,2025-09-15,"2025-09-15 6:40"
"1229","aquaHub-660141","9001-52029","Male",1.5,2025-09-15,"2025-09-15 6:43"
"1230","aquaHub-660141","9001-52029","Male",1.5,2025-09-15,"2025-09-15 6:50"
"1231","aquaHub-660141","9001-52029","Male",1.5,2025-09-15,"2025-09-15 6:56"
"1232","aquaHub-660141","9001-52029","Male",1.5,2025-09-15,"2025-09-15 6:59"
"1233","aquaHub-660141","9001-52029","Male",1.5,2025-09-15,"2025-09-15 7:01"
"1234","aquaHub-660141","9001-52029","Male",1.5,2025-09-15,"2025-09-15 7:06"
"1235","aquaHub-660141","9001-52029","Male",1.5,2025-09-15,"2025-09-15 7:10"
"1236","aquaHub-660141","9001-52029","Male",1.5,2025-09-15,"2025-09-15 7:13"
"1237","aquaHub-660141","9001-52029","Male",1.5,2025-09-15,"2025-09-15 7:15"
"1238","aquaHub-660298","9001-52017","Male",1.6,2025-09-15,"2025-09-15 7:20"
"1239","aquaHub-660141","9001-52029","Male",1.5,2025-09-15,"2025-09-15 7:21"
"1240","aquaHub-660298","9001-52017","Male",1.6,2025-09-15,"2025-09-15 7:25"
"1241","aquaHub-660141","9001-52029","Male",1.5,2025-09-15,"2025-09-15 7:25"
"1242","aquaHub-660110","9001-47193","Male",159,2025-09-15,"2025-09-15 7:25"
"1243","aquaHub-660141","9001-52029","Male",1.5,2025-09-15,"2025-09-15 7:27"
"1244","aquaHub-660110","9001-47193","Male",159,2025-09-15,"2025-09-15 7:29"
"1245","aquaHub-660110","9001-47193","Male",159,2025-09-15,"2025-09-15 7:31"
"1246","aquaHub-660141","9001-52029","Male",1.5,2025-09-15,"2025-09-15 7:32"
"1247","aquaHub-660110","9001-47193","Male",159,2025-09-15,"2025-09-15 7:33"
"1248","aquaHub-660273","9001-52032","Female",1.8,2025-09-15,"2025-09-15 7:35"
"1249","aquaHub-660141","9001-52029","Male",1.5,2025-09-15,"2025-09-15 7:36"
"1250","aquaHub-660110","9001-47193","Male",159,2025-09-15,"2025-09-15 7:37"
"1251","aquaHub-660141","9001-52029","Male",1.5,2025-09-15,"2025-09-15 7:38"
"1252","aquaHub-660298","9001-52022","Male",1.6,2025-09-15,"2025-09-15 7:40"
"1253","aquaHub-660273","9001-52032","Female",1.8,2025-09-15,"2025-09-15 7:40"
"1254","aquaHub-660141","9001-52029","Male",1.5,2025-09-15,"2025-09-15 7:41"
"1255","aquaHub-660110","9001-47193","Male",159,2025-09-15,"2025-09-15 7:43"
"1256","aquaHub-660141","9001-52029","Male",1.5,2025-09-15,"2025-09-15 7:43"
"1257","aquaHub-660141","9001-52029","Male",1.5,2025-09-15,"2025-09-15 7:45"
"1258","aquaHub-660298","9001-43149","Male",165,2025-09-15,"2025-09-15 7:49"
"1259","aquaHub-660141","9001-52029","Male",1.5,2025-09-15,"2025-09-15 7:49"
"1260","aquaHub-660298","9001-52039","Male",170,2025-09-15,"2025-09-15 7:50"
"1261","aquaHub-660298","9001-64500","Male",1.6,2025-09-15,"2025-09-15 7:51"
"1262","aquaHub-660298","9001-43149","Male",165,2025-09-15,"2025-09-15 7:51"
"1263","aquaHub-660298","9001-52039","Male",170,2025-09-15,"2025-09-15 7:52"
"1264","aquaHub-660298","9001-64500","Male",1.6,2025-09-15,"2025-09-15 7:53"
"1265","aquaHub-660298","9001-52031","Male",1.6,2025-09-15,"2025-09-15 7:53"
"1266","aquaHub-660298","9001-64500","Male",1.6,2025-09-15,"2025-09-15 7:54"
"1267","aquaHub-660298","9001-52017","Male",1.6,2025-09-15,"2025-09-15 7:58"
"1268","aquaHub-660298","9001-43149","Male",165,2025-09-15,"2025-09-15 7:59"
"1269","aquaHub-660141","9001-52029","Male",1.5,2025-09-15,"2025-09-15 8:00"
"1270","aquaHub-660298","9001-52039","Male",170,2025-09-15,"2025-09-15 8:01"
"1271","aquaHub-660273","9001-52032","Female",1.8,2025-09-15,"2025-09-15 8:01"
"1272","aquaHub-660298","9001-43149","Male",165,2025-09-15,"2025-09-15 8:04"
"1273","aquaHub-660273","9001-52032","Female",1.8,2025-09-15,"2025-09-15 8:13"
"1274","aquaHub-660273","9001-52032","Female",1.8,2025-09-15,"2025-09-15 8:18"
"1275","aquaHub-660141","9001-52029","Male",1.5,2025-09-15,"2025-09-15 8:19"
"1276","aquaHub-660273","9001-52032","Female",1.8,2025-09-15,"2025-09-15 8:20"
"1277","aquaHub-660273","9001-52032","Female",1.8,2025-09-15,"2025-09-15 8:22"
"1278","aquaHub-660273","9001-52032","Female",1.8,2025-09-15,"2025-09-15 8:24"
"1279","aquaHub-660273","9001-26747","Male",1.4,2025-09-15,"2025-09-15 8:26"
"1280","aquaHub-660298","9001-64500","Male",1.6,2025-09-15,"2025-09-15 8:43"
"1281","aquaHub-660298","9001-52017","Male",1.6,2025-09-15,"2025-09-15 9:00"
"1282","aquaHub-660298","9001-43149","Male",165,2025-09-15,"2025-09-15 9:00"
"1283","aquaHub-660298","9001-52022","Male",1.6,2025-09-15,"2025-09-15 9:01"
"1284","aquaHub-660298","9001-52022","Male",1.6,2025-09-15,"2025-09-15 9:03"
"1285","aquaHub-660298","9001-52017","Male",1.6,2025-09-15,"2025-09-15 9:06"
"1286","aquaHub-660298","9001-43149","Male",165,2025-09-15,"2025-09-15 9:07"
"1287","aquaHub-660298","9001-52039","Male",170,2025-09-15,"2025-09-15 9:07"
"1288","aquaHub-660298","9001-52022","Male",1.6,2025-09-15,"2025-09-15 9:08"
"1289","aquaHub-660298","9001-52017","Male",1.6,2025-09-15,"2025-09-15 9:08"
"1290","aquaHub-660298","9001-52039","Male",170,2025-09-15,"2025-09-15 9:09"
"1291","aquaHub-660298","9001-52031","Male",1.6,2025-09-15,"2025-09-15 9:09"
"1292","aquaHub-660298","9001-52022","Male",1.6,2025-09-15,"2025-09-15 9:10"
"1293","aquaHub-660298","9001-52017","Male",1.6,2025-09-15,"2025-09-15 9:10"
"1294","aquaHub-660298","9001-52031","Male",1.6,2025-09-15,"2025-09-15 9:11"
"1295","aquaHub-660298","9001-52039","Male",170,2025-09-15,"2025-09-15 9:12"
"1296","aquaHub-660298","9001-52022","Male",1.6,2025-09-15,"2025-09-15 9:12"
"1297","aquaHub-660298","9001-43149","Male",165,2025-09-15,"2025-09-15 9:13"
"1298","aquaHub-660298","9001-52031","Male",1.6,2025-09-15,"2025-09-15 9:13"
"1299","aquaHub-660298","9001-52039","Male",170,2025-09-15,"2025-09-15 9:14"
"1300","aquaHub-660298","9001-52022","Male",1.6,2025-09-15,"2025-09-15 9:15"
"1301","aquaHub-660298","9001-52039","Male",170,2025-09-15,"2025-09-15 9:16"
"1302","aquaHub-660298","9001-52022","Male",1.6,2025-09-15,"2025-09-15 9:16"
"1303","aquaHub-660298","9001-43149","Male",165,2025-09-15,"2025-09-15 9:17"
"1304","aquaHub-660298","9001-43149","Male",165,2025-09-15,"2025-09-15 9:19"
"1305","aquaHub-660298","9001-52017","Male",1.6,2025-09-15,"2025-09-15 9:20"
"1306","aquaHub-660298","9001-52022","Male",1.6,2025-09-15,"2025-09-15 9:20"
"1307","aquaHub-660298","9001-52039","Male",170,2025-09-15,"2025-09-15 9:20"
"1308","aquaHub-660298","9001-43149","Male",165,2025-09-15,"2025-09-15 9:21"
"1309","aquaHub-660298","9001-52022","Male",1.6,2025-09-15,"2025-09-15 9:22"
"1310","aquaHub-660298","9001-43149","Male",165,2025-09-15,"2025-09-15 9:23"
"1311","aquaHub-660298","9001-52039","Male",170,2025-09-15,"2025-09-15 9:24"
"1312","aquaHub-660298","9001-52022","Male",1.6,2025-09-15,"2025-09-15 9:24"
"1313","aquaHub-660298","9001-43149","Male",165,2025-09-15,"2025-09-15 9:25"
"1314","aquaHub-661034","9001-43287","Female",201,2025-09-15,"2025-09-15 9:26"
"1315","aquaHub-660298","9001-43149","Male",165,2025-09-15,"2025-09-15 9:27"
"1316","aquaHub-660298","9001-52039","Male",170,2025-09-15,"2025-09-15 9:27"
"1317","aquaHub-660298","9001-52017","Male",1.6,2025-09-15,"2025-09-15 9:28"
"1318","aquaHub-660298","9001-52022","Male",1.6,2025-09-15,"2025-09-15 9:29"
"1319","aquaHub-660298","9001-52039","Male",170,2025-09-15,"2025-09-15 9:29"
"1320","aquaHub-660298","9001-52017","Male",1.6,2025-09-15,"2025-09-15 9:30"
"1321","aquaHub-660298","9001-52031","Male",1.6,2025-09-15,"2025-09-15 9:30"
"1322","aquaHub-660298","9001-52022","Male",1.6,2025-09-15,"2025-09-15 9:31"
"1323","aquaHub-660298","9001-52039","Male",170,2025-09-15,"2025-09-15 9:31"
"1324","aquaHub-660298","9001-43149","Male",165,2025-09-15,"2025-09-15 9:32"
"1325","aquaHub-660298","9001-52017","Male",1.6,2025-09-15,"2025-09-15 9:32"
"1326","aquaHub-660298","9001-52031","Male",1.6,2025-09-15,"2025-09-15 9:32"
"1327","aquaHub-660110","9001-43148","Male",162,2025-09-15,"2025-09-15 9:33"
"1328","aquaHub-660298","9001-52022","Male",1.6,2025-09-15,"2025-09-15 9:33"
"1329","aquaHub-660298","9001-52039","Male",170,2025-09-15,"2025-09-15 9:34"
"1330","aquaHub-660298","9001-52031","Male",1.6,2025-09-15,"2025-09-15 9:34"
"1331","aquaHub-660298","9001-43149","Male",165,2025-09-15,"2025-09-15 9:34"
"1332","aquaHub-660298","9001-52022","Male",1.6,2025-09-15,"2025-09-15 9:35"
"1333","aquaHub-660298","9001-52017","Male",1.6,2025-09-15,"2025-09-15 9:36"
"1334","aquaHub-660298","9001-52031","Male",1.6,2025-09-15,"2025-09-15 9:37"
"1335","aquaHub-660298","9001-43149","Male",165,2025-09-15,"2025-09-15 9:37"
"1336","aquaHub-660298","9001-52017","Male",1.6,2025-09-15,"2025-09-15 9:38"
"1337","aquaHub-660298","9001-52039","Male",170,2025-09-15,"2025-09-15 9:39"
"1338","aquaHub-660298","9001-52031","Male",1.6,2025-09-15,"2025-09-15 9:39"
"1339","aquaHub-660298","9001-52039","Male",170,2025-09-15,"2025-09-15 9:41"
"1340","aquaHub-660298","9001-43149","Male",165,2025-09-15,"2025-09-15 9:42"
"1341","aquaHub-660298","9001-52031","Male",1.6,2025-09-15,"2025-09-15 9:42"
"1342","aquaHub-660298","9001-52022","Male",1.6,2025-09-15,"2025-09-15 9:42"
"1343","aquaHub-660298","9001-43149","Male",165,2025-09-15,"2025-09-15 9:43"
"1344","aquaHub-660298","9001-52039","Male",170,2025-09-15,"2025-09-15 9:43"
"1345","aquaHub-660298","9001-52031","Male",1.6,2025-09-15,"2025-09-15 9:44"
"1346","aquaHub-660298","9001-52022","Male",1.6,2025-09-15,"2025-09-15 9:45"
"1347","aquaHub-660298","9001-52039","Male",170,2025-09-15,"2025-09-15 9:47"
"1348","aquaHub-660298","9001-43149","Male",165,2025-09-15,"2025-09-15 9:48"
"1349","aquaHub-660298","9001-52039","Male",170,2025-09-15,"2025-09-15 9:50"
"1350","aquaHub-660298","9001-43149","Male",165,2025-09-15,"2025-09-15 9:50"
"1351","aquaHub-660298","9001-52022","Male",1.6,2025-09-15,"2025-09-15 9:50"
"1352","aquaHub-660298","9001-52017","Male",1.6,2025-09-15,"2025-09-15 9:51"
"1353","aquaHub-660298","9001-43149","Male",165,2025-09-15,"2025-09-15 9:51"
"1354","aquaHub-660298","9001-52022","Male",1.6,2025-09-15,"2025-09-15 9:53"
"1355","aquaHub-660298","9001-52017","Male",1.6,2025-09-15,"2025-09-15 9:53"
"1356","aquaHub-660298","9001-52039","Male",170,2025-09-15,"2025-09-15 9:54"
"1357","aquaHub-660298","9001-52022","Male",1.6,2025-09-15,"2025-09-15 9:54"
"1358","aquaHub-660298","9001-52039","Male",170,2025-09-15,"2025-09-15 9:55"
"1359","aquaHub-660298","9001-43149","Male",165,2025-09-15,"2025-09-15 9:55"
"1360","aquaHub-660298","9001-52017","Male",1.6,2025-09-15,"2025-09-15 9:56"
"1361","aquaHub-660298","9001-52022","Male",1.6,2025-09-15,"2025-09-15 9:56"
"1362","aquaHub-660298","9001-52039","Male",170,2025-09-15,"2025-09-15 9:57"
"1363","aquaHub-660298","9001-43149","Male",165,2025-09-15,"2025-09-15 9:58"
"1364","aquaHub-660298","9001-52017","Male",1.6,2025-09-15,"2025-09-15 9:59"
"1365","aquaHub-660298","9001-43149","Male",165,2025-09-15,"2025-09-15 10:02"
"1366","aquaHub-660110","9001-43148","Male",162,2025-09-15,"2025-09-15 10:02"
"1367","aquaHub-660298","9001-52022","Male",1.6,2025-09-15,"2025-09-15 10:03"
"1368","aquaHub-660298","9001-43149","Male",165,2025-09-15,"2025-09-15 10:04"
"1369","aquaHub-660298","9001-52022","Male",1.6,2025-09-15,"2025-09-15 10:05"
"1370","aquaHub-660298","9001-52017","Male",1.6,2025-09-15,"2025-09-15 10:06"
"1371","aquaHub-660110","9001-43148","Male",162,2025-09-15,"2025-09-15 10:09"
"1372","aquaHub-660298","9001-52017","Male",1.6,2025-09-15,"2025-09-15 10:13"
"1373","aquaHub-661034","9001-43287","Female",201,2025-09-15,"2025-09-15 10:13"
"1374","aquaHub-660110","9001-43148","Male",162,2025-09-15,"2025-09-15 10:25"
"1375","aquaHub-660298","9001-52031","Male",1.6,2025-09-15,"2025-09-15 10:26"
"1376","aquaHub-660298","9001-52031","Male",1.6,2025-09-15,"2025-09-15 10:27"
"1377","aquaHub-661034","9001-43287","Female",201,2025-09-15,"2025-09-15 10:27"
"1378","aquaHub-660298","9001-52031","Male",1.6,2025-09-15,"2025-09-15 10:29"
"1379","aquaHub-660110","9001-43148","Male",162,2025-09-15,"2025-09-15 10:29"
"1380","aquaHub-660298","9001-52031","Male",1.6,2025-09-15,"2025-09-15 10:33"
"1381","aquaHub-660110","9001-43148","Male",162,2025-09-15,"2025-09-15 10:37"
"1382","aquaHub-660298","9001-52022","Male",1.6,2025-09-15,"2025-09-15 10:38"
"1383","aquaHub-660298","9001-52031","Male",1.6,2025-09-15,"2025-09-15 10:38"
"1384","aquaHub-660298","9001-43149","Male",165,2025-09-15,"2025-09-15 10:39"
"1385","aquaHub-660110","9001-43148","Male",162,2025-09-15,"2025-09-15 10:40"
"1386","aquaHub-660298","9001-52022","Male",1.6,2025-09-15,"2025-09-15 10:40"
"1387","aquaHub-661034","9001-43287","Female",201,2025-09-15,"2025-09-15 10:40"
"1388","aquaHub-660298","9001-43149","Male",165,2025-09-15,"2025-09-15 10:40"
"1389","aquaHub-660298","9001-52017","Male",1.6,2025-09-15,"2025-09-15 10:41"
"1390","aquaHub-660298","9001-52031","Male",1.6,2025-09-15,"2025-09-15 10:43"
"1391","aquaHub-661034","9001-43287","Female",201,2025-09-15,"2025-09-15 10:44"
"1392","aquaHub-660298","9001-43149","Male",165,2025-09-15,"2025-09-15 10:44"
"1393","aquaHub-660298","9001-52022","Male",1.6,2025-09-15,"2025-09-15 10:44"
"1394","aquaHub-661034","9001-43287","Female",201,2025-09-15,"2025-09-15 10:45"
"1395","aquaHub-660298","9001-43149","Male",165,2025-09-15,"2025-09-15 10:46"
"1396","aquaHub-660298","9001-43149","Male",165,2025-09-15,"2025-09-15 10:48"
"1397","aquaHub-661034","9001-43287","Female",201,2025-09-15,"2025-09-15 10:50"
"1398","aquaHub-660298","9001-43149","Male",165,2025-09-15,"2025-09-15 10:51"
"1399","aquaHub-660298","9001-52031","Male",1.6,2025-09-15,"2025-09-15 10:51"
"1400","aquaHub-661034","9001-43287","Female",201,2025-09-15,"2025-09-15 10:52"
"1401","aquaHub-660298","9001-43149","Male",165,2025-09-15,"2025-09-15 10:52"
"1402","aquaHub-660298","9001-43149","Male",165,2025-09-15,"2025-09-15 10:55"
"1403","aquaHub-661034","9001-43287","Female",201,2025-09-15,"2025-09-15 10:55"
"1404","aquaHub-661034","9001-43287","Female",201,2025-09-15,"2025-09-15 10:57"
"1405","aquaHub-661034","9001-43287","Female",201,2025-09-15,"2025-09-15 10:58"
"1406","aquaHub-661034","9001-43287","Female",201,2025-09-15,"2025-09-15 11:00"
"1407","aquaHub-661034","9001-43287","Female",201,2025-09-15,"2025-09-15 11:02"
"1408","aquaHub-661034","9001-43287","Female",201,2025-09-15,"2025-09-15 11:04"
"1409","aquaHub-660141","9001-52029","Male",1.5,2025-09-15,"2025-09-15 11:05"
"1410","aquaHub-661034","9001-43287","Female",201,2025-09-15,"2025-09-15 11:09"
"1411","aquaHub-661034","9001-43287","Female",201,2025-09-15,"2025-09-15 11:13"
"1412","aquaHub-661034","9001-43287","Female",201,2025-09-15,"2025-09-15 11:15"
"1413","aquaHub-661034","9001-43287","Female",201,2025-09-15,"2025-09-15 11:18"
"1414","aquaHub-661034","9001-43287","Female",201,2025-09-15,"2025-09-15 11:20"
"1415","aquaHub-661034","9001-43287","Female",201,2025-09-15,"2025-09-15 11:22"
"1416","aquaHub-660298","9001-52031","Male",1.6,2025-09-15,"2025-09-15 11:23"
"1417","aquaHub-660298","9001-52031","Male",1.6,2025-09-15,"2025-09-15 11:25"
"1418","aquaHub-661034","9001-43287","Female",201,2025-09-15,"2025-09-15 11:27"
"1419","aquaHub-660298","9001-52031","Male",1.6,2025-09-15,"2025-09-15 11:27"
"1420","aquaHub-660298","9001-52031","Male",1.6,2025-09-15,"2025-09-15 11:30"
"1421","aquaHub-660298","9001-52031","Male",1.6,2025-09-15,"2025-09-15 11:32"
"1422","aquaHub-660298","9001-52031","Male",1.6,2025-09-15,"2025-09-15 11:35"
"1423","aquaHub-660298","9001-52031","Male",1.6,2025-09-15,"2025-09-15 11:36"
"1424","aquaHub-661034","9001-43287","Female",201,2025-09-15,"2025-09-15 11:37"
"1425","aquaHub-660298","9001-52031","Male",1.6,2025-09-15,"2025-09-15 11:40"
"1426","aquaHub-660298","9001-52039","Male",170,2025-09-15,"2025-09-15 11:40"
"1427","aquaHub-661034","9001-43287","Female",201,2025-09-15,"2025-09-15 11:41"
"1428","aquaHub-660298","9001-52031","Male",1.6,2025-09-15,"2025-09-15 11:42"
"1429","aquaHub-661034","9001-43287","Female",201,2025-09-15,"2025-09-15 11:43"
"1430","aquaHub-660298","9001-52039","Male",170,2025-09-15,"2025-09-15 11:45"
"1431","aquaHub-661034","9001-43287","Female",201,2025-09-15,"2025-09-15 11:47"
"1432","aquaHub-660298","9001-52039","Male",170,2025-09-15,"2025-09-15 11:48"
"1433","aquaHub-660298","9001-52039","Male",170,2025-09-15,"2025-09-15 11:50"
"1434","aquaHub-660298","9001-52031","Male",1.6,2025-09-15,"2025-09-15 11:52"
"1435","aquaHub-660298","9001-52039","Male",170,2025-09-15,"2025-09-15 11:55"
"1436","aquaHub-660298","9001-52031","Male",1.6,2025-09-15,"2025-09-15 12:00"
"1437","aquaHub-660298","9001-52039","Male",170,2025-09-15,"2025-09-15 12:01"
"1438","aquaHub-660298","9001-52039","Male",170,2025-09-15,"2025-09-15 12:03"
"1439","aquaHub-660298","9001-52031","Male",1.6,2025-09-15,"2025-09-15 12:04"
"1440","aquaHub-660298","9001-52031","Male",1.6,2025-09-15,"2025-09-15 12:06"
"1441","aquaHub-660298","9001-52039","Male",170,2025-09-15,"2025-09-15 12:06"
"1442","aquaHub-660298","9001-52031","Male",1.6,2025-09-15,"2025-09-15 12:07"
"1443","aquaHub-660298","9001-52039","Male",170,2025-09-15,"2025-09-15 12:08"
"1444","aquaHub-660298","9001-52039","Male",170,2025-09-15,"2025-09-15 12:18"
"1445","aquaHub-660298","9001-52039","Male",170,2025-09-15,"2025-09-15 12:19"
"1446","aquaHub-660298","9001-52039","Male",170,2025-09-15,"2025-09-15 12:21"
"1447","aquaHub-660298","9001-52031","Male",1.6,2025-09-15,"2025-09-15 12:24"
"1448","aquaHub-660298","9001-52039","Male",170,2025-09-15,"2025-09-15 12:24"
"1449","aquaHub-660298","9001-52039","Male",170,2025-09-15,"2025-09-15 12:26"
"1450","aquaHub-660298","9001-52031","Male",1.6,2025-09-15,"2025-09-15 12:29"
"1451","aquaHub-660298","9001-64500","Male",1.6,2025-09-15,"2025-09-15 12:30"
"1452","aquaHub-660141","9001-52029","Male",1.5,2025-09-15,"2025-09-15 12:32"
"1453","aquaHub-660298","9001-52039","Male",170,2025-09-15,"2025-09-15 12:32"
"1454","aquaHub-660110","9001-43148","Male",162,2025-09-15,"2025-09-15 12:34"
"1455","aquaHub-660298","9001-52039","Male",170,2025-09-15,"2025-09-15 12:35"
"1456","aquaHub-660110","9001-43148","Male",162,2025-09-15,"2025-09-15 12:36"
"1457","aquaHub-660110","9001-43148","Male",162,2025-09-15,"2025-09-15 12:38"
"1458","aquaHub-660298","9001-52039","Male",170,2025-09-15,"2025-09-15 12:39"
"1459","aquaHub-660298","9001-64500","Male",1.6,2025-09-15,"2025-09-15 12:40"
"1460","aquaHub-660110","9001-43148","Male",162,2025-09-15,"2025-09-15 12:40"
"1461","aquaHub-660110","9001-43148","Male",162,2025-09-15,"2025-09-15 12:42"
"1462","aquaHub-660298","9001-52039","Male",170,2025-09-15,"2025-09-15 12:43"
"1463","aquaHub-660298","9001-64500","Male",1.6,2025-09-15,"2025-09-15 12:44"
"1464","aquaHub-660110","9001-43148","Male",162,2025-09-15,"2025-09-15 12:44"
"1465","aquaHub-660141","9001-52029","Male",1.5,2025-09-15,"2025-09-15 12:45"
"1466","aquaHub-660298","9001-52039","Male",170,2025-09-15,"2025-09-15 12:45"
"1467","aquaHub-660298","9001-52039","Male",170,2025-09-15,"2025-09-15 12:48"
"1468","aquaHub-660110","9001-43148","Male",162,2025-09-15,"2025-09-15 12:48"
"1469","aquaHub-660298","9001-64500","Male",1.6,2025-09-15,"2025-09-15 12:50"
"1470","aquaHub-660110","9001-43148","Male",162,2025-09-15,"2025-09-15 12:50"
"1471","aquaHub-660298","9001-52039","Male",170,2025-09-15,"2025-09-15 12:51"
"1472","aquaHub-660141","9001-52029","Male",1.5,2025-09-15,"2025-09-15 12:51"
"1473","aquaHub-660141","9001-52029","Male",1.5,2025-09-15,"2025-09-15 12:53"
"1474","aquaHub-660298","9001-52039","Male",170,2025-09-15,"2025-09-15 12:53"
"1475","aquaHub-660141","9001-52029","Male",1.5,2025-09-15,"2025-09-15 12:54"
"1476","aquaHub-660273","9001-26747","Male",1.4,2025-09-15,"2025-09-15 12:55"
"1477","aquaHub-660298","9001-52031","Male",1.6,2025-09-15,"2025-09-15 12:55"
"1478","aquaHub-660141","9001-52029","Male",1.5,2025-09-15,"2025-09-15 12:56"
"1479","aquaHub-660298","9001-52039","Male",170,2025-09-15,"2025-09-15 12:56"
"1480","aquaHub-660141","9001-52029","Male",1.5,2025-09-15,"2025-09-15 12:58"
"1481","aquaHub-660298","9001-52039","Male",170,2025-09-15,"2025-09-15 12:59"
"1482","aquaHub-660298","9001-52031","Male",1.6,2025-09-15,"2025-09-15 12:59"
"1483","aquaHub-660141","9001-52029","Male",1.5,2025-09-15,"2025-09-15 13:00"
"1484","aquaHub-660298","9001-43149","Male",165,2025-09-15,"2025-09-15 13:00"
"1485","aquaHub-660298","9001-52031","Male",1.6,2025-09-15,"2025-09-15 13:00"
"1486","aquaHub-660298","9001-52039","Male",170,2025-09-15,"2025-09-15 13:01"
"1487","aquaHub-660298","9001-43149","Male",165,2025-09-15,"2025-09-15 13:02"
"1488","aquaHub-660298","9001-52039","Male",170,2025-09-15,"2025-09-15 13:03"
"1489","aquaHub-660298","9001-43149","Male",165,2025-09-15,"2025-09-15 13:04"
"1490","aquaHub-660298","9001-43149","Male",165,2025-09-15,"2025-09-15 13:06"
"1491","aquaHub-660298","9001-52039","Male",170,2025-09-15,"2025-09-15 13:06"
"1492","aquaHub-660141","9001-52029","Male",1.5,2025-09-15,"2025-09-15 13:08"
"1493","aquaHub-660298","9001-52031","Male",1.6,2025-09-15,"2025-09-15 13:08"
"1494","aquaHub-660298","9001-52039","Male",170,2025-09-15,"2025-09-15 13:08"
"1495","aquaHub-660298","9001-43149","Male",165,2025-09-15,"2025-09-15 13:08"
"1496","aquaHub-660298","9001-52031","Male",1.6,2025-09-15,"2025-09-15 13:09"
"1497","aquaHub-660143","9001-16713","Female",2.1,2025-09-15,"2025-09-15 13:10"
"1498","aquaHub-660298","9001-43149","Male",165,2025-09-15,"2025-09-15 13:11"
"1499","aquaHub-660298","9001-52031","Male",1.6,2025-09-15,"2025-09-15 13:11"
"1500","aquaHub-660298","9001-43149","Male",165,2025-09-15,"2025-09-15 13:13"
"1501","aquaHub-660298","9001-52031","Male",1.6,2025-09-15,"2025-09-15 13:13"
"1502","aquaHub-660273","9001-26747","Male",1.4,2025-09-15,"2025-09-15 13:14"
"1503","aquaHub-660298","9001-52031","Male",1.6,2025-09-15,"2025-09-15 13:14"
"1504","aquaHub-660141","9001-52029","Male",1.5,2025-09-15,"2025-09-15 13:15"
"1505","aquaHub-660298","9001-52031","Male",1.6,2025-09-15,"2025-09-15 13:16"
"1506","aquaHub-660141","9001-52029","Male",1.5,2025-09-15,"2025-09-15 13:16"
"1507","aquaHub-660143","9001-16713","Female",2.1,2025-09-15,"2025-09-15 13:17"
"1508","aquaHub-660298","9001-43149","Male",165,2025-09-15,"2025-09-15 13:17"
"1509","aquaHub-660141","9001-52029","Male",1.5,2025-09-15,"2025-09-15 13:18"
"1510","aquaHub-660298","9001-43149","Male",165,2025-09-15,"2025-09-15 13:19"
"1511","aquaHub-660141","9001-52029","Male",1.5,2025-09-15,"2025-09-15 13:19"
"1512","aquaHub-660143","9001-16713","Female",2.1,2025-09-15,"2025-09-15 13:19"
"1513","aquaHub-660298","9001-52031","Male",1.6,2025-09-15,"2025-09-15 13:20"
"1514","aquaHub-660298","9001-43149","Male",165,2025-09-15,"2025-09-15 13:21"
"1515","aquaHub-660298","9001-52031","Male",1.6,2025-09-15,"2025-09-15 13:22"
"1516","aquaHub-660298","9001-52031","Male",1.6,2025-09-15,"2025-09-15 13:24"
"1517","aquaHub-660143","9001-16713","Female",2.1,2025-09-15,"2025-09-15 13:25"
"1518","aquaHub-660141","9001-52029","Male",1.5,2025-09-15,"2025-09-15 13:26"
"1519","aquaHub-660298","9001-43149","Male",165,2025-09-15,"2025-09-15 13:26"
"1520","aquaHub-660298","9001-52031","Male",1.6,2025-09-15,"2025-09-15 13:26"
"1521","aquaHub-660143","9001-16713","Female",2.1,2025-09-15,"2025-09-15 13:26"
"1522","aquaHub-660298","9001-43149","Male",165,2025-09-15,"2025-09-15 13:28"
"1523","aquaHub-660143","9001-16713","Female",2.1,2025-09-15,"2025-09-15 13:29"
"1524","aquaHub-660298","9001-43149","Male",165,2025-09-15,"2025-09-15 13:30"
"1525","aquaHub-660298","9001-52031","Male",1.6,2025-09-15,"2025-09-15 13:31"
"1526","aquaHub-660143","9001-16713","Female",2.1,2025-09-15,"2025-09-15 13:31"
"1527","aquaHub-660141","9001-52029","Male",1.5,2025-09-15,"2025-09-15 13:33"
"1528","aquaHub-660143","9001-16713","Female",2.1,2025-09-15,"2025-09-15 13:34"
"1529","aquaHub-660298","9001-43149","Male",165,2025-09-15,"2025-09-15 13:35"
"1530","aquaHub-660143","9001-16713","Female",2.1,2025-09-15,"2025-09-15 13:36"
"1531","aquaHub-660298","9001-43149","Male",165,2025-09-15,"2025-09-15 13:36"
"1532","aquaHub-660143","9001-16713","Female",2.1,2025-09-15,"2025-09-15 13:37"
"1533","aquaHub-660298","9001-52031","Male",1.6,2025-09-15,"2025-09-15 13:38"
"1534","aquaHub-660143","9001-16713","Female",2.1,2025-09-15,"2025-09-15 13:39"
"1535","aquaHub-660298","9001-43149","Male",165,2025-09-15,"2025-09-15 13:40"
"1536","aquaHub-660298","9001-43149","Male",165,2025-09-15,"2025-09-15 13:43"
"1537","aquaHub-660141","9001-52029","Male",1.5,2025-09-15,"2025-09-15 13:44"
"1538","aquaHub-660298","9001-52031","Male",1.6,2025-09-15,"2025-09-15 13:44"
"1539","aquaHub-660143","9001-16713","Female",2.1,2025-09-15,"2025-09-15 13:44"
"1540","aquaHub-660143","9001-16713","Female",2.1,2025-09-15,"2025-09-15 13:46"
"1541","aquaHub-660298","9001-52031","Male",1.6,2025-09-15,"2025-09-15 13:46"
"1542","aquaHub-660298","9001-43149","Male",165,2025-09-15,"2025-09-15 13:47"
"1543","aquaHub-660143","9001-16713","Female",2.1,2025-09-15,"2025-09-15 13:48"
"1544","aquaHub-660298","9001-52031","Male",1.6,2025-09-15,"2025-09-15 13:48"
"1545","aquaHub-660298","9001-43149","Male",165,2025-09-15,"2025-09-15 13:49"
"1546","aquaHub-660298","9001-52031","Male",1.6,2025-09-15,"2025-09-15 13:50"
"1547","aquaHub-660143","9001-16713","Female",2.1,2025-09-15,"2025-09-15 13:50"
"1548","aquaHub-660143","9001-16713","Female",2.1,2025-09-15,"2025-09-15 13:53"
"1549","aquaHub-660298","9001-43149","Male",165,2025-09-15,"2025-09-15 13:54"
"1550","aquaHub-660143","9001-16713","Female",2.1,2025-09-15,"2025-09-15 13:55"
"1551","aquaHub-660143","9001-16713","Female",2.1,2025-09-15,"2025-09-15 13:57"
"1552","aquaHub-660298","9001-52031","Male",1.6,2025-09-15,"2025-09-15 13:58"
"1553","aquaHub-660298","9001-64500","Male",1.6,2025-09-15,"2025-09-15 13:58"
"1554","aquaHub-660143","9001-16713","Female",2.1,2025-09-15,"2025-09-15 13:59"
"1555","aquaHub-660298","9001-52031","Male",1.6,2025-09-15,"2025-09-15 14:00"
"1556","aquaHub-660298","9001-64500","Male",1.6,2025-09-15,"2025-09-15 14:01"
"1557","aquaHub-660298","9001-52031","Male",1.6,2025-09-15,"2025-09-15 14:02"
"1558","aquaHub-660298","9001-64500","Male",1.6,2025-09-15,"2025-09-15 14:03"
"1559","aquaHub-660143","9001-16713","Female",2.1,2025-09-15,"2025-09-15 14:04"
"1560","aquaHub-660298","9001-52031","Male",1.6,2025-09-15,"2025-09-15 14:05"
"1561","aquaHub-660298","9001-64500","Male",1.6,2025-09-15,"2025-09-15 14:05"
"1562","aquaHub-660298","9001-64500","Male",1.6,2025-09-15,"2025-09-15 14:07"
"1563","aquaHub-660298","9001-52031","Male",1.6,2025-09-15,"2025-09-15 14:07"
"1564","aquaHub-660298","9001-64500","Male",1.6,2025-09-15,"2025-09-15 14:09"
"1565","aquaHub-660298","9001-52031","Male",1.6,2025-09-15,"2025-09-15 14:09"
"1566","aquaHub-660298","9001-52039","Male",170,2025-09-15,"2025-09-15 14:10"
"1567","aquaHub-660298","9001-64500","Male",1.6,2025-09-15,"2025-09-15 14:10"
"1568","aquaHub-660298","9001-52031","Male",1.6,2025-09-15,"2025-09-15 14:11"
"1569","aquaHub-660298","9001-52039","Male",170,2025-09-15,"2025-09-15 14:12"
"1570","aquaHub-660298","9001-64500","Male",1.6,2025-09-15,"2025-09-15 14:13"
"1571","aquaHub-660143","9001-16713","Female",2.1,2025-09-15,"2025-09-15 14:14"
"1572","aquaHub-660298","9001-52039","Male",170,2025-09-15,"2025-09-15 14:14"
"1573","aquaHub-660143","9001-16713","Female",2.1,2025-09-15,"2025-09-15 14:15"
"1574","aquaHub-660298","9001-52031","Male",1.6,2025-09-15,"2025-09-15 14:16"
"1575","aquaHub-660298","9001-52039","Male",170,2025-09-15,"2025-09-15 14:16"
"1576","aquaHub-660298","9001-64500","Male",1.6,2025-09-15,"2025-09-15 14:17"
"1577","aquaHub-660143","9001-16713","Female",2.1,2025-09-15,"2025-09-15 14:18"
"1578","aquaHub-660298","9001-64500","Male",1.6,2025-09-15,"2025-09-15 14:19"
"1579","aquaHub-660298","9001-52039","Male",170,2025-09-15,"2025-09-15 14:19"
"1580","aquaHub-660143","9001-16713","Female",2.1,2025-09-15,"2025-09-15 14:21"
"1581","aquaHub-660298","9001-52039","Male",170,2025-09-15,"2025-09-15 14:21"
"1582","aquaHub-660143","9001-16713","Female",2.1,2025-09-15,"2025-09-15 14:31"
"1583","aquaHub-660298","9001-52039","Male",170,2025-09-15,"2025-09-15 14:31"
"1584","aquaHub-660298","9001-52039","Male",170,2025-09-15,"2025-09-15 14:35"
"1585","aquaHub-660298","9001-43149","Male",165,2025-09-15,"2025-09-15 14:36"
"1586","aquaHub-660298","9001-52031","Male",1.6,2025-09-15,"2025-09-15 14:37"
"1587","aquaHub-660298","9001-52039","Male",170,2025-09-15,"2025-09-15 14:38"
"1588","aquaHub-660298","9001-52031","Male",1.6,2025-09-15,"2025-09-15 14:40"
"1589","aquaHub-660298","9001-43149","Male",165,2025-09-15,"2025-09-15 14:41"
"1590","aquaHub-660298","9001-52039","Male",170,2025-09-15,"2025-09-15 14:42"
"1591","aquaHub-660298","9001-52031","Male",1.6,2025-09-15,"2025-09-15 14:42"
"1592","aquaHub-660298","9001-64500","Male",1.6,2025-09-15,"2025-09-15 14:43"
"1593","aquaHub-660298","9001-52039","Male",170,2025-09-15,"2025-09-15 14:43"
"1594","aquaHub-660298","9001-43149","Male",165,2025-09-15,"2025-09-15 14:44"
"1595","aquaHub-660298","9001-52039","Male",170,2025-09-15,"2025-09-15 14:45"
"1596","aquaHub-660298","9001-64500","Male",1.6,2025-09-15,"2025-09-15 14:46"
"1597","aquaHub-660298","9001-43149","Male",165,2025-09-15,"2025-09-15 14:46"
"1598","aquaHub-660298","9001-52031","Male",1.6,2025-09-15,"2025-09-15 14:48"
"1599","aquaHub-660298","9001-43149","Male",165,2025-09-15,"2025-09-15 14:51"
"1600","aquaHub-660298","9001-52031","Male",1.6,2025-09-15,"2025-09-15 14:51"
"1601","aquaHub-660298","9001-64500","Male",1.6,2025-09-15,"2025-09-15 14:52"
"1602","aquaHub-660298","9001-43149","Male",165,2025-09-15,"2025-09-15 14:53"
"1603","aquaHub-660298","9001-52031","Male",1.6,2025-09-15,"2025-09-15 14:53"
"1604","aquaHub-660298","9001-43149","Male",165,2025-09-15,"2025-09-15 14:57"
"1605","aquaHub-660298","9001-64500","Male",1.6,2025-09-15,"2025-09-15 14:57"
"1606","aquaHub-660298","9001-64500","Male",1.6,2025-09-15,"2025-09-15 14:59"
"1607","aquaHub-660143","9001-16713","Female",2.1,2025-09-15,"2025-09-15 14:59"
"1608","aquaHub-660298","9001-64500","Male",1.6,2025-09-15,"2025-09-15 15:00"
"1609","aquaHub-660298","9001-52031","Male",1.6,2025-09-15,"2025-09-15 15:02"
"1610","aquaHub-660298","9001-52031","Male",1.6,2025-09-15,"2025-09-15 15:04"
"1611","aquaHub-660298","9001-64500","Male",1.6,2025-09-15,"2025-09-15 15:04"
"1612","aquaHub-660298","9001-52039","Male",170,2025-09-15,"2025-09-15 15:05"
"1613","aquaHub-660298","9001-64500","Male",1.6,2025-09-15,"2025-09-15 15:06"
"1614","aquaHub-660298","9001-52030","Male",1.5,2025-09-15,"2025-09-15 15:07"
"1615","aquaHub-660298","9001-64500","Male",1.6,2025-09-15,"2025-09-15 15:08"
"1616","aquaHub-660298","9001-52031","Male",1.6,2025-09-15,"2025-09-15 15:08"
"1617","aquaHub-660141","9001-52029","Male",1.5,2025-09-15,"2025-09-15 15:08"
"1618","aquaHub-660298","9001-52031","Male",1.6,2025-09-15,"2025-09-15 15:09"
"1619","aquaHub-660298","9001-64500","Male",1.6,2025-09-15,"2025-09-15 15:10"
"1620","aquaHub-660141","9001-52029","Male",1.5,2025-09-15,"2025-09-15 15:10"
"1621","aquaHub-660298","9001-64500","Male",1.6,2025-09-15,"2025-09-15 15:11"
"1622","aquaHub-660298","9001-43149","Male",165,2025-09-15,"2025-09-15 15:12"
"1623","aquaHub-660298","9001-52031","Male",1.6,2025-09-15,"2025-09-15 15:13"
"1624","aquaHub-660143","9001-16713","Female",2.1,2025-09-15,"2025-09-15 15:14"
"1625","aquaHub-660298","9001-43149","Male",165,2025-09-15,"2025-09-15 15:14"
"1626","aquaHub-660298","9001-64500","Male",1.6,2025-09-15,"2025-09-15 15:15"
"1627","aquaHub-660298","9001-52031","Male",1.6,2025-09-15,"2025-09-15 15:15"
"1628","aquaHub-660298","9001-43149","Male",165,2025-09-15,"2025-09-15 15:15"
"1629","aquaHub-660298","9001-64500","Male",1.6,2025-09-15,"2025-09-15 15:17"
"1630","aquaHub-660298","9001-52031","Male",1.6,2025-09-15,"2025-09-15 15:17"
"1631","aquaHub-660298","9001-52039","Male",170,2025-09-15,"2025-09-15 15:17"
"1632","aquaHub-660298","9001-43149","Male",165,2025-09-15,"2025-09-15 15:18"
"1633","aquaHub-660298","9001-64500","Male",1.6,2025-09-15,"2025-09-15 15:18"
"1634","aquaHub-660298","9001-52031","Male",1.6,2025-09-15,"2025-09-15 15:19"
"1635","aquaHub-660298","9001-43149","Male",165,2025-09-15,"2025-09-15 15:20"
"1636","aquaHub-660298","9001-52039","Male",170,2025-09-15,"2025-09-15 15:20"
"1637","aquaHub-660298","9001-64500","Male",1.6,2025-09-15,"2025-09-15 15:20"
"1638","aquaHub-660298","9001-52031","Male",1.6,2025-09-15,"2025-09-15 15:21"
"1639","aquaHub-660298","9001-43149","Male",165,2025-09-15,"2025-09-15 15:23"
"1640","aquaHub-660298","9001-52031","Male",1.6,2025-09-15,"2025-09-15 15:23"
"1641","aquaHub-660298","9001-64500","Male",1.6,2025-09-15,"2025-09-15 15:24"
"1642","aquaHub-660298","9001-52031","Male",1.6,2025-09-15,"2025-09-15 15:25"
"1643","aquaHub-660298","9001-43149","Male",165,2025-09-15,"2025-09-15 15:26"
"1644","aquaHub-660298","9001-52031","Male",1.6,2025-09-15,"2025-09-15 15:31"
"1645","aquaHub-660298","9001-43149","Male",165,2025-09-15,"2025-09-15 15:31"
"1646","aquaHub-660298","9001-64500","Male",1.6,2025-09-15,"2025-09-15 15:31"
"1647","aquaHub-660143","9001-52022","Male",1.6,2025-09-15,"2025-09-15 15:32"
"1648","aquaHub-660298","9001-52039","Male",170,2025-09-15,"2025-09-15 15:32"
"1649","aquaHub-660298","9001-43149","Male",165,2025-09-15,"2025-09-15 15:33"
"1650","aquaHub-660298","9001-64500","Male",1.6,2025-09-15,"2025-09-15 15:34"
"1651","aquaHub-660298","9001-43149","Male",165,2025-09-15,"2025-09-15 15:35"
"1652","aquaHub-660298","9001-52039","Male",170,2025-09-15,"2025-09-15 15:36"
"1653","aquaHub-660298","9001-52031","Male",1.6,2025-09-15,"2025-09-15 15:37"
"1654","aquaHub-660298","9001-43149","Male",165,2025-09-15,"2025-09-15 15:38"
"1655","aquaHub-660298","9001-52031","Male",1.6,2025-09-15,"2025-09-15 15:39"
"1656","aquaHub-660298","9001-64500","Male",1.6,2025-09-15,"2025-09-15 15:39"
"1657","aquaHub-660298","9001-43149","Male",165,2025-09-15,"2025-09-15 15:40"
"1658","aquaHub-660298","9001-52031","Male",1.6,2025-09-15,"2025-09-15 15:41"
"1659","aquaHub-660298","9001-64500","Male",1.6,2025-09-15,"2025-09-15 15:41"
"1660","aquaHub-660298","9001-52039","Male",170,2025-09-15,"2025-09-15 15:42"
"1661","aquaHub-660298","9001-43149","Male",165,2025-09-15,"2025-09-15 15:42"
"1662","aquaHub-660298","9001-52039","Male",170,2025-09-15,"2025-09-15 15:44"
"1663","aquaHub-660298","9001-52031","Male",1.6,2025-09-15,"2025-09-15 15:45"
"1664","aquaHub-660298","9001-64500","Male",1.6,2025-09-15,"2025-09-15 15:47"
"1665","aquaHub-660298","9001-52031","Male",1.6,2025-09-15,"2025-09-15 15:50"
"1666","aquaHub-660298","9001-52039","Male",170,2025-09-15,"2025-09-15 15:51"
"1667","aquaHub-660143","9001-52022","Male",1.6,2025-09-15,"2025-09-15 15:52"
"1668","aquaHub-660298","9001-52031","Male",1.6,2025-09-15,"2025-09-15 15:52"
"1669","aquaHub-660298","9001-52031","Male",1.6,2025-09-15,"2025-09-15 15:54"
"1670","aquaHub-660298","9001-64500","Male",1.6,2025-09-15,"2025-09-15 15:55"
"1671","aquaHub-660298","9001-52031","Male",1.6,2025-09-15,"2025-09-15 15:56"
"1672","aquaHub-660298","9001-52039","Male",170,2025-09-15,"2025-09-15 15:56"
"1673","aquaHub-660298","9001-64500","Male",1.6,2025-09-15,"2025-09-15 15:58"
"1674","aquaHub-660298","9001-52031","Male",1.6,2025-09-15,"2025-09-15 15:58"
"1675","aquaHub-660298","9001-52039","Male",170,2025-09-15,"2025-09-15 15:58"
"1676","aquaHub-660298","9001-64500","Male",1.6,2025-09-15,"2025-09-15 16:00"
"1677","aquaHub-660298","9001-52031","Male",1.6,2025-09-15,"2025-09-15 16:02"
"1678","aquaHub-660298","9001-64500","Male",1.6,2025-09-15,"2025-09-15 16:02"
"1679","aquaHub-660143","9001-52022","Male",1.6,2025-09-15,"2025-09-15 16:03"
"1680","aquaHub-660298","9001-52039","Male",170,2025-09-15,"2025-09-15 16:04"
"1681","aquaHub-660298","9001-64500","Male",1.6,2025-09-15,"2025-09-15 16:04"
"1682","aquaHub-660298","9001-64500","Male",1.6,2025-09-15,"2025-09-15 16:05"
"1683","aquaHub-660143","9001-52022","Male",1.6,2025-09-15,"2025-09-15 16:05"
"1684","aquaHub-660298","9001-52031","Male",1.6,2025-09-15,"2025-09-15 16:06"
"1685","aquaHub-660298","9001-52039","Male",170,2025-09-15,"2025-09-15 16:08"
"1686","aquaHub-660143","9001-52022","Male",1.6,2025-09-15,"2025-09-15 16:09"
"1687","aquaHub-660298","9001-52031","Male",1.6,2025-09-15,"2025-09-15 16:09"
"1688","aquaHub-660298","9001-52039","Male",170,2025-09-15,"2025-09-15 16:10"
"1689","aquaHub-660298","9001-64500","Male",1.6,2025-09-15,"2025-09-15 16:10"
"1690","aquaHub-660298","9001-52031","Male",1.6,2025-09-15,"2025-09-15 16:11"
"1691","aquaHub-660143","9001-52022","Male",1.6,2025-09-15,"2025-09-15 16:11"
"1692","aquaHub-660298","9001-64500","Male",1.6,2025-09-15,"2025-09-15 16:12"
"1693","aquaHub-660143","9001-52022","Male",1.6,2025-09-15,"2025-09-15 16:13"
"1694","aquaHub-660298","9001-64500","Male",1.6,2025-09-15,"2025-09-15 16:14"
"1695","aquaHub-660298","9001-52039","Male",170,2025-09-15,"2025-09-15 16:15"
"1696","aquaHub-660143","9001-52022","Male",1.6,2025-09-15,"2025-09-15 16:16"
"1697","aquaHub-660298","9001-64500","Male",1.6,2025-09-15,"2025-09-15 16:16"
"1698","aquaHub-660298","9001-52031","Male",1.6,2025-09-15,"2025-09-15 16:16"
"1699","aquaHub-660298","9001-52039","Male",170,2025-09-15,"2025-09-15 16:17"
"1700","aquaHub-660298","9001-64500","Male",1.6,2025-09-15,"2025-09-15 16:18"
"1701","aquaHub-660143","9001-52022","Male",1.6,2025-09-15,"2025-09-15 16:18"
"1702","aquaHub-660143","9001-52022","Male",1.6,2025-09-15,"2025-09-15 16:20"
"1703","aquaHub-660298","9001-52031","Male",1.6,2025-09-15,"2025-09-15 16:21"
"1704","aquaHub-660298","9001-52039","Male",170,2025-09-15,"2025-09-15 16:22"
"1705","aquaHub-660143","9001-52022","Male",1.6,2025-09-15,"2025-09-15 16:22"
"1706","aquaHub-660143","9001-52022","Male",1.6,2025-09-15,"2025-09-15 16:23"
"1707","aquaHub-660143","9001-52022","Male",1.6,2025-09-15,"2025-09-15 16:25"
"1708","aquaHub-660298","9001-64500","Male",1.6,2025-09-15,"2025-09-15 16:25"
"1709","aquaHub-660298","9001-52039","Male",170,2025-09-15,"2025-09-15 16:25"
"1710","aquaHub-660298","9001-52031","Male",1.6,2025-09-15,"2025-09-15 16:26"
"1711","aquaHub-660298","9001-64500","Male",1.6,2025-09-15,"2025-09-15 16:27"
"1712","aquaHub-660298","9001-52039","Male",170,2025-09-15,"2025-09-15 16:28"
"1713","aquaHub-660298","9001-64500","Male",1.6,2025-09-15,"2025-09-15 16:29"
"1714","aquaHub-660298","9001-52031","Male",1.6,2025-09-15,"2025-09-15 16:29"
"1715","aquaHub-660298","9001-64500","Male",1.6,2025-09-15,"2025-09-15 16:31"
"1716","aquaHub-660298","9001-52039","Male",170,2025-09-15,"2025-09-15 16:38"
"1717","aquaHub-660298","9001-52031","Male",1.6,2025-09-15,"2025-09-15 16:39"
"1718","aquaHub-660298","9001-64500","Male",1.6,2025-09-15,"2025-09-15 16:40"
"1719","aquaHub-660298","9001-64500","Male",1.6,2025-09-15,"2025-09-15 16:42"
"1720","aquaHub-660298","9001-52031","Male",1.6,2025-09-15,"2025-09-15 16:46"
"1721","aquaHub-660298","9001-52039","Male",170,2025-09-15,"2025-09-15 16:47"
"1722","aquaHub-660298","9001-52039","Male",170,2025-09-15,"2025-09-15 16:50"
"1723","aquaHub-660298","9001-64500","Male",1.6,2025-09-15,"2025-09-15 16:51"
"1724","aquaHub-660298","9001-52039","Male",170,2025-09-15,"2025-09-15 16:55"
"1725","aquaHub-660298","9001-52039","Male",170,2025-09-15,"2025-09-15 16:57"
"1726","aquaHub-660298","9001-52039","Male",170,2025-09-15,"2025-09-15 17:00"
"1727","aquaHub-660298","9001-52039","Male",170,2025-09-15,"2025-09-15 17:05"
"1728","aquaHub-660298","9001-64500","Male",1.6,2025-09-15,"2025-09-15 17:06"
"1729","aquaHub-660298","9001-43149","Male",165,2025-09-15,"2025-09-15 17:07"
"1730","aquaHub-660298","9001-43149","Male",165,2025-09-15,"2025-09-15 17:09"
"1731","aquaHub-660298","9001-64500","Male",1.6,2025-09-15,"2025-09-15 17:11"
"1732","aquaHub-660298","9001-43149","Male",165,2025-09-15,"2025-09-15 17:12"
"1733","aquaHub-660298","9001-64500","Male",1.6,2025-09-15,"2025-09-15 17:12"
"1734","aquaHub-660298","9001-52039","Male",170,2025-09-15,"2025-09-15 17:13"
"1735","aquaHub-660298","9001-64500","Male",1.6,2025-09-15,"2025-09-15 17:14"
"1736","aquaHub-660298","9001-43149","Male",165,2025-09-15,"2025-09-15 17:14"
"1737","aquaHub-660298","9001-52039","Male",170,2025-09-15,"2025-09-15 17:15"
"1738","aquaHub-660110","9001-43148","Male",162,2025-09-15,"2025-09-15 17:17"
"1739","aquaHub-660298","9001-43149","Male",165,2025-09-15,"2025-09-15 17:19"
"1740","aquaHub-660298","9001-64500","Male",1.6,2025-09-15,"2025-09-15 17:19"
"1741","aquaHub-660110","9001-43148","Male",162,2025-09-15,"2025-09-15 17:20"
"1742","aquaHub-660298","9001-64500","Male",1.6,2025-09-15,"2025-09-15 17:20"
"1743","aquaHub-660110","9001-43148","Male",162,2025-09-15,"2025-09-15 17:21"
"1744","aquaHub-660298","9001-43149","Male",165,2025-09-15,"2025-09-15 17:25"
"1745","aquaHub-660298","9001-52039","Male",170,2025-09-15,"2025-09-15 17:26"
"1746","aquaHub-660110","9001-43148","Male",162,2025-09-15,"2025-09-15 17:28"
"1747","aquaHub-660298","9001-64500","Male",1.6,2025-09-15,"2025-09-15 17:29"
"1748","aquaHub-660298","9001-43149","Male",165,2025-09-15,"2025-09-15 17:29"
"1749","aquaHub-660298","9001-64500","Male",1.6,2025-09-15,"2025-09-15 17:31"
"1750","aquaHub-660298","9001-52039","Male",170,2025-09-15,"2025-09-15 17:33"
"1751","aquaHub-660298","9001-64500","Male",1.6,2025-09-15,"2025-09-15 17:34"
"1752","aquaHub-660298","9001-52039","Male",170,2025-09-15,"2025-09-15 17:35"
"1753","aquaHub-660298","9001-43149","Male",165,2025-09-15,"2025-09-15 17:35"
"1754","aquaHub-660298","9001-52039","Male",170,2025-09-15,"2025-09-15 17:37"
"1755","aquaHub-660298","9001-64500","Male",1.6,2025-09-15,"2025-09-15 17:37"
"1756","aquaHub-660298","9001-43149","Male",165,2025-09-15,"2025-09-15 17:37"
"1757","aquaHub-660110","9001-43148","Male",162,2025-09-15,"2025-09-15 17:39"
"1758","aquaHub-660298","9001-43149","Male",165,2025-09-15,"2025-09-15 17:39"
"1759","aquaHub-660298","9001-64500","Male",1.6,2025-09-15,"2025-09-15 17:39"
"1760","aquaHub-660298","9001-52036","Male",161,2025-09-15,"2025-09-15 17:40"
"1761","aquaHub-660298","9001-52031","Male",1.6,2025-09-15,"2025-09-15 17:40"
"1762","aquaHub-660298","9001-43149","Male",165,2025-09-15,"2025-09-15 17:41"
"1763","aquaHub-660298","9001-64500","Male",1.6,2025-09-15,"2025-09-15 17:42"
"1764","aquaHub-660298","9001-43149","Male",165,2025-09-15,"2025-09-15 17:42"
"1765","aquaHub-660110","9001-43148","Male",162,2025-09-15,"2025-09-15 17:42"
"1766","aquaHub-660298","9001-52031","Male",1.6,2025-09-15,"2025-09-15 17:42"
"1767","aquaHub-660298","9001-52036","Male",161,2025-09-15,"2025-09-15 17:43"
"1768","aquaHub-660298","9001-43149","Male",165,2025-09-15,"2025-09-15 17:44"
"1769","aquaHub-660298","9001-64500","Male",1.6,2025-09-15,"2025-09-15 17:44"
"1770","aquaHub-660110","9001-43148","Male",162,2025-09-15,"2025-09-15 17:44"
"1771","aquaHub-660298","9001-52031","Male",1.6,2025-09-15,"2025-09-15 17:46"
"1772","aquaHub-660298","9001-43149","Male",165,2025-09-15,"2025-09-15 17:46"
"1773","aquaHub-660110","9001-43148","Male",162,2025-09-15,"2025-09-15 17:47"
"1774","aquaHub-660298","9001-52036","Male",161,2025-09-15,"2025-09-15 17:48"
"1775","aquaHub-660298","9001-52039","Male",170,2025-09-15,"2025-09-15 17:49"
"1776","aquaHub-660110","9001-43148","Male",162,2025-09-15,"2025-09-15 17:49"
"1777","aquaHub-660298","9001-64500","Male",1.6,2025-09-15,"2025-09-15 17:50"
"1778","aquaHub-660298","9001-52031","Male",1.6,2025-09-15,"2025-09-15 17:51"
"1779","aquaHub-660298","9001-64500","Male",1.6,2025-09-15,"2025-09-15 17:51"
"1780","aquaHub-660110","9001-43148","Male",162,2025-09-15,"2025-09-15 17:51"
"1781","aquaHub-660298","9001-52031","Male",1.6,2025-09-15,"2025-09-15 17:53"
"1782","aquaHub-660298","9001-64500","Male",1.6,2025-09-15,"2025-09-15 17:53"
"1783","aquaHub-660298","9001-52036","Male",161,2025-09-15,"2025-09-15 17:53"
"1784","aquaHub-660110","9001-43148","Male",162,2025-09-15,"2025-09-15 17:54"
"1785","aquaHub-660298","9001-52031","Male",1.6,2025-09-15,"2025-09-15 17:55"
"1786","aquaHub-660298","9001-64500","Male",1.6,2025-09-15,"2025-09-15 17:55"
"1787","aquaHub-660298","9001-52039","Male",170,2025-09-15,"2025-09-15 17:55"
"1788","aquaHub-660298","9001-64500","Male",1.6,2025-09-15,"2025-09-15 17:57"
"1789","aquaHub-660298","9001-52039","Male",170,2025-09-15,"2025-09-15 17:58"
"1790","aquaHub-660298","9001-52036","Male",161,2025-09-15,"2025-09-15 18:00"
"1791","aquaHub-660298","9001-52039","Male",170,2025-09-15,"2025-09-15 18:00"
"1792","aquaHub-660298","9001-52031","Male",1.6,2025-09-15,"2025-09-15 18:01"
"1793","aquaHub-660298","9001-52039","Male",170,2025-09-15,"2025-09-15 18:03"
"1794","aquaHub-660298","9001-64500","Male",1.6,2025-09-15,"2025-09-15 18:03"
"1795","aquaHub-660298","9001-64500","Male",1.6,2025-09-15,"2025-09-15 18:05"
"1796","aquaHub-660298","9001-52039","Male",170,2025-09-15,"2025-09-15 18:05"
"1797","aquaHub-660298","9001-52031","Male",1.6,2025-09-15,"2025-09-15 18:06"
"1798","aquaHub-660298","9001-64500","Male",1.6,2025-09-15,"2025-09-15 18:06"
"1799","aquaHub-660298","9001-52039","Male",170,2025-09-15,"2025-09-15 18:07"
"1800","aquaHub-660298","9001-64500","Male",1.6,2025-09-15,"2025-09-15 18:08"
"1801","aquaHub-660298","9001-52031","Male",1.6,2025-09-15,"2025-09-15 18:08"
"1802","aquaHub-660298","9001-52039","Male",170,2025-09-15,"2025-09-15 18:08"
"1803","aquaHub-660298","9001-64500","Male",1.6,2025-09-15,"2025-09-15 18:09"
"1804","aquaHub-660298","9001-52031","Male",1.6,2025-09-15,"2025-09-15 18:11"
"1805","aquaHub-660298","9001-52039","Male",170,2025-09-15,"2025-09-15 18:11"
"1806","aquaHub-660298","9001-64500","Male",1.6,2025-09-15,"2025-09-15 18:13"
"1807","aquaHub-660298","9001-52031","Male",1.6,2025-09-15,"2025-09-15 18:15"
"1808","aquaHub-660110","9001-43148","Male",162,2025-09-15,"2025-09-15 18:16"
"1809","aquaHub-660298","9001-52031","Male",1.6,2025-09-15,"2025-09-15 18:17"
"1810","aquaHub-660298","9001-52039","Male",170,2025-09-15,"2025-09-15 18:17"
"1811","aquaHub-660298","9001-52039","Male",170,2025-09-15,"2025-09-15 18:20"
"1812","aquaHub-660298","9001-52031","Male",1.6,2025-09-15,"2025-09-15 18:22"
"1813","aquaHub-660298","9001-52039","Male",170,2025-09-15,"2025-09-15 18:23"
"1814","aquaHub-660110","9001-43148","Male",162,2025-09-15,"2025-09-15 18:23"
"1815","aquaHub-660298","9001-52031","Male",1.6,2025-09-15,"2025-09-15 18:23"
"1816","aquaHub-660110","9001-43148","Male",162,2025-09-15,"2025-09-15 18:25"
"1817","aquaHub-660110","9001-43283","Male",168,2025-09-15,"2025-09-15 18:27"
"1818","aquaHub-660298","9001-52031","Male",1.6,2025-09-15,"2025-09-15 18:27"
"1819","aquaHub-660110","9001-43148","Male",162,2025-09-15,"2025-09-15 18:27"
"1820","aquaHub-660298","9001-52039","Male",170,2025-09-15,"2025-09-15 18:28"
"1821","aquaHub-660298","9001-52031","Male",1.6,2025-09-15,"2025-09-15 18:29"
"1822","aquaHub-660110","9001-43148","Male",162,2025-09-15,"2025-09-15 18:30"
"1823","aquaHub-660298","9001-52039","Male",170,2025-09-15,"2025-09-15 18:31"
"1824","aquaHub-660110","9001-43283","Male",168,2025-09-15,"2025-09-15 18:31"
"1825","aquaHub-660298","9001-52039","Male",170,2025-09-15,"2025-09-15 18:33"
"1826","aquaHub-660298","9001-52031","Male",1.6,2025-09-15,"2025-09-15 18:34"
"1827","aquaHub-660110","9001-43283","Male",168,2025-09-15,"2025-09-15 18:35"
"1828","aquaHub-660298","9001-52039","Male",170,2025-09-15,"2025-09-15 18:35"
"1829","aquaHub-660110","9001-43148","Male",162,2025-09-15,"2025-09-15 18:36"
"1830","aquaHub-660298","9001-52031","Male",1.6,2025-09-15,"2025-09-15 18:40"
"1831","aquaHub-660298","9001-52039","Male",170,2025-09-15,"2025-09-15 18:40"
"1832","aquaHub-660298","9001-52031","Male",1.6,2025-09-15,"2025-09-15 18:42"
"1833","aquaHub-660298","9001-52039","Male",170,2025-09-15,"2025-09-15 18:42"
"1834","aquaHub-660298","9001-52031","Male",1.6,2025-09-15,"2025-09-15 18:44"
"1835","aquaHub-660298","9001-52039","Male",170,2025-09-15,"2025-09-15 18:48"
"1836","aquaHub-660298","9001-52031","Male",1.6,2025-09-15,"2025-09-15 18:49"
"1837","aquaHub-660298","9001-52031","Male",1.6,2025-09-15,"2025-09-15 18:51"
"1838","aquaHub-661034","9001-43287","Female",201,2025-09-15,"2025-09-15 18:52"
"1839","aquaHub-660298","9001-52039","Male",170,2025-09-15,"2025-09-15 18:54"
"1840","aquaHub-661034","9001-43287","Female",201,2025-09-15,"2025-09-15 18:54"
"1841","aquaHub-660298","9001-52031","Male",1.6,2025-09-15,"2025-09-15 18:56"
"1842","aquaHub-660298","9001-52031","Male",1.6,2025-09-15,"2025-09-15 18:58"
"1843","aquaHub-660298","9001-52039","Male",170,2025-09-15,"2025-09-15 18:59"
"1844","aquaHub-661034","9001-43287","Female",201,2025-09-15,"2025-09-15 19:00"
"1845","aquaHub-660298","9001-52039","Male",170,2025-09-15,"2025-09-15 19:04"
"1846","aquaHub-661034","9001-43287","Female",201,2025-09-15,"2025-09-15 19:05"
"1847","aquaHub-661034","9001-43287","Female",201,2025-09-15,"2025-09-15 19:06"
"1848","aquaHub-660298","9001-52039","Male",170,2025-09-15,"2025-09-15 19:07"
"1849","aquaHub-660298","9001-52039","Male",170,2025-09-15,"2025-09-15 19:10"
"1850","aquaHub-660298","9001-52039","Male",170,2025-09-15,"2025-09-15 19:12"
"1851","aquaHub-660298","9001-52039","Male",170,2025-09-15,"2025-09-15 19:15"
"1852","aquaHub-660273","9006-6277","Male",154,2025-09-15,"2025-09-15 19:18"
"1853","aquaHub-660273","9006-6277","Male",154,2025-09-15,"2025-09-15 19:19"
"1854","aquaHub-661034","9001-43287","Female",201,2025-09-15,"2025-09-15 19:20"
"1855","aquaHub-660273","9006-6277","Male",154,2025-09-15,"2025-09-15 19:21"
"1856","aquaHub-661034","9001-43287","Female",201,2025-09-15,"2025-09-15 19:23"
"1857","aquaHub-660298","9001-52031","Male",1.6,2025-09-15,"2025-09-15 19:25"
"1858","aquaHub-660273","9006-6277","Male",154,2025-09-15,"2025-09-15 19:26"
"1859","aquaHub-660298","9001-52039","Male",170,2025-09-15,"2025-09-15 19:27"
"1860","aquaHub-660273","9006-6277","Male",154,2025-09-15,"2025-09-15 19:27"
"1861","aquaHub-661034","9001-43287","Female",201,2025-09-15,"2025-09-15 19:28"
"1862","aquaHub-660273","9006-6277","Male",154,2025-09-15,"2025-09-15 19:29"
"1863","aquaHub-660298","9001-52039","Male",170,2025-09-15,"2025-09-15 19:30"
"1864","aquaHub-660298","9001-52031","Male",1.6,2025-09-15,"2025-09-15 19:30"
"1865","aquaHub-660273","9006-6277","Male",154,2025-09-15,"2025-09-15 19:31"
"1866","aquaHub-660273","9006-6277","Male",154,2025-09-15,"2025-09-15 19:32"
"1867","aquaHub-660273","9006-6277","Male",154,2025-09-15,"2025-09-15 19:34"
"1868","aquaHub-660273","9006-6277","Male",154,2025-09-15,"2025-09-15 19:36"
"1869","aquaHub-660298","9001-52039","Male",170,2025-09-15,"2025-09-15 19:36"
"1870","aquaHub-661034","9001-43287","Female",201,2025-09-15,"2025-09-15 19:37"
"1871","aquaHub-660273","9006-6277","Male",154,2025-09-15,"2025-09-15 19:37"
"1872","aquaHub-660298","9001-52039","Male",170,2025-09-15,"2025-09-15 19:38"
"1873","aquaHub-660273","9006-6277","Male",154,2025-09-15,"2025-09-15 19:39"
"1874","aquaHub-661034","9001-43287","Female",201,2025-09-15,"2025-09-15 19:39"
"1875","aquaHub-660298","9001-52039","Male",170,2025-09-15,"2025-09-15 19:40"
"1876","aquaHub-660273","9006-6277","Male",154,2025-09-15,"2025-09-15 19:40"
"1877","aquaHub-661034","9001-43287","Female",201,2025-09-15,"2025-09-15 19:41"
"1878","aquaHub-660273","9006-6277","Male",154,2025-09-15,"2025-09-15 19:41"
"1879","aquaHub-660298","9001-52031","Male",1.6,2025-09-15,"2025-09-15 19:42"
"1880","aquaHub-661034","9001-43287","Female",201,2025-09-15,"2025-09-15 19:42"
"1881","aquaHub-660273","9006-6277","Male",154,2025-09-15,"2025-09-15 19:43"
"1882","aquaHub-660298","9001-52039","Male",170,2025-09-15,"2025-09-15 19:44"
"1883","aquaHub-660273","9006-6277","Male",154,2025-09-15,"2025-09-15 19:44"
"1884","aquaHub-660298","9001-52031","Male",1.6,2025-09-15,"2025-09-15 19:44"
"1885","aquaHub-660273","9006-6277","Male",154,2025-09-15,"2025-09-15 19:45"
"1886","aquaHub-661034","9001-43287","Female",201,2025-09-15,"2025-09-15 19:45"
"1887","aquaHub-660298","9001-52031","Male",1.6,2025-09-15,"2025-09-15 19:46"
"1888","aquaHub-661034","9001-43287","Female",201,2025-09-15,"2025-09-15 19:48"
"1889","aquaHub-660298","9001-52039","Male",170,2025-09-15,"2025-09-15 19:48"
"1890","aquaHub-660298","9001-52031","Male",1.6,2025-09-15,"2025-09-15 19:48"
"1891","aquaHub-660298","9001-52031","Male",1.6,2025-09-15,"2025-09-15 19:50"
"1892","aquaHub-661034","9001-43287","Female",201,2025-09-15,"2025-09-15 19:50"
"1893","aquaHub-661034","9001-43287","Female",201,2025-09-15,"2025-09-15 19:53"
"1894","aquaHub-660298","9001-52031","Male",1.6,2025-09-15,"2025-09-15 19:53"
"1895","aquaHub-660298","9001-52039","Male",170,2025-09-15,"2025-09-15 19:53"
"1896","aquaHub-660298","9001-43149","Male",165,2025-09-15,"2025-09-15 19:54"
"1897","aquaHub-661034","9001-43287","Female",201,2025-09-15,"2025-09-15 19:55"
"1898","aquaHub-660298","9001-52031","Male",1.6,2025-09-15,"2025-09-15 19:55"
"1899","aquaHub-660298","9001-52039","Male",170,2025-09-15,"2025-09-15 19:55"
"1900","aquaHub-660298","9001-52031","Male",1.6,2025-09-15,"2025-09-15 19:57"
"1901","aquaHub-661034","9001-43287","Female",201,2025-09-15,"2025-09-15 19:57"
"1902","aquaHub-660298","9001-52039","Male",170,2025-09-15,"2025-09-15 19:57"
"1903","aquaHub-660298","9001-52031","Male",1.6,2025-09-15,"2025-09-15 19:58"
"1904","aquaHub-661034","9001-43287","Female",201,2025-09-15,"2025-09-15 19:59"
"1905","aquaHub-660298","9001-52039","Male",170,2025-09-15,"2025-09-15 19:59"
"1906","aquaHub-661034","9001-43287","Female",201,2025-09-15,"2025-09-15 20:01"
"1907","aquaHub-660298","9001-52039","Male",170,2025-09-15,"2025-09-15 20:01"
"1908","aquaHub-661034","9001-43287","Female",201,2025-09-15,"2025-09-15 20:02"
"1909","aquaHub-660110","9001-43283","Male",168,2025-09-15,"2025-09-15 20:03"
"1910","aquaHub-661034","9001-43287","Female",201,2025-09-15,"2025-09-15 20:05"
"1911","aquaHub-660110","9001-43283","Male",168,2025-09-15,"2025-09-15 20:05"
"1912","aquaHub-660298","9001-52039","Male",170,2025-09-15,"2025-09-15 20:05"
"1913","aquaHub-660110","9001-43283","Male",168,2025-09-15,"2025-09-15 20:06"
"1914","aquaHub-661034","9001-43287","Female",201,2025-09-15,"2025-09-15 20:06"
"1915","aquaHub-660298","9001-52039","Male",170,2025-09-15,"2025-09-15 20:07"
"1916","aquaHub-660110","9001-43283","Male",168,2025-09-15,"2025-09-15 20:08"
"1917","aquaHub-660110","9001-43283","Male",168,2025-09-15,"2025-09-15 20:09"
"1918","aquaHub-661034","9001-43287","Female",201,2025-09-15,"2025-09-15 20:11"
"1919","aquaHub-660110","9001-43283","Male",168,2025-09-15,"2025-09-15 20:11"
"1920","aquaHub-660298","9001-52039","Male",170,2025-09-15,"2025-09-15 20:12"
"1921","aquaHub-660110","9001-43283","Male",168,2025-09-15,"2025-09-15 20:13"
"1922","aquaHub-660298","9001-52039","Male",170,2025-09-15,"2025-09-15 20:15"
"1923","aquaHub-660110","9001-43283","Male",168,2025-09-15,"2025-09-15 20:16"
"1924","aquaHub-661034","9001-43287","Female",201,2025-09-15,"2025-09-15 20:16"
"1925","aquaHub-661034","9001-43287","Female",201,2025-09-15,"2025-09-15 20:18"
"1926","aquaHub-660110","9001-43283","Male",168,2025-09-15,"2025-09-15 20:18"
"1927","aquaHub-660298","9001-43149","Male",165,2025-09-15,"2025-09-15 20:19"
"1928","aquaHub-661034","9001-43287","Female",201,2025-09-15,"2025-09-15 20:20"
"1929","aquaHub-660298","9001-52039","Male",170,2025-09-15,"2025-09-15 20:20"
"1930","aquaHub-660298","9001-52031","Male",1.6,2025-09-15,"2025-09-15 20:20"
"1931","aquaHub-660110","9001-43283","Male",168,2025-09-15,"2025-09-15 20:21"
"1932","aquaHub-661034","9001-43287","Female",201,2025-09-15,"2025-09-15 20:21"
"1933","aquaHub-660298","9001-43149","Male",165,2025-09-15,"2025-09-15 20:21"
"1934","aquaHub-661034","9001-43287","Female",201,2025-09-15,"2025-09-15 20:23"
"1935","aquaHub-660298","9001-43149","Male",165,2025-09-15,"2025-09-15 20:24"
"1936","aquaHub-660110","9001-43283","Male",168,2025-09-15,"2025-09-15 20:25"
"1937","aquaHub-660298","9001-52031","Male",1.6,2025-09-15,"2025-09-15 20:25"
"1938","aquaHub-660298","9001-52039","Male",170,2025-09-15,"2025-09-15 20:26"
"1939","aquaHub-660298","9001-43149","Male",165,2025-09-15,"2025-09-15 20:27"
"1940","aquaHub-661034","9001-43287","Female",201,2025-09-15,"2025-09-15 20:27"
"1941","aquaHub-660298","9001-52031","Male",1.6,2025-09-15,"2025-09-15 20:27"
"1942","aquaHub-660110","9001-43283","Male",168,2025-09-15,"2025-09-15 20:27"
"1943","aquaHub-660298","9001-52017","Male",1.6,2025-09-15,"2025-09-15 20:29"
"1944","aquaHub-660298","9001-43149","Male",165,2025-09-15,"2025-09-15 20:29"
"1945","aquaHub-660110","9001-43283","Male",168,2025-09-15,"2025-09-15 20:30"
"1946","aquaHub-660143","9001-52022","Male",1.6,2025-09-15,"2025-09-15 20:30"
"1947","aquaHub-660298","9001-52039","Male",170,2025-09-15,"2025-09-15 20:30"
"1948","aquaHub-661034","9001-43287","Female",201,2025-09-15,"2025-09-15 20:31"
"1949","aquaHub-660110","9001-43283","Male",168,2025-09-15,"2025-09-15 20:32"
"1950","aquaHub-660298","9001-52039","Male",170,2025-09-15,"2025-09-15 20:33"
"1951","aquaHub-660110","9001-43283","Male",168,2025-09-15,"2025-09-15 20:33"
"1952","aquaHub-660298","9001-52017","Male",1.6,2025-09-15,"2025-09-15 20:34"
"1953","aquaHub-660298","9001-52031","Male",1.6,2025-09-15,"2025-09-15 20:34"
"1954","aquaHub-660110","9001-43283","Male",168,2025-09-15,"2025-09-15 20:35"
"1955","aquaHub-660298","9001-43149","Male",165,2025-09-15,"2025-09-15 20:36"
"1956","aquaHub-660110","9001-43283","Male",168,2025-09-15,"2025-09-15 20:37"
"1957","aquaHub-660110","9001-43283","Male",168,2025-09-15,"2025-09-15 20:39"
"1958","aquaHub-660298","9001-43149","Male",165,2025-09-15,"2025-09-15 20:39"
"1959","aquaHub-660298","9001-52039","Male",170,2025-09-15,"2025-09-15 20:41"
"1960","aquaHub-660298","9001-52017","Male",1.6,2025-09-15,"2025-09-15 20:43"
"1961","aquaHub-660298","9001-52039","Male",170,2025-09-15,"2025-09-15 20:43"
"1962","aquaHub-660298","9001-52017","Male",1.6,2025-09-15,"2025-09-15 20:46"
"1963","aquaHub-660110","9001-43283","Male",168,2025-09-15,"2025-09-15 20:46"
"1964","aquaHub-660273","9001-26746","Male",1.4,2025-09-15,"2025-09-15 20:47"
"1965","aquaHub-660110","9001-43283","Male",168,2025-09-15,"2025-09-15 20:48"
"1966","aquaHub-660298","9001-52039","Male",170,2025-09-15,"2025-09-15 20:49"
"1967","aquaHub-660298","9001-52039","Male",170,2025-09-15,"2025-09-15 20:51"
"1968","aquaHub-660298","9001-52017","Male",1.6,2025-09-15,"2025-09-15 20:52"
"1969","aquaHub-660110","9001-43283","Male",168,2025-09-15,"2025-09-15 20:52"
"1970","aquaHub-660298","9001-52039","Male",170,2025-09-15,"2025-09-15 20:53"
"1971","aquaHub-660110","9001-43283","Male",168,2025-09-15,"2025-09-15 20:54"
"1972","aquaHub-660298","9001-52017","Male",1.6,2025-09-15,"2025-09-15 20:55"
"1973","aquaHub-660298","9001-43282","Male",162,2025-09-15,"2025-09-15 20:56"
"1974","aquaHub-660298","9001-52039","Male",170,2025-09-15,"2025-09-15 20:56"
"1975","aquaHub-660110","9001-43283","Male",168,2025-09-15,"2025-09-15 20:56"
"1976","aquaHub-660298","9001-52017","Male",1.6,2025-09-15,"2025-09-15 20:57"
"1977","aquaHub-660298","9001-52017","Male",1.6,2025-09-15,"2025-09-15 20:58"
"1978","aquaHub-660298","9001-52039","Male",170,2025-09-15,"2025-09-15 20:59"
"1979","aquaHub-660298","9001-52017","Male",1.6,2025-09-15,"2025-09-15 21:00"
"1980","aquaHub-660298","9001-52039","Male",170,2025-09-15,"2025-09-15 21:00"
"1981","aquaHub-660298","9001-43282","Male",162,2025-09-15,"2025-09-15 21:01"
"1982","aquaHub-660298","9001-52039","Male",170,2025-09-15,"2025-09-15 21:02"
"1983","aquaHub-660298","9001-43282","Male",162,2025-09-15,"2025-09-15 21:03"
"1984","aquaHub-660298","9001-52039","Male",170,2025-09-15,"2025-09-15 21:04"
"1985","aquaHub-660298","9001-52017","Male",1.6,2025-09-15,"2025-09-15 21:04"
"1986","aquaHub-660298","9001-43282","Male",162,2025-09-15,"2025-09-15 21:08"
"1987","aquaHub-660298","9001-52039","Male",170,2025-09-15,"2025-09-15 21:08"
"1988","aquaHub-660298","9001-43282","Male",162,2025-09-15,"2025-09-15 21:11"
"1989","aquaHub-660298","9001-52039","Male",170,2025-09-15,"2025-09-15 21:11"
"1990","aquaHub-660298","9001-52039","Male",170,2025-09-15,"2025-09-15 21:14"
"1991","aquaHub-660298","9001-43282","Male",162,2025-09-15,"2025-09-15 21:15"
"1992","aquaHub-660298","9001-52039","Male",170,2025-09-15,"2025-09-15 21:16"
"1993","aquaHub-660298","9001-43282","Male",162,2025-09-15,"2025-09-15 21:17"
"1994","aquaHub-660298","9001-52039","Male",170,2025-09-15,"2025-09-15 21:20"
"1995","aquaHub-660298","9001-43282","Male",162,2025-09-15,"2025-09-15 21:20"
"1996","aquaHub-660273","9001-52040","Male",164,2025-09-15,"2025-09-15 21:21"
"1997","aquaHub-660298","9001-52039","Male",170,2025-09-15,"2025-09-15 21:21"
"1998","aquaHub-660298","9001-43282","Male",162,2025-09-15,"2025-09-15 21:21"
"1999","aquaHub-660298","9001-52039","Male",170,2025-09-15,"2025-09-15 21:22"
"2000","aquaHub-660273","9001-52040","Male",164,2025-09-15,"2025-09-15 21:23"
"2001","aquaHub-660298","9001-43282","Male",162,2025-09-15,"2025-09-15 21:23"
"2002","aquaHub-660298","9001-52039","Male",170,2025-09-15,"2025-09-15 21:24"
"2003","aquaHub-660298","9001-43282","Male",162,2025-09-15,"2025-09-15 21:25"
"2004","aquaHub-660273","9001-52040","Male",164,2025-09-15,"2025-09-15 21:25"
"2005","aquaHub-660298","9001-52039","Male",170,2025-09-15,"2025-09-15 21:25"
"2006","aquaHub-660298","9001-43282","Male",162,2025-09-15,"2025-09-15 21:26"
"2007","aquaHub-660298","9001-52039","Male",170,2025-09-15,"2025-09-15 21:27"
"2008","aquaHub-660273","9001-52040","Male",164,2025-09-15,"2025-09-15 21:28"
"2009","aquaHub-660298","9001-43282","Male",162,2025-09-15,"2025-09-15 21:29"
"2010","aquaHub-660298","9001-52039","Male",170,2025-09-15,"2025-09-15 21:29"
"2011","aquaHub-660298","9001-52039","Male",170,2025-09-15,"2025-09-15 21:31"
"2012","aquaHub-660273","9001-52040","Male",164,2025-09-15,"2025-09-15 21:31"
"2013","aquaHub-660298","9001-52039","Male",170,2025-09-15,"2025-09-15 21:33"
"2014","aquaHub-660298","9001-43282","Male",162,2025-09-15,"2025-09-15 21:34"
"2015","aquaHub-660298","9001-52039","Male",170,2025-09-15,"2025-09-15 21:35"
"2016","aquaHub-660298","9001-52031","Male",1.6,2025-09-15,"2025-09-15 21:36"
"2017","aquaHub-660273","9001-52040","Male",164,2025-09-15,"2025-09-15 21:36"
"2018","aquaHub-660298","9001-43282","Male",162,2025-09-15,"2025-09-15 21:37"
"2019","aquaHub-660298","9001-52039","Male",170,2025-09-15,"2025-09-15 21:37"
"2020","aquaHub-660298","9001-43282","Male",162,2025-09-15,"2025-09-15 21:39"
"2021","aquaHub-660273","9001-52040","Male",164,2025-09-15,"2025-09-15 21:39"
"2022","aquaHub-660298","9001-52039","Male",170,2025-09-15,"2025-09-15 21:40"
"2023","aquaHub-660298","9001-43282","Male",162,2025-09-15,"2025-09-15 21:40"
"2024","aquaHub-660298","9001-52031","Male",1.6,2025-09-15,"2025-09-15 21:41"
"2025","aquaHub-660298","9001-43282","Male",162,2025-09-15,"2025-09-15 21:42"
"2026","aquaHub-660298","9001-52039","Male",170,2025-09-15,"2025-09-15 21:43"
"2027","aquaHub-660298","9001-43282","Male",162,2025-09-15,"2025-09-15 21:45"
"2028","aquaHub-660298","9001-52039","Male",170,2025-09-15,"2025-09-15 21:45"
"2029","aquaHub-660298","9001-43282","Male",162,2025-09-15,"2025-09-15 21:46"
"2030","aquaHub-660298","9001-43282","Male",162,2025-09-15,"2025-09-15 21:48"
"2031","aquaHub-660298","9001-52039","Male",170,2025-09-15,"2025-09-15 21:52"
"2032","aquaHub-660298","9001-43282","Male",162,2025-09-15,"2025-09-15 21:52"
"2033","aquaHub-660298","9001-52031","Male",1.6,2025-09-15,"2025-09-15 21:53"
"2034","aquaHub-660298","9001-52039","Male",170,2025-09-15,"2025-09-15 21:53"
"2035","aquaHub-660298","9001-52031","Male",1.6,2025-09-15,"2025-09-15 21:55"
"2036","aquaHub-660298","9001-52039","Male",170,2025-09-15,"2025-09-15 21:55"
"2037","aquaHub-660298","9001-52031","Male",1.6,2025-09-15,"2025-09-15 21:57"
"2038","aquaHub-660298","9001-52039","Male",170,2025-09-15,"2025-09-15 21:57"
"2039","aquaHub-660298","9001-43282","Male",162,2025-09-15,"2025-09-15 21:58"
"2040","aquaHub-660298","9001-43149","Male",165,2025-09-15,"2025-09-15 21:58"
"2041","aquaHub-660298","9001-43282","Male",162,2025-09-15,"2025-09-15 22:00"
"2042","aquaHub-660298","9001-43149","Male",165,2025-09-15,"2025-09-15 22:00"
"2043","aquaHub-660298","9001-43282","Male",162,2025-09-15,"2025-09-15 22:02"
"2044","aquaHub-660298","9001-52031","Male",1.6,2025-09-15,"2025-09-15 22:02"
"2045","aquaHub-660298","9001-43282","Male",162,2025-09-15,"2025-09-15 22:04"
"2046","aquaHub-660298","9001-43282","Male",162,2025-09-15,"2025-09-15 22:06"
"2047","aquaHub-660298","9001-52031","Male",1.6,2025-09-15,"2025-09-15 22:06"
"2048","aquaHub-660298","9001-43149","Male",165,2025-09-15,"2025-09-15 22:09"
"2049","aquaHub-660298","9001-43149","Male",165,2025-09-15,"2025-09-15 22:10"
"2050","aquaHub-660298","9001-52031","Male",1.6,2025-09-15,"2025-09-15 22:11"
"2051","aquaHub-660298","9001-52031","Male",1.6,2025-09-15,"2025-09-15 22:13"
"2052","aquaHub-660298","9001-52039","Male",170,2025-09-15,"2025-09-15 22:14"
"2053","aquaHub-660273","9001-52040","Male",164,2025-09-15,"2025-09-15 22:15"
"2054","aquaHub-660298","9001-43149","Male",165,2025-09-15,"2025-09-15 22:15"
"2055","aquaHub-660298","9001-52031","Male",1.6,2025-09-15,"2025-09-15 22:15"
"2056","aquaHub-660298","9001-52039","Male",170,2025-09-15,"2025-09-15 22:16"
"2057","aquaHub-660298","9001-43282","Male",162,2025-09-15,"2025-09-15 22:16"
"2058","aquaHub-660298","9001-52036","Male",161,2025-09-15,"2025-09-15 22:16"
"2059","aquaHub-660298","9001-43149","Male",165,2025-09-15,"2025-09-15 22:17"
"2060","aquaHub-660298","9001-52031","Male",1.6,2025-09-15,"2025-09-15 22:17"
"2061","aquaHub-660273","9001-52040","Male",164,2025-09-15,"2025-09-15 22:18"
"2062","aquaHub-660298","9001-52036","Male",161,2025-09-15,"2025-09-15 22:19"
"2063","aquaHub-660298","9001-43149","Male",165,2025-09-15,"2025-09-15 22:19"
"2064","aquaHub-660298","9001-52031","Male",1.6,2025-09-15,"2025-09-15 22:19"
"2065","aquaHub-660298","9001-52039","Male",170,2025-09-15,"2025-09-15 22:20"
"2066","aquaHub-660298","9001-52036","Male",161,2025-09-15,"2025-09-15 22:20"
"2067","aquaHub-660298","9001-43149","Male",165,2025-09-15,"2025-09-15 22:21"
"2068","aquaHub-660298","9001-43282","Male",162,2025-09-15,"2025-09-15 22:21"
"2069","aquaHub-660273","9001-52040","Male",164,2025-09-15,"2025-09-15 22:22"
"2070","aquaHub-660298","9001-52036","Male",161,2025-09-15,"2025-09-15 22:23"
"2071","aquaHub-660298","9001-52039","Male",170,2025-09-15,"2025-09-15 22:23"
"2072","aquaHub-660298","9001-43282","Male",162,2025-09-15,"2025-09-15 22:24"
"2073","aquaHub-660298","9001-43149","Male",165,2025-09-15,"2025-09-15 22:25"
"2074","aquaHub-660273","9001-52040","Male",164,2025-09-15,"2025-09-15 22:25"
"2075","aquaHub-660298","9001-52039","Male",170,2025-09-15,"2025-09-15 22:27"
"2076","aquaHub-660273","9001-52040","Male",164,2025-09-15,"2025-09-15 22:27"
"2077","aquaHub-660298","9001-52036","Male",161,2025-09-15,"2025-09-15 22:27"
"2078","aquaHub-660298","9001-43149","Male",165,2025-09-15,"2025-09-15 22:28"
"2079","aquaHub-660298","9001-52039","Male",170,2025-09-15,"2025-09-15 22:29"
"2080","aquaHub-660298","9001-52036","Male",161,2025-09-15,"2025-09-15 22:29"
"2081","aquaHub-660273","9001-52040","Male",164,2025-09-15,"2025-09-15 22:29"
"2082","aquaHub-660298","9001-43282","Male",162,2025-09-15,"2025-09-15 22:30"
"2083","aquaHub-660298","9001-52039","Male",170,2025-09-15,"2025-09-15 22:31"
"2084","aquaHub-660298","9001-52036","Male",161,2025-09-15,"2025-09-15 22:31"
"2085","aquaHub-660273","9001-52040","Male",164,2025-09-15,"2025-09-15 22:31"
"2086","aquaHub-660298","9001-43149","Male",165,2025-09-15,"2025-09-15 22:32"
"2087","aquaHub-660298","9001-43282","Male",162,2025-09-15,"2025-09-15 22:32"
"2088","aquaHub-660298","9001-43149","Male",165,2025-09-15,"2025-09-15 22:33"
"2089","aquaHub-660298","9001-52036","Male",161,2025-09-15,"2025-09-15 22:33"
"2090","aquaHub-660298","9001-52039","Male",170,2025-09-15,"2025-09-15 22:33"
"2091","aquaHub-660298","9001-43282","Male",162,2025-09-15,"2025-09-15 22:34"
"2092","aquaHub-660298","9001-43149","Male",165,2025-09-15,"2025-09-15 22:35"
"2093","aquaHub-660298","9001-52036","Male",161,2025-09-15,"2025-09-15 22:36"
"2094","aquaHub-660273","9001-52040","Male",164,2025-09-15,"2025-09-15 22:36"
"2095","aquaHub-660298","9001-52039","Male",170,2025-09-15,"2025-09-15 22:37"
"2096","aquaHub-660298","9001-43149","Male",165,2025-09-15,"2025-09-15 22:38"
"2097","aquaHub-660298","9001-52039","Male",170,2025-09-15,"2025-09-15 22:39"
"2098","aquaHub-660298","9001-52017","Male",1.6,2025-09-15,"2025-09-15 22:41"
"2099","aquaHub-660298","9001-52036","Male",161,2025-09-15,"2025-09-15 22:43"
"2100","aquaHub-660298","9001-52017","Male",1.6,2025-09-15,"2025-09-15 22:44"
"2101","aquaHub-660298","9001-52039","Male",170,2025-09-15,"2025-09-15 22:44"
"2102","aquaHub-660298","9001-52031","Male",1.6,2025-09-15,"2025-09-15 22:45"
"2103","aquaHub-660298","9001-52036","Male",161,2025-09-15,"2025-09-15 22:45"
"2104","aquaHub-660298","9001-52017","Male",1.6,2025-09-15,"2025-09-15 22:46"
"2105","aquaHub-660298","9001-52039","Male",170,2025-09-15,"2025-09-15 22:46"
"2106","aquaHub-660298","9001-52036","Male",161,2025-09-15,"2025-09-15 22:48"
"2107","aquaHub-660298","9001-52039","Male",170,2025-09-15,"2025-09-15 22:49"
"2108","aquaHub-660298","9001-52036","Male",161,2025-09-15,"2025-09-15 22:49"
"2109","aquaHub-660298","9001-52017","Male",1.6,2025-09-15,"2025-09-15 22:50"
"2110","aquaHub-660298","9001-52036","Male",161,2025-09-15,"2025-09-15 22:50"
"2111","aquaHub-660298","9001-52017","Male",1.6,2025-09-15,"2025-09-15 22:51"
"2112","aquaHub-660298","9001-52036","Male",161,2025-09-15,"2025-09-15 22:52"
"2113","aquaHub-660298","9001-52017","Male",1.6,2025-09-15,"2025-09-15 22:53"
"2114","aquaHub-660298","9001-52039","Male",170,2025-09-15,"2025-09-15 22:54"
"2115","aquaHub-660298","9001-52017","Male",1.6,2025-09-15,"2025-09-15 22:54"
"2116","aquaHub-660298","9001-43149","Male",165,2025-09-15,"2025-09-15 22:55"
"2117","aquaHub-660298","9001-52036","Male",161,2025-09-15,"2025-09-15 22:55"
"2118","aquaHub-660298","9001-52017","Male",1.6,2025-09-15,"2025-09-15 22:56"
"2119","aquaHub-660298","9001-43149","Male",165,2025-09-15,"2025-09-15 22:57"
"2120","aquaHub-660298","9001-43149","Male",165,2025-09-15,"2025-09-15 22:58"
"2121","aquaHub-661034","9001-43287","Female",201,2025-09-15,"2025-09-15 22:59"
"2122","aquaHub-660298","9001-52036","Male",161,2025-09-15,"2025-09-15 22:59"
"2123","aquaHub-660298","9001-52017","Male",1.6,2025-09-15,"2025-09-15 23:00"
"2124","aquaHub-660298","9001-43149","Male",165,2025-09-15,"2025-09-15 23:00"
"2125","aquaHub-660298","9001-52036","Male",161,2025-09-15,"2025-09-15 23:01"
"2126","aquaHub-660298","9001-52039","Male",170,2025-09-15,"2025-09-15 23:02"
"2127","aquaHub-660298","9001-43149","Male",165,2025-09-15,"2025-09-15 23:02"
"2128","aquaHub-660298","9001-52017","Male",1.6,2025-09-15,"2025-09-15 23:02"
"2129","aquaHub-660298","9001-43149","Male",165,2025-09-15,"2025-09-15 23:05"
"2130","aquaHub-660298","9001-52036","Male",161,2025-09-15,"2025-09-15 23:06"
"2131","aquaHub-660298","9001-52039","Male",170,2025-09-15,"2025-09-15 23:06"
"2132","aquaHub-660298","9001-43149","Male",165,2025-09-15,"2025-09-15 23:06"
"2133","aquaHub-660298","9001-52017","Male",1.6,2025-09-15,"2025-09-15 23:08"
"2134","aquaHub-660298","9001-43149","Male",165,2025-09-15,"2025-09-15 23:09"
"2135","aquaHub-660298","9001-52031","Male",1.6,2025-09-15,"2025-09-15 23:11"
"2136","aquaHub-660298","9001-52036","Male",161,2025-09-15,"2025-09-15 23:11"
"2137","aquaHub-660298","9001-43149","Male",165,2025-09-15,"2025-09-15 23:11"
"2138","aquaHub-660298","9001-52039","Male",170,2025-09-15,"2025-09-15 23:11"
"2139","aquaHub-661034","9001-43287","Female",201,2025-09-15,"2025-09-15 23:12"
"2140","aquaHub-660298","9001-52031","Male",1.6,2025-09-15,"2025-09-15 23:12"
"2141","aquaHub-660298","9001-52017","Male",1.6,2025-09-15,"2025-09-15 23:13"
"2142","aquaHub-660298","9001-52036","Male",161,2025-09-15,"2025-09-15 23:13"
"2143","aquaHub-661034","9001-43287","Female",201,2025-09-15,"2025-09-15 23:14"
"2144","aquaHub-660298","9001-43149","Male",165,2025-09-15,"2025-09-15 23:14"
"2145","aquaHub-660273","9001-28297","Male",1.6,2025-09-15,"2025-09-15 23:14"
"2146","aquaHub-660298","9001-52017","Male",1.6,2025-09-15,"2025-09-15 23:15"
"2147","aquaHub-660298","9001-52039","Male",170,2025-09-15,"2025-09-15 23:15"
"2148","aquaHub-660298","9001-43149","Male",165,2025-09-15,"2025-09-15 23:16"
"2149","aquaHub-660298","9001-52031","Male",1.6,2025-09-15,"2025-09-15 23:16"
"2150","aquaHub-661034","9001-43287","Female",201,2025-09-15,"2025-09-15 23:16"
"2151","aquaHub-660298","9001-52039","Male",170,2025-09-15,"2025-09-15 23:18"
"2152","aquaHub-661034","9001-43287","Female",201,2025-09-15,"2025-09-15 23:18"
"2153","aquaHub-660298","9001-52031","Male",1.6,2025-09-15,"2025-09-15 23:19"
"2154","aquaHub-660298","9001-52039","Male",170,2025-09-15,"2025-09-15 23:19"
"2155","aquaHub-660298","9001-52039","Male",170,2025-09-15,"2025-09-15 23:21"
"2156","aquaHub-661034","9001-43287","Female",201,2025-09-15,"2025-09-15 23:21"
"2157","aquaHub-660298","9001-52031","Male",1.6,2025-09-15,"2025-09-15 23:21"
"2158","aquaHub-660298","9001-43282","Male",162,2025-09-15,"2025-09-15 23:22"
"2159","aquaHub-660298","9001-52036","Male",161,2025-09-15,"2025-09-15 23:22"
"2160","aquaHub-661034","9001-43287","Female",201,2025-09-15,"2025-09-15 23:24"
"2161","aquaHub-660298","9001-52039","Male",170,2025-09-15,"2025-09-15 23:24"
"2162","aquaHub-661034","9001-43287","Female",201,2025-09-15,"2025-09-15 23:26"
"2163","aquaHub-660298","9001-52031","Male",1.6,2025-09-15,"2025-09-15 23:26"
"2164","aquaHub-660298","9001-43149","Male",165,2025-09-15,"2025-09-15 23:26"
"2165","aquaHub-660298","9001-52039","Male",170,2025-09-15,"2025-09-15 23:27"
"2166","aquaHub-661034","9001-43287","Female",201,2025-09-15,"2025-09-15 23:27"
"2167","aquaHub-660298","9001-52036","Male",161,2025-09-15,"2025-09-15 23:28"
"2168","aquaHub-660298","9001-43149","Male",165,2025-09-15,"2025-09-15 23:28"
"2169","aquaHub-660298","9001-52039","Male",170,2025-09-15,"2025-09-15 23:29"
"2170","aquaHub-661034","9001-43287","Female",201,2025-09-15,"2025-09-15 23:29"
"2171","aquaHub-660298","9001-43149","Male",165,2025-09-15,"2025-09-15 23:30"
"2172","aquaHub-660273","9001-28297","Male",1.6,2025-09-15,"2025-09-15 23:31"
"2173","aquaHub-660298","9001-52039","Male",170,2025-09-15,"2025-09-15 23:31"
"2174","aquaHub-660273","9001-26746","Male",1.4,2025-09-15,"2025-09-15 23:31"
"2175","aquaHub-660298","9001-52031","Male",1.6,2025-09-15,"2025-09-15 23:32"
"2176","aquaHub-660298","9001-43149","Male",165,2025-09-15,"2025-09-15 23:32"
"2177","aquaHub-660298","9001-52031","Male",1.6,2025-09-15,"2025-09-15 23:33"
"2178","aquaHub-661034","9001-43287","Female",201,2025-09-15,"2025-09-15 23:34"
"2179","aquaHub-660298","9001-43149","Male",165,2025-09-15,"2025-09-15 23:34"
"2180","aquaHub-660273","9001-28297","Male",1.6,2025-09-15,"2025-09-15 23:34"
"2181","aquaHub-660298","9001-52031","Male",1.6,2025-09-15,"2025-09-15 23:36"
"2182","aquaHub-660298","9001-43149","Male",165,2025-09-15,"2025-09-15 23:36"
"2183","aquaHub-660298","9001-52017","Male",1.6,2025-09-15,"2025-09-15 23:36"
"2184","aquaHub-660298","9001-52039","Male",170,2025-09-15,"2025-09-15 23:37"
"2185","aquaHub-660273","9001-28297","Male",1.6,2025-09-15,"2025-09-15 23:37"
"2186","aquaHub-660298","9001-43149","Male",165,2025-09-15,"2025-09-15 23:38"
"2187","aquaHub-660298","9001-52036","Male",161,2025-09-15,"2025-09-15 23:38"
"2188","aquaHub-660298","9001-52031","Male",1.6,2025-09-15,"2025-09-15 23:39"
"2189","aquaHub-660298","9001-52039","Male",170,2025-09-15,"2025-09-15 23:39"
"2190","aquaHub-660298","9001-52036","Male",161,2025-09-15,"2025-09-15 23:40"
"2191","aquaHub-660298","9001-43149","Male",165,2025-09-15,"2025-09-15 23:40"
"2192","aquaHub-660298","9001-52017","Male",1.6,2025-09-15,"2025-09-15 23:41"
"2193","aquaHub-660273","9001-28297","Male",1.6,2025-09-15,"2025-09-15 23:41"
"2194","aquaHub-660298","9001-52031","Male",1.6,2025-09-15,"2025-09-15 23:42"
"2195","aquaHub-660298","9001-52039","Male",170,2025-09-15,"2025-09-15 23:42"
"2196","aquaHub-660298","9001-52036","Male",161,2025-09-15,"2025-09-15 23:42"
"2197","aquaHub-660298","9001-43149","Male",165,2025-09-15,"2025-09-15 23:43"
"2198","aquaHub-660298","9001-52031","Male",1.6,2025-09-15,"2025-09-15 23:44"
"2199","aquaHub-660298","9001-52039","Male",170,2025-09-15,"2025-09-15 23:44"
"2200","aquaHub-660298","9001-52036","Male",161,2025-09-15,"2025-09-15 23:44"
"2201","aquaHub-660110","9001-43148","Male",162,2025-09-15,"2025-09-15 23:44"
"2202","aquaHub-660273","9001-28297","Male",1.6,2025-09-15,"2025-09-15 23:45"
"2203","aquaHub-660298","9001-52017","Male",1.6,2025-09-15,"2025-09-15 23:45"
"2204","aquaHub-660298","9001-52039","Male",170,2025-09-15,"2025-09-15 23:45"
"2205","aquaHub-660298","9001-52031","Male",1.6,2025-09-15,"2025-09-15 23:46"
"2206","aquaHub-660110","9001-43148","Male",162,2025-09-15,"2025-09-15 23:47"
"2207","aquaHub-660298","9001-52039","Male",170,2025-09-15,"2025-09-15 23:47"
"2208","aquaHub-660298","9001-52036","Male",161,2025-09-15,"2025-09-15 23:47"
"2209","aquaHub-660273","9001-28297","Male",1.6,2025-09-15,"2025-09-15 23:47"
"2210","aquaHub-660298","9001-52017","Male",1.6,2025-09-15,"2025-09-15 23:48"
"2211","aquaHub-660298","9001-52039","Male",170,2025-09-15,"2025-09-15 23:48"
"2212","aquaHub-660298","9001-52031","Male",1.6,2025-09-15,"2025-09-15 23:49"
"2213","aquaHub-660110","9001-43148","Male",162,2025-09-15,"2025-09-15 23:49"
"2214","aquaHub-660110","9001-43148","Male",162,2025-09-15,"2025-09-15 23:52"
"2215","aquaHub-660298","9001-52031","Male",1.6,2025-09-15,"2025-09-15 23:52"
"2216","aquaHub-660298","9001-52039","Male",170,2025-09-15,"2025-09-15 23:52"
"2217","aquaHub-660298","9001-52017","Male",1.6,2025-09-15,"2025-09-15 23:52"
"2218","aquaHub-660273","9001-28297","Male",1.6,2025-09-15,"2025-09-15 23:53"
"2219","aquaHub-660298","9001-52036","Male",161,2025-09-15,"2025-09-15 23:53"
"2220","aquaHub-660110","9001-43148","Male",162,2025-09-15,"2025-09-15 23:54"
"2221","aquaHub-660298","9001-52031","Male",1.6,2025-09-15,"2025-09-15 23:54"
"2222","aquaHub-660298","9001-52039","Male",170,2025-09-15,"2025-09-15 23:55"
"2223","aquaHub-660298","9001-52036","Male",161,2025-09-15,"2025-09-15 23:56"
"2224","aquaHub-660110","9001-43148","Male",162,2025-09-15,"2025-09-15 23:57"
"2225","aquaHub-660298","9001-52017","Male",1.6,2025-09-15,"2025-09-15 23:57"
"2226","aquaHub-660298","9001-52036","Male",161,2025-09-15,"2025-09-15 23:57"
"2227","aquaHub-660298","9001-52036","Male",161,2025-09-15,"2025-09-15 23:59"
"2228","aquaHub-660110","9001-43148","Male",162,2025-09-15,"2025-09-15 23:59"
"2229","aquaHub-660298","9001-52031","Male",1.6,2025-09-15,"2025-09-15 23:59"
"2230","aquaHub-660298","9001-52039","Male",170,2025-09-16,"2025-09-16 0:00"
"2231","aquaHub-660298","9001-52036","Male",161,2025-09-16,"2025-09-16 0:00"
"2232","aquaHub-660298","9001-52017","Male",1.6,2025-09-16,"2025-09-16 0:01"
"2233","aquaHub-660298","9001-43149","Male",165,2025-09-16,"2025-09-16 0:01"
"2234","aquaHub-660298","9001-52031","Male",1.6,2025-09-16,"2025-09-16 0:01"
"2235","aquaHub-660110","9001-43148","Male",162,2025-09-16,"2025-09-16 0:02"
"2236","aquaHub-660298","9001-52031","Male",1.6,2025-09-16,"2025-09-16 0:03"
"2237","aquaHub-660110","9001-43148","Male",162,2025-09-16,"2025-09-16 0:04"
"2238","aquaHub-660298","9001-52036","Male",161,2025-09-16,"2025-09-16 0:04"
"2239","aquaHub-660298","9001-52017","Male",1.6,2025-09-16,"2025-09-16 0:04"
"2240","aquaHub-660298","9001-52017","Male",1.6,2025-09-16,"2025-09-16 0:06"
"2241","aquaHub-660298","9001-52036","Male",161,2025-09-16,"2025-09-16 0:08"
"2242","aquaHub-660298","9001-43149","Male",165,2025-09-16,"2025-09-16 0:09"
"2243","aquaHub-660298","9001-52036","Male",161,2025-09-16,"2025-09-16 0:10"
"2244","aquaHub-660110","9001-43148","Male",162,2025-09-16,"2025-09-16 0:10"
"2245","aquaHub-660298","9001-43149","Male",165,2025-09-16,"2025-09-16 0:11"
"2246","aquaHub-660298","9001-52017","Male",1.6,2025-09-16,"2025-09-16 0:12"
"2247","aquaHub-660298","9001-43149","Male",165,2025-09-16,"2025-09-16 0:13"
"2248","aquaHub-660110","9001-43148","Male",162,2025-09-16,"2025-09-16 0:13"
"2249","aquaHub-660298","9001-52031","Male",1.6,2025-09-16,"2025-09-16 0:14"
"2250","aquaHub-660298","9001-52039","Male",170,2025-09-16,"2025-09-16 0:14"
"2251","aquaHub-660298","9001-43149","Male",165,2025-09-16,"2025-09-16 0:14"
"2252","aquaHub-660298","9001-52017","Male",1.6,2025-09-16,"2025-09-16 0:15"
"2253","aquaHub-660298","9001-52036","Male",161,2025-09-16,"2025-09-16 0:15"
"2254","aquaHub-660110","9001-43148","Male",162,2025-09-16,"2025-09-16 0:15"
"2255","aquaHub-660298","9001-43149","Male",165,2025-09-16,"2025-09-16 0:16"
"2256","aquaHub-660110","9001-52040","Male",164,2025-09-16,"2025-09-16 0:16"
"2257","aquaHub-660298","9001-52017","Male",1.6,2025-09-16,"2025-09-16 0:17"
"2258","aquaHub-660298","9001-43149","Male",165,2025-09-16,"2025-09-16 0:17"
"2259","aquaHub-660298","9001-26756","Male",1.6,2025-09-16,"2025-09-16 0:17"
"2260","aquaHub-660298","9001-52031","Male",1.6,2025-09-16,"2025-09-16 0:17"
"2261","aquaHub-660110","9001-43148","Male",162,2025-09-16,"2025-09-16 0:18"
"2262","aquaHub-660298","9001-52036","Male",161,2025-09-16,"2025-09-16 0:18"
"2263","aquaHub-660110","9001-52040","Male",164,2025-09-16,"2025-09-16 0:18"
"2264","aquaHub-660298","9001-52039","Male",170,2025-09-16,"2025-09-16 0:19"
"2265","aquaHub-660110","9001-52040","Male",164,2025-09-16,"2025-09-16 0:20"
"2266","aquaHub-660110","9001-43148","Male",162,2025-09-16,"2025-09-16 0:20"
"2267","aquaHub-660110","9001-52040","Male",164,2025-09-16,"2025-09-16 0:21"
"2268","aquaHub-660298","9001-52031","Male",1.6,2025-09-16,"2025-09-16 0:24"
"2269","aquaHub-660110","9001-52040","Male",164,2025-09-16,"2025-09-16 0:25"
"2270","aquaHub-660298","9001-52036","Male",161,2025-09-16,"2025-09-16 0:25"
"2271","aquaHub-660110","9001-43148","Male",162,2025-09-16,"2025-09-16 0:25"
"2272","aquaHub-660298","9001-52031","Male",1.6,2025-09-16,"2025-09-16 0:26"
"2273","aquaHub-660298","9001-52036","Male",161,2025-09-16,"2025-09-16 0:27"
"2274","aquaHub-660110","9001-52040","Male",164,2025-09-16,"2025-09-16 0:27"
"2275","aquaHub-660110","9001-43148","Male",162,2025-09-16,"2025-09-16 0:28"
"2276","aquaHub-660298","9001-43149","Male",165,2025-09-16,"2025-09-16 0:28"
"2277","aquaHub-660110","9001-52040","Male",164,2025-09-16,"2025-09-16 0:29"
"2278","aquaHub-660110","9001-43148","Male",162,2025-09-16,"2025-09-16 0:30"
"2279","aquaHub-660298","9001-52017","Male",1.6,2025-09-16,"2025-09-16 0:31"
"2280","aquaHub-660110","9001-52040","Male",164,2025-09-16,"2025-09-16 0:32"
"2281","aquaHub-660110","9001-43148","Male",162,2025-09-16,"2025-09-16 0:32"
"2282","aquaHub-660110","9001-52040","Male",164,2025-09-16,"2025-09-16 0:34"
"2283","aquaHub-660110","9001-43148","Male",162,2025-09-16,"2025-09-16 0:34"
"2284","aquaHub-660110","9001-52040","Male",164,2025-09-16,"2025-09-16 0:36"
"2285","aquaHub-660110","9001-43148","Male",162,2025-09-16,"2025-09-16 0:37"
"2286","aquaHub-660110","9001-43148","Male",162,2025-09-16,"2025-09-16 0:39"
"2287","aquaHub-660110","9001-43148","Male",162,2025-09-16,"2025-09-16 0:40"
"2288","aquaHub-660110","9001-43148","Male",162,2025-09-16,"2025-09-16 0:42"
"2289","aquaHub-660110","9001-43148","Male",162,2025-09-16,"2025-09-16 0:44"
"2290","aquaHub-660110","9001-43148","Male",162,2025-09-16,"2025-09-16 0:46"
"2291","aquaHub-660110","9001-43148","Male",162,2025-09-16,"2025-09-16 0:49"
"2292","aquaHub-660110","9001-47193","Male",159,2025-09-16,"2025-09-16 0:50"
"2293","aquaHub-660110","9001-43148","Male",162,2025-09-16,"2025-09-16 0:51"
"2294","aquaHub-660110","9001-47193","Male",159,2025-09-16,"2025-09-16 0:52"
"2295","aquaHub-660110","9001-43148","Male",162,2025-09-16,"2025-09-16 0:53"
"2296","aquaHub-660110","9001-47193","Male",159,2025-09-16,"2025-09-16 0:54"
"2297","aquaHub-660110","9001-43148","Male",162,2025-09-16,"2025-09-16 0:55"
"2298","aquaHub-660110","9001-47193","Male",159,2025-09-16,"2025-09-16 0:56"
"2299","aquaHub-660110","9001-43148","Male",162,2025-09-16,"2025-09-16 0:57"
"2300","aquaHub-660110","9001-47193","Male",159,2025-09-16,"2025-09-16 0:57"
"2301","aquaHub-660110","9001-47193","Male",159,2025-09-16,"2025-09-16 1:01"
"2302","aquaHub-660110","9001-43148","Male",162,2025-09-16,"2025-09-16 1:01"
"2303","aquaHub-660110","9001-47193","Male",159,2025-09-16,"2025-09-16 1:03"
"2304","aquaHub-660110","9001-43148","Male",162,2025-09-16,"2025-09-16 1:03"
"2305","aquaHub-660110","9001-47193","Male",159,2025-09-16,"2025-09-16 1:05"
"2306","aquaHub-660110","9001-43148","Male",162,2025-09-16,"2025-09-16 1:05"
"2307","aquaHub-660298","9001-52031","Male",1.6,2025-09-16,"2025-09-16 1:05"
"2308","aquaHub-660110","9001-47193","Male",159,2025-09-16,"2025-09-16 1:07"
"2309","aquaHub-660110","9001-43148","Male",162,2025-09-16,"2025-09-16 1:07"
"2310","aquaHub-660298","9001-52031","Male",1.6,2025-09-16,"2025-09-16 1:10"
"2311","aquaHub-660110","9001-43148","Male",162,2025-09-16,"2025-09-16 1:11"
"2312","aquaHub-660110","9001-47193","Male",159,2025-09-16,"2025-09-16 1:11"
"2313","aquaHub-660110","9001-43148","Male",162,2025-09-16,"2025-09-16 1:12"
"2314","aquaHub-660110","9001-47193","Male",159,2025-09-16,"2025-09-16 1:14"
"2315","aquaHub-660110","9001-43148","Male",162,2025-09-16,"2025-09-16 1:14"
"2316","aquaHub-660298","9001-52031","Male",1.6,2025-09-16,"2025-09-16 1:17"
"2317","aquaHub-660110","9001-43148","Male",162,2025-09-16,"2025-09-16 1:19"
"2318","aquaHub-660110","9001-47193","Male",159,2025-09-16,"2025-09-16 1:19"
"2319","aquaHub-660298","9001-52031","Male",1.6,2025-09-16,"2025-09-16 1:19"
"2320","aquaHub-660298","9001-52031","Male",1.6,2025-09-16,"2025-09-16 1:21"
"2321","aquaHub-660110","9001-43148","Male",162,2025-09-16,"2025-09-16 1:22"
"2322","aquaHub-660110","9001-47193","Male",159,2025-09-16,"2025-09-16 1:22"
"2323","aquaHub-660298","9001-52017","Male",1.6,2025-09-16,"2025-09-16 1:22"
"2324","aquaHub-660298","9001-52031","Male",1.6,2025-09-16,"2025-09-16 1:23"
"2325","aquaHub-660110","9001-47193","Male",159,2025-09-16,"2025-09-16 1:25"
"2326","aquaHub-660110","9001-43148","Male",162,2025-09-16,"2025-09-16 1:25"
"2327","aquaHub-660298","9001-52031","Male",1.6,2025-09-16,"2025-09-16 1:26"
"2328","aquaHub-660298","9001-52017","Male",1.6,2025-09-16,"2025-09-16 1:27"
"2329","aquaHub-660110","9001-47193","Male",159,2025-09-16,"2025-09-16 1:27"
"2330","aquaHub-660110","9001-43148","Male",162,2025-09-16,"2025-09-16 1:28"
"2331","aquaHub-660298","9001-52017","Male",1.6,2025-09-16,"2025-09-16 1:29"
"2332","aquaHub-660141","9001-52029","Male",1.5,2025-09-16,"2025-09-16 1:29"
"2333","aquaHub-660110","9001-47193","Male",159,2025-09-16,"2025-09-16 1:30"
"2334","aquaHub-660110","9001-43148","Male",162,2025-09-16,"2025-09-16 1:30"
"2335","aquaHub-660298","9001-52017","Male",1.6,2025-09-16,"2025-09-16 1:31"
"2336","aquaHub-660298","9001-43149","Male",165,2025-09-16,"2025-09-16 1:31"
"2337","aquaHub-660298","9001-52017","Male",1.6,2025-09-16,"2025-09-16 1:32"
"2338","aquaHub-660298","9001-43149","Male",165,2025-09-16,"2025-09-16 1:33"
"2339","aquaHub-660141","9001-52029","Male",1.5,2025-09-16,"2025-09-16 1:34"
"2340","aquaHub-660110","9001-47193","Male",159,2025-09-16,"2025-09-16 1:34"
"2341","aquaHub-660110","9001-43148","Male",162,2025-09-16,"2025-09-16 1:35"
"2342","aquaHub-660298","9001-43149","Male",165,2025-09-16,"2025-09-16 1:35"
"2343","aquaHub-660110","9001-43148","Male",162,2025-09-16,"2025-09-16 1:38"
"2344","aquaHub-660110","9001-47193","Male",159,2025-09-16,"2025-09-16 1:38"
"2345","aquaHub-660298","9001-52017","Male",1.6,2025-09-16,"2025-09-16 1:39"
"2346","aquaHub-660110","9001-43148","Male",162,2025-09-16,"2025-09-16 1:40"
"2347","aquaHub-660298","9001-52036","Male",161,2025-09-16,"2025-09-16 1:40"
"2348","aquaHub-660141","9001-52029","Male",1.5,2025-09-16,"2025-09-16 1:41"
"2349","aquaHub-660110","9001-47193","Male",159,2025-09-16,"2025-09-16 1:41"
"2350","aquaHub-660298","9001-52031","Male",1.6,2025-09-16,"2025-09-16 1:41"
"2351","aquaHub-660298","9001-52017","Male",1.6,2025-09-16,"2025-09-16 1:42"
"2352","aquaHub-660110","9001-43148","Male",162,2025-09-16,"2025-09-16 1:42"
"2353","aquaHub-660298","9001-52036","Male",161,2025-09-16,"2025-09-16 1:42"
"2354","aquaHub-660110","9001-47193","Male",159,2025-09-16,"2025-09-16 1:42"
"2355","aquaHub-660298","9001-52031","Male",1.6,2025-09-16,"2025-09-16 1:43"
"2356","aquaHub-660110","9001-43148","Male",162,2025-09-16,"2025-09-16 1:44"
"2357","aquaHub-660298","9001-52017","Male",1.6,2025-09-16,"2025-09-16 1:44"
"2358","aquaHub-660298","9001-52036","Male",161,2025-09-16,"2025-09-16 1:45"
"2359","aquaHub-660110","9001-47193","Male",159,2025-09-16,"2025-09-16 1:45"
"2360","aquaHub-660298","9001-43149","Male",165,2025-09-16,"2025-09-16 1:45"
"2361","aquaHub-660110","9001-43148","Male",162,2025-09-16,"2025-09-16 1:46"
"2362","aquaHub-660110","9001-47193","Male",159,2025-09-16,"2025-09-16 1:47"
"2363","aquaHub-660298","9001-52036","Male",161,2025-09-16,"2025-09-16 1:47"
"2364","aquaHub-660298","9001-43149","Male",165,2025-09-16,"2025-09-16 1:47"
"2365","aquaHub-660110","9001-43148","Male",162,2025-09-16,"2025-09-16 1:48"
"2366","aquaHub-660298","9001-52017","Male",1.6,2025-09-16,"2025-09-16 1:48"
"2367","aquaHub-660298","9001-52036","Male",161,2025-09-16,"2025-09-16 1:48"
"2368","aquaHub-660110","9001-47193","Male",159,2025-09-16,"2025-09-16 1:49"
"2369","aquaHub-660110","9001-43148","Male",162,2025-09-16,"2025-09-16 1:49"
"2370","aquaHub-660298","9001-52036","Male",161,2025-09-16,"2025-09-16 1:50"
"2371","aquaHub-660110","9001-43148","Male",162,2025-09-16,"2025-09-16 1:51"
"2372","aquaHub-660298","9001-52017","Male",1.6,2025-09-16,"2025-09-16 1:51"
"2373","aquaHub-660298","9001-43149","Male",165,2025-09-16,"2025-09-16 1:51"
"2374","aquaHub-660110","9001-47193","Male",159,2025-09-16,"2025-09-16 1:52"
"2375","aquaHub-660298","9001-52031","Male",1.6,2025-09-16,"2025-09-16 1:52"
"2376","aquaHub-660298","9001-52017","Male",1.6,2025-09-16,"2025-09-16 1:52"
"2377","aquaHub-660110","9001-43148","Male",162,2025-09-16,"2025-09-16 1:53"
"2378","aquaHub-660298","9001-43149","Male",165,2025-09-16,"2025-09-16 1:54"
"2379","aquaHub-660298","9001-52017","Male",1.6,2025-09-16,"2025-09-16 1:54"
"2380","aquaHub-660298","9001-52031","Male",1.6,2025-09-16,"2025-09-16 1:55"
"2381","aquaHub-660110","9001-47193","Male",159,2025-09-16,"2025-09-16 1:55"
"2382","aquaHub-660298","9001-52017","Male",1.6,2025-09-16,"2025-09-16 1:56"
"2383","aquaHub-660110","9001-43148","Male",162,2025-09-16,"2025-09-16 1:56"
"2384","aquaHub-660298","9001-43149","Male",165,2025-09-16,"2025-09-16 1:56"
"2385","aquaHub-660298","9001-52031","Male",1.6,2025-09-16,"2025-09-16 1:57"
"2386","aquaHub-660110","9001-47193","Male",159,2025-09-16,"2025-09-16 1:57"
"2387","aquaHub-660298","9001-52017","Male",1.6,2025-09-16,"2025-09-16 1:57"
"2388","aquaHub-660110","9001-43148","Male",162,2025-09-16,"2025-09-16 1:58"
"2389","aquaHub-660298","9001-52031","Male",1.6,2025-09-16,"2025-09-16 1:58"
"2390","aquaHub-660298","9001-43149","Male",165,2025-09-16,"2025-09-16 1:59"
"2391","aquaHub-660298","9001-52031","Male",1.6,2025-09-16,"2025-09-16 2:00"
"2392","aquaHub-660298","9001-52031","Male",1.6,2025-09-16,"2025-09-16 2:03"
"2393","aquaHub-660110","9001-43148","Male",162,2025-09-16,"2025-09-16 2:04"
"2394","aquaHub-660110","9001-47193","Male",159,2025-09-16,"2025-09-16 2:04"
"2395","aquaHub-660298","9001-52031","Male",1.6,2025-09-16,"2025-09-16 2:05"
"2396","aquaHub-660110","9001-43148","Male",162,2025-09-16,"2025-09-16 2:06"
"2397","aquaHub-660110","9001-47193","Male",159,2025-09-16,"2025-09-16 2:06"
"2398","aquaHub-660298","9001-43149","Male",165,2025-09-16,"2025-09-16 2:06"
"2399","aquaHub-660141","9001-52029","Male",1.5,2025-09-16,"2025-09-16 2:07"
"2400","aquaHub-660110","9001-43148","Male",162,2025-09-16,"2025-09-16 2:07"
"2401","aquaHub-660298","9001-43149","Male",165,2025-09-16,"2025-09-16 2:08"
"2402","aquaHub-660298","9001-52031","Male",1.6,2025-09-16,"2025-09-16 2:08"
"2403","aquaHub-660110","9001-47193","Male",159,2025-09-16,"2025-09-16 2:08"
"2404","aquaHub-660110","9001-43148","Male",162,2025-09-16,"2025-09-16 2:09"
"2405","aquaHub-660298","9001-52031","Male",1.6,2025-09-16,"2025-09-16 2:10"
"2406","aquaHub-660110","9001-43148","Male",162,2025-09-16,"2025-09-16 2:12"
"2407","aquaHub-660298","9001-52031","Male",1.6,2025-09-16,"2025-09-16 2:12"
"2408","aquaHub-660298","9001-52031","Male",1.6,2025-09-16,"2025-09-16 2:14"
"2409","aquaHub-660141","9001-52029","Male",1.5,2025-09-16,"2025-09-16 2:14"
"2410","aquaHub-660298","9001-43149","Male",165,2025-09-16,"2025-09-16 2:14"
"2411","aquaHub-660110","9001-43148","Male",162,2025-09-16,"2025-09-16 2:14"
"2412","aquaHub-660298","9001-26747","Male",1.4,2025-09-16,"2025-09-16 2:15"
"2413","aquaHub-660110","9001-43148","Male",162,2025-09-16,"2025-09-16 2:16"
"2414","aquaHub-660298","9001-26756","Male",1.6,2025-09-16,"2025-09-16 2:16"
"2415","aquaHub-660110","9001-43148","Male",162,2025-09-16,"2025-09-16 2:18"
"2416","aquaHub-660110","9001-43148","Male",162,2025-09-16,"2025-09-16 2:19"
"2417","aquaHub-660110","9001-43148","Male",162,2025-09-16,"2025-09-16 2:21"
"2418","aquaHub-660298","9001-26756","Male",1.6,2025-09-16,"2025-09-16 2:22"
"2419","aquaHub-660298","9001-26756","Male",1.6,2025-09-16,"2025-09-16 2:25"
"2420","aquaHub-660110","9001-43148","Male",162,2025-09-16,"2025-09-16 2:26"
"2421","aquaHub-660298","9001-52039","Male",170,2025-09-16,"2025-09-16 2:26"
"2422","aquaHub-660298","9001-43149","Male",165,2025-09-16,"2025-09-16 2:27"
"2423","aquaHub-660298","9001-52039","Male",170,2025-09-16,"2025-09-16 2:28"
"2424","aquaHub-660110","9001-43148","Male",162,2025-09-16,"2025-09-16 2:28"
"2425","aquaHub-660298","9001-26756","Male",1.6,2025-09-16,"2025-09-16 2:29"
"2426","aquaHub-660298","9001-52031","Male",1.6,2025-09-16,"2025-09-16 2:29"
"2427","aquaHub-660298","9001-43149","Male",165,2025-09-16,"2025-09-16 2:29"
"2428","aquaHub-660110","9001-43148","Male",162,2025-09-16,"2025-09-16 2:30"
"2429","aquaHub-660298","9001-52039","Male",170,2025-09-16,"2025-09-16 2:30"
"2430","aquaHub-660298","9001-52031","Male",1.6,2025-09-16,"2025-09-16 2:31"
"2431","aquaHub-660110","9001-43148","Male",162,2025-09-16,"2025-09-16 2:32"
"2432","aquaHub-660298","9001-52031","Male",1.6,2025-09-16,"2025-09-16 2:33"
"2433","aquaHub-660143","9001-52022","Male",1.6,2025-09-16,"2025-09-16 2:33"
"2434","aquaHub-660298","9001-52039","Male",170,2025-09-16,"2025-09-16 2:34"
"2435","aquaHub-660298","9001-52031","Male",1.6,2025-09-16,"2025-09-16 2:35"
"2436","aquaHub-660143","9001-52022","Male",1.6,2025-09-16,"2025-09-16 2:35"
"2437","aquaHub-660110","9001-43148","Male",162,2025-09-16,"2025-09-16 2:35"
"2438","aquaHub-660298","9001-43149","Male",165,2025-09-16,"2025-09-16 2:35"
"2439","aquaHub-660298","9001-52031","Male",1.6,2025-09-16,"2025-09-16 2:37"
"2440","aquaHub-660110","9001-43148","Male",162,2025-09-16,"2025-09-16 2:37"
"2441","aquaHub-660298","9001-26756","Male",1.6,2025-09-16,"2025-09-16 2:37"
"2442","aquaHub-660298","9001-52039","Male",170,2025-09-16,"2025-09-16 2:38"
"2443","aquaHub-660110","9001-43148","Male",162,2025-09-16,"2025-09-16 2:39"
"2444","aquaHub-660298","9001-52031","Male",1.6,2025-09-16,"2025-09-16 2:39"
"2445","aquaHub-660141","9001-52029","Male",1.5,2025-09-16,"2025-09-16 2:39"
"2446","aquaHub-660298","9001-43149","Male",165,2025-09-16,"2025-09-16 2:40"
"2447","aquaHub-660298","9001-52039","Male",170,2025-09-16,"2025-09-16 2:40"
"2448","aquaHub-660298","9001-52031","Male",1.6,2025-09-16,"2025-09-16 2:41"
"2449","aquaHub-660141","9001-52029","Male",1.5,2025-09-16,"2025-09-16 2:41"
"2450","aquaHub-660110","9001-43148","Male",162,2025-09-16,"2025-09-16 2:41"
"2451","aquaHub-660298","9001-52039","Male",170,2025-09-16,"2025-09-16 2:42"
"2452","aquaHub-660141","9001-52029","Male",1.5,2025-09-16,"2025-09-16 2:43"
"2453","aquaHub-660298","9001-52017","Male",1.6,2025-09-16,"2025-09-16 2:43"
"2454","aquaHub-660110","9001-43148","Male",162,2025-09-16,"2025-09-16 2:43"
"2455","aquaHub-660141","9001-52029","Male",1.5,2025-09-16,"2025-09-16 2:45"
"2456","aquaHub-660298","9001-52017","Male",1.6,2025-09-16,"2025-09-16 2:45"
"2457","aquaHub-660110","9001-43148","Male",162,2025-09-16,"2025-09-16 2:46"
"2458","aquaHub-660143","9001-52022","Male",1.6,2025-09-16,"2025-09-16 2:47"
"2459","aquaHub-660298","9001-43149","Male",165,2025-09-16,"2025-09-16 2:47"
"2460","aquaHub-660141","9001-52029","Male",1.5,2025-09-16,"2025-09-16 2:47"
"2461","aquaHub-660298","9001-52039","Male",170,2025-09-16,"2025-09-16 2:47"
"2462","aquaHub-660110","9001-43148","Male",162,2025-09-16,"2025-09-16 2:48"
"2463","aquaHub-660298","9001-52039","Male",170,2025-09-16,"2025-09-16 2:49"
"2464","aquaHub-660110","9001-43148","Male",162,2025-09-16,"2025-09-16 2:50"
"2465","aquaHub-660298","9001-52017","Male",1.6,2025-09-16,"2025-09-16 2:50"
"2466","aquaHub-660298","9001-52039","Male",170,2025-09-16,"2025-09-16 2:51"
"2467","aquaHub-660143","9001-52022","Male",1.6,2025-09-16,"2025-09-16 2:51"
"2468","aquaHub-660110","9001-43148","Male",162,2025-09-16,"2025-09-16 2:51"
"2469","aquaHub-660298","9001-52017","Male",1.6,2025-09-16,"2025-09-16 2:52"
"2470","aquaHub-660298","9001-52039","Male",170,2025-09-16,"2025-09-16 2:52"
"2471","aquaHub-660110","9001-43148","Male",162,2025-09-16,"2025-09-16 2:54"
"2472","aquaHub-660298","9001-52017","Male",1.6,2025-09-16,"2025-09-16 2:54"
"2473","aquaHub-660298","9001-52039","Male",170,2025-09-16,"2025-09-16 2:54"
"2474","aquaHub-660298","9001-52017","Male",1.6,2025-09-16,"2025-09-16 2:56"
"2475","aquaHub-660298","9001-52039","Male",170,2025-09-16,"2025-09-16 2:56"
"2476","aquaHub-660110","9001-43148","Male",162,2025-09-16,"2025-09-16 2:56"
"2477","aquaHub-660143","9001-52022","Male",1.6,2025-09-16,"2025-09-16 2:56"
"2478","aquaHub-660141","9001-52029","Male",1.5,2025-09-16,"2025-09-16 2:57"
"2479","aquaHub-660110","9001-43148","Male",162,2025-09-16,"2025-09-16 2:58"
"2480","aquaHub-660141","9001-52029","Male",1.5,2025-09-16,"2025-09-16 2:59"
"2481","aquaHub-660143","9001-52022","Male",1.6,2025-09-16,"2025-09-16 2:59"
"2482","aquaHub-660298","9001-52017","Male",1.6,2025-09-16,"2025-09-16 2:59"
"2483","aquaHub-660110","9001-43148","Male",162,2025-09-16,"2025-09-16 3:00"
"2484","aquaHub-660141","9001-52029","Male",1.5,2025-09-16,"2025-09-16 3:00"
"2485","aquaHub-660298","9001-52039","Male",170,2025-09-16,"2025-09-16 3:00"
"2486","aquaHub-660143","9001-52022","Male",1.6,2025-09-16,"2025-09-16 3:01"
"2487","aquaHub-660298","9001-52017","Male",1.6,2025-09-16,"2025-09-16 3:01"
"2488","aquaHub-660110","9001-43148","Male",162,2025-09-16,"2025-09-16 3:02"
"2489","aquaHub-660141","9001-52029","Male",1.5,2025-09-16,"2025-09-16 3:02"
"2490","aquaHub-660143","9001-52022","Male",1.6,2025-09-16,"2025-09-16 3:02"
"2491","aquaHub-660298","9001-52039","Male",170,2025-09-16,"2025-09-16 3:03"
"2492","aquaHub-660141","9001-52029","Male",1.5,2025-09-16,"2025-09-16 3:04"
"2493","aquaHub-660298","9001-52017","Male",1.6,2025-09-16,"2025-09-16 3:04"
"2494","aquaHub-660110","9001-43148","Male",162,2025-09-16,"2025-09-16 3:04"
"2495","aquaHub-660143","9001-52022","Male",1.6,2025-09-16,"2025-09-16 3:04"
"2496","aquaHub-660298","9001-52039","Male",170,2025-09-16,"2025-09-16 3:06"
"2497","aquaHub-660141","9001-52029","Male",1.5,2025-09-16,"2025-09-16 3:06"
"2498","aquaHub-660143","9001-52022","Male",1.6,2025-09-16,"2025-09-16 3:06"
"2499","aquaHub-660298","9001-52017","Male",1.6,2025-09-16,"2025-09-16 3:06"
"2500","aquaHub-660110","9001-43148","Male",162,2025-09-16,"2025-09-16 3:06"
"2501","aquaHub-660110","9001-43148","Male",162,2025-09-16,"2025-09-16 3:08"
"2502","aquaHub-660298","9001-52039","Male",170,2025-09-16,"2025-09-16 3:08"
"2503","aquaHub-660298","9001-52017","Male",1.6,2025-09-16,"2025-09-16 3:09"
"2504","aquaHub-660110","9001-43148","Male",162,2025-09-16,"2025-09-16 3:09"
"2505","aquaHub-660298","9001-52039","Male",170,2025-09-16,"2025-09-16 3:09"
"2506","aquaHub-660298","9001-52031","Male",1.6,2025-09-16,"2025-09-16 3:10"
"2507","aquaHub-660298","9001-26747","Male",1.4,2025-09-16,"2025-09-16 3:10"
"2508","aquaHub-660298","9001-52017","Male",1.6,2025-09-16,"2025-09-16 3:10"
"2509","aquaHub-660110","9001-43148","Male",162,2025-09-16,"2025-09-16 3:11"
"2510","aquaHub-660141","9001-52029","Male",1.5,2025-09-16,"2025-09-16 3:11"
"2511","aquaHub-660298","9001-52031","Male",1.6,2025-09-16,"2025-09-16 3:12"
"2512","aquaHub-660298","9001-52017","Male",1.6,2025-09-16,"2025-09-16 3:12"
"2513","aquaHub-660298","9001-52031","Male",1.6,2025-09-16,"2025-09-16 3:13"
"2514","aquaHub-660141","9001-52029","Male",1.5,2025-09-16,"2025-09-16 3:13"
"2515","aquaHub-660110","9001-43148","Male",162,2025-09-16,"2025-09-16 3:13"
"2516","aquaHub-660298","9001-52039","Male",170,2025-09-16,"2025-09-16 3:14"
"2517","aquaHub-660298","9001-52036","Male",161,2025-09-16,"2025-09-16 3:14"
"2518","aquaHub-660298","9001-26756","Male",1.6,2025-09-16,"2025-09-16 3:14"
"2519","aquaHub-660298","9001-52031","Male",1.6,2025-09-16,"2025-09-16 3:15"
"2520","aquaHub-660298","9001-52039","Male",170,2025-09-16,"2025-09-16 3:16"
"2521","aquaHub-660110","9001-43148","Male",162,2025-09-16,"2025-09-16 3:16"
"2522","aquaHub-660298","9001-52017","Male",1.6,2025-09-16,"2025-09-16 3:16"
"2523","aquaHub-660298","9001-52036","Male",161,2025-09-16,"2025-09-16 3:17"
"2524","aquaHub-660298","9001-26756","Male",1.6,2025-09-16,"2025-09-16 3:17"
"2525","aquaHub-660298","9001-52017","Male",1.6,2025-09-16,"2025-09-16 3:17"
"2526","aquaHub-660110","9001-43148","Male",162,2025-09-16,"2025-09-16 3:18"
"2527","aquaHub-660141","9001-52029","Male",1.5,2025-09-16,"2025-09-16 3:18"
"2528","aquaHub-660298","9001-52039","Male",170,2025-09-16,"2025-09-16 3:18"
"2529","aquaHub-660110","9001-43148","Male",162,2025-09-16,"2025-09-16 3:19"
"2530","aquaHub-660298","9001-52031","Male",1.6,2025-09-16,"2025-09-16 3:20"
"2531","aquaHub-660141","9001-52029","Male",1.5,2025-09-16,"2025-09-16 3:20"
"2532","aquaHub-660298","9001-52039","Male",170,2025-09-16,"2025-09-16 3:21"
"2533","aquaHub-660110","9001-43148","Male",162,2025-09-16,"2025-09-16 3:21"
"2534","aquaHub-660298","9001-26756","Male",1.6,2025-09-16,"2025-09-16 3:21"
"2535","aquaHub-660298","9001-52017","Male",1.6,2025-09-16,"2025-09-16 3:22"
"2536","aquaHub-660298","9001-43149","Male",165,2025-09-16,"2025-09-16 3:22"
"2537","aquaHub-660298","9001-52039","Male",170,2025-09-16,"2025-09-16 3:23"
"2538","aquaHub-660141","9001-52029","Male",1.5,2025-09-16,"2025-09-16 3:23"
"2539","aquaHub-660298","9001-52031","Male",1.6,2025-09-16,"2025-09-16 3:23"
"2540","aquaHub-660110","9001-43148","Male",162,2025-09-16,"2025-09-16 3:23"
"2541","aquaHub-660298","9001-43149","Male",165,2025-09-16,"2025-09-16 3:24"
"2542","aquaHub-660298","9001-52039","Male",170,2025-09-16,"2025-09-16 3:25"
"2543","aquaHub-660143","9001-52022","Male",1.6,2025-09-16,"2025-09-16 3:26"
"2544","aquaHub-660110","9001-43148","Male",162,2025-09-16,"2025-09-16 3:26"
"2545","aquaHub-660298","9001-52031","Male",1.6,2025-09-16,"2025-09-16 3:27"
"2546","aquaHub-660298","9001-52039","Male",170,2025-09-16,"2025-09-16 3:27"
"2547","aquaHub-660110","9001-43148","Male",162,2025-09-16,"2025-09-16 3:28"
"2548","aquaHub-660298","9001-52036","Male",161,2025-09-16,"2025-09-16 3:29"
"2549","aquaHub-660298","9001-26756","Male",1.6,2025-09-16,"2025-09-16 3:29"
"2550","aquaHub-660298","9001-52039","Male",170,2025-09-16,"2025-09-16 3:29"
"2551","aquaHub-660298","9001-52031","Male",1.6,2025-09-16,"2025-09-16 3:29"
"2552","aquaHub-660110","9001-43148","Male",162,2025-09-16,"2025-09-16 3:30"
"2553","aquaHub-660143","9001-52022","Male",1.6,2025-09-16,"2025-09-16 3:30"
"2554","aquaHub-660298","9001-52031","Male",1.6,2025-09-16,"2025-09-16 3:31"
"2555","aquaHub-660298","9001-43149","Male",165,2025-09-16,"2025-09-16 3:31"
"2556","aquaHub-660298","9001-52036","Male",161,2025-09-16,"2025-09-16 3:32"
"2557","aquaHub-660110","9001-43148","Male",162,2025-09-16,"2025-09-16 3:32"
"2558","aquaHub-660298","9001-52031","Male",1.6,2025-09-16,"2025-09-16 3:32"
"2559","aquaHub-660298","9001-26756","Male",1.6,2025-09-16,"2025-09-16 3:33"
"2560","aquaHub-660298","9001-43149","Male",165,2025-09-16,"2025-09-16 3:33"
"2561","aquaHub-660143","9001-52022","Male",1.6,2025-09-16,"2025-09-16 3:34"
"2562","aquaHub-660298","9001-52031","Male",1.6,2025-09-16,"2025-09-16 3:34"
"2563","aquaHub-660298","9001-52036","Male",161,2025-09-16,"2025-09-16 3:34"
"2564","aquaHub-660110","9001-43148","Male",162,2025-09-16,"2025-09-16 3:34"
"2565","aquaHub-660141","9001-52029","Male",1.5,2025-09-16,"2025-09-16 3:35"
"2566","aquaHub-660298","9001-43149","Male",165,2025-09-16,"2025-09-16 3:35"
"2567","aquaHub-660298","9001-52031","Male",1.6,2025-09-16,"2025-09-16 3:36"
"2568","aquaHub-660298","9001-52036","Male",161,2025-09-16,"2025-09-16 3:36"
"2569","aquaHub-660141","9001-52029","Male",1.5,2025-09-16,"2025-09-16 3:37"
"2570","aquaHub-660110","9001-43148","Male",162,2025-09-16,"2025-09-16 3:37"
"2571","aquaHub-660298","9001-43149","Male",165,2025-09-16,"2025-09-16 3:37"
"2572","aquaHub-660298","9001-43149","Male",165,2025-09-16,"2025-09-16 3:39"
"2573","aquaHub-660110","9001-43148","Male",162,2025-09-16,"2025-09-16 3:39"
"2574","aquaHub-660141","9001-52029","Male",1.5,2025-09-16,"2025-09-16 3:39"
"2575","aquaHub-660298","9001-43149","Male",165,2025-09-16,"2025-09-16 3:40"
"2576","aquaHub-660110","9001-43148","Male",162,2025-09-16,"2025-09-16 3:40"
"2577","aquaHub-660298","9001-52031","Male",1.6,2025-09-16,"2025-09-16 3:40"
"2578","aquaHub-660298","9001-26747","Male",1.4,2025-09-16,"2025-09-16 3:41"
"2579","aquaHub-660298","9001-43149","Male",165,2025-09-16,"2025-09-16 3:41"
"2580","aquaHub-660141","9001-52029","Male",1.5,2025-09-16,"2025-09-16 3:42"
"2581","aquaHub-660110","9001-43148","Male",162,2025-09-16,"2025-09-16 3:42"
"2582","aquaHub-660298","9001-52031","Male",1.6,2025-09-16,"2025-09-16 3:43"
"2583","aquaHub-660298","9001-43149","Male",165,2025-09-16,"2025-09-16 3:44"
"2584","aquaHub-660143","9001-52022","Male",1.6,2025-09-16,"2025-09-16 3:44"
"2585","aquaHub-660110","9001-43148","Male",162,2025-09-16,"2025-09-16 3:45"
"2586","aquaHub-660298","9001-52031","Male",1.6,2025-09-16,"2025-09-16 3:45"
"2587","aquaHub-660110","9001-43148","Male",162,2025-09-16,"2025-09-16 3:47"
"2588","aquaHub-660298","9001-52031","Male",1.6,2025-09-16,"2025-09-16 3:48"
"2589","aquaHub-660110","9001-43148","Male",162,2025-09-16,"2025-09-16 3:49"
"2590","aquaHub-660298","9001-43149","Male",165,2025-09-16,"2025-09-16 3:50"
"2591","aquaHub-660298","9001-52031","Male",1.6,2025-09-16,"2025-09-16 3:50"
"2592","aquaHub-660110","9001-43148","Male",162,2025-09-16,"2025-09-16 3:51"
"2593","aquaHub-660298","9001-43149","Male",165,2025-09-16,"2025-09-16 3:52"
"2594","aquaHub-660298","9001-52031","Male",1.6,2025-09-16,"2025-09-16 3:53"
"2595","aquaHub-660141","9001-52029","Male",1.5,2025-09-16,"2025-09-16 3:54"
"2596","aquaHub-660110","9001-43148","Male",162,2025-09-16,"2025-09-16 3:54"
"2597","aquaHub-660298","9001-43149","Male",165,2025-09-16,"2025-09-16 3:54"
"2598","aquaHub-660110","9001-43148","Male",162,2025-09-16,"2025-09-16 3:56"
"2599","aquaHub-660141","9001-52029","Male",1.5,2025-09-16,"2025-09-16 3:57"
"2600","aquaHub-660110","9001-43148","Male",162,2025-09-16,"2025-09-16 3:57"
"2601","aquaHub-660298","9001-52031","Male",1.6,2025-09-16,"2025-09-16 3:58"
"2602","aquaHub-660141","9001-52029","Male",1.5,2025-09-16,"2025-09-16 3:59"
"2603","aquaHub-660143","9001-52022","Male",1.6,2025-09-16,"2025-09-16 3:59"
"2604","aquaHub-660110","9001-43148","Male",162,2025-09-16,"2025-09-16 3:59"
"2605","aquaHub-660298","9001-52017","Male",1.6,2025-09-16,"2025-09-16 3:59"
"2606","aquaHub-660298","9001-43149","Male",165,2025-09-16,"2025-09-16 3:59"
"2607","aquaHub-660141","9001-52029","Male",1.5,2025-09-16,"2025-09-16 4:01"
"2608","aquaHub-660110","9001-43148","Male",162,2025-09-16,"2025-09-16 4:02"
"2609","aquaHub-660298","9001-52036","Male",161,2025-09-16,"2025-09-16 4:02"
"2610","aquaHub-660298","9001-52031","Male",1.6,2025-09-16,"2025-09-16 4:03"
"2611","aquaHub-660298","9001-52040","Male",164,2025-09-16,"2025-09-16 4:03"
"2612","aquaHub-660141","9001-52029","Male",1.5,2025-09-16,"2025-09-16 4:03"
"2613","aquaHub-661033","9001-47192","Male",163,2025-09-16,"2025-09-16 4:03"
"2614","aquaHub-660298","9001-52036","Male",161,2025-09-16,"2025-09-16 4:04"
"2615","aquaHub-660110","9001-43148","Male",162,2025-09-16,"2025-09-16 4:04"
"2616","aquaHub-660298","9001-52036","Male",161,2025-09-16,"2025-09-16 4:06"
"2617","aquaHub-660298","9001-52040","Male",164,2025-09-16,"2025-09-16 4:07"
"2618","aquaHub-660110","9001-43148","Male",162,2025-09-16,"2025-09-16 4:07"
"2619","aquaHub-660298","9001-43149","Male",165,2025-09-16,"2025-09-16 4:07"
"2620","aquaHub-660298","9001-52017","Male",1.6,2025-09-16,"2025-09-16 4:08"
"2621","aquaHub-661033","9001-47192","Male",163,2025-09-16,"2025-09-16 4:08"
"2622","aquaHub-660298","9001-52031","Male",1.6,2025-09-16,"2025-09-16 4:08"
"2623","aquaHub-660110","9001-43148","Male",162,2025-09-16,"2025-09-16 4:09"
"2624","aquaHub-660298","9001-43149","Male",165,2025-09-16,"2025-09-16 4:09"
"2625","aquaHub-660143","9001-52022","Male",1.6,2025-09-16,"2025-09-16 4:10"
"2626","aquaHub-661033","9001-47192","Male",163,2025-09-16,"2025-09-16 4:10"
"2627","aquaHub-660298","9001-52017","Male",1.6,2025-09-16,"2025-09-16 4:10"
"2628","aquaHub-660298","9001-52031","Male",1.6,2025-09-16,"2025-09-16 4:10"
"2629","aquaHub-660298","9001-52036","Male",161,2025-09-16,"2025-09-16 4:10"
"2630","aquaHub-660298","9001-26756","Male",1.6,2025-09-16,"2025-09-16 4:11"
"2631","aquaHub-660141","9001-52029","Male",1.5,2025-09-16,"2025-09-16 4:11"
"2632","aquaHub-660298","9001-52017","Male",1.6,2025-09-16,"2025-09-16 4:11"
"2633","aquaHub-660110","9001-43148","Male",162,2025-09-16,"2025-09-16 4:12"
"2634","aquaHub-660298","9001-52036","Male",161,2025-09-16,"2025-09-16 4:13"
"2635","aquaHub-660298","9001-43149","Male",165,2025-09-16,"2025-09-16 4:14"
"2636","aquaHub-661033","9001-47192","Male",163,2025-09-16,"2025-09-16 4:15"
"2637","aquaHub-660110","9001-43148","Male",162,2025-09-16,"2025-09-16 4:15"
"2638","aquaHub-660298","9001-52036","Male",161,2025-09-16,"2025-09-16 4:17"
"2639","aquaHub-661033","9001-47192","Male",163,2025-09-16,"2025-09-16 4:17"
"2640","aquaHub-660298","9001-43149","Male",165,2025-09-16,"2025-09-16 4:17"
"2641","aquaHub-660298","9001-52031","Male",1.6,2025-09-16,"2025-09-16 4:18"
"2642","aquaHub-660141","9001-52029","Male",1.5,2025-09-16,"2025-09-16 4:18"
"2643","aquaHub-660298","9001-26756","Male",1.6,2025-09-16,"2025-09-16 4:18"
"2644","aquaHub-660298","9001-52036","Male",161,2025-09-16,"2025-09-16 4:19"
"2645","aquaHub-660298","9001-43149","Male",165,2025-09-16,"2025-09-16 4:20"
"2646","aquaHub-660298","9001-52031","Male",1.6,2025-09-16,"2025-09-16 4:20"
"2647","aquaHub-661034","9001-43287","Female",201,2025-09-16,"2025-09-16 4:20"
"2648","aquaHub-660298","9001-52036","Male",161,2025-09-16,"2025-09-16 4:21"
"2649","aquaHub-660110","9001-43148","Male",162,2025-09-16,"2025-09-16 4:21"
"2650","aquaHub-661034","9001-43287","Female",201,2025-09-16,"2025-09-16 4:22"
"2651","aquaHub-660298","9001-52036","Male",161,2025-09-16,"2025-09-16 4:23"
"2652","aquaHub-660298","9001-52039","Male",170,2025-09-16,"2025-09-16 4:24"
"2653","aquaHub-660298","9001-52031","Male",1.6,2025-09-16,"2025-09-16 4:24"
"2654","aquaHub-660298","9001-43149","Male",165,2025-09-16,"2025-09-16 4:24"
"2655","aquaHub-660298","9001-52036","Male",161,2025-09-16,"2025-09-16 4:25"
"2656","aquaHub-661034","9001-43287","Female",201,2025-09-16,"2025-09-16 4:26"
"2657","aquaHub-660141","9001-52029","Male",1.5,2025-09-16,"2025-09-16 4:26"
"2658","aquaHub-660298","9001-52031","Male",1.6,2025-09-16,"2025-09-16 4:26"
"2659","aquaHub-660298","9001-52039","Male",170,2025-09-16,"2025-09-16 4:26"
"2660","aquaHub-661034","9001-43287","Female",201,2025-09-16,"2025-09-16 4:27"
"2661","aquaHub-660141","9001-52029","Male",1.5,2025-09-16,"2025-09-16 4:27"
"2662","aquaHub-660298","9001-52036","Male",161,2025-09-16,"2025-09-16 4:28"
"2663","aquaHub-660298","9001-52039","Male",170,2025-09-16,"2025-09-16 4:28"
"2664","aquaHub-660298","9001-43149","Male",165,2025-09-16,"2025-09-16 4:29"
"2665","aquaHub-660141","9001-52029","Male",1.5,2025-09-16,"2025-09-16 4:29"
"2666","aquaHub-660298","9001-52036","Male",161,2025-09-16,"2025-09-16 4:29"
"2667","aquaHub-661034","9001-43287","Female",201,2025-09-16,"2025-09-16 4:29"
"2668","aquaHub-660141","9001-52029","Male",1.5,2025-09-16,"2025-09-16 4:31"
"2669","aquaHub-660298","9001-43149","Male",165,2025-09-16,"2025-09-16 4:31"
"2670","aquaHub-661034","9001-43287","Female",201,2025-09-16,"2025-09-16 4:31"
"2671","aquaHub-660110","9001-43148","Male",162,2025-09-16,"2025-09-16 4:33"
"2672","aquaHub-660298","9001-43149","Male",165,2025-09-16,"2025-09-16 4:33"
"2673","aquaHub-660298","9001-26756","Male",1.6,2025-09-16,"2025-09-16 4:33"
"2674","aquaHub-660298","9001-52039","Male",170,2025-09-16,"2025-09-16 4:34"
"2675","aquaHub-660110","9001-43148","Male",162,2025-09-16,"2025-09-16 4:35"
"2676","aquaHub-660298","9001-52031","Male",1.6,2025-09-16,"2025-09-16 4:35"
"2677","aquaHub-661034","9001-43287","Female",201,2025-09-16,"2025-09-16 4:35"
"2678","aquaHub-660298","9001-52036","Male",161,2025-09-16,"2025-09-16 4:36"
"2679","aquaHub-660298","9001-52039","Male",170,2025-09-16,"2025-09-16 4:36"
"2680","aquaHub-660110","9001-43148","Male",162,2025-09-16,"2025-09-16 4:36"
"2681","aquaHub-660298","9001-52031","Male",1.6,2025-09-16,"2025-09-16 4:38"
"2682","aquaHub-660110","9001-43148","Male",162,2025-09-16,"2025-09-16 4:38"
"2683","aquaHub-660298","9001-52036","Male",161,2025-09-16,"2025-09-16 4:38"
"2684","aquaHub-660298","9001-52031","Male",1.6,2025-09-16,"2025-09-16 4:40"
"2685","aquaHub-660110","9001-43148","Male",162,2025-09-16,"2025-09-16 4:40"
"2686","aquaHub-660298","9001-52036","Male",161,2025-09-16,"2025-09-16 4:41"
"2687","aquaHub-660110","9001-43148","Male",162,2025-09-16,"2025-09-16 4:42"
"2688","aquaHub-660298","9001-52031","Male",1.6,2025-09-16,"2025-09-16 4:42"
"2689","aquaHub-661034","9001-43287","Female",201,2025-09-16,"2025-09-16 4:42"
"2690","aquaHub-661033","9001-47192","Male",163,2025-09-16,"2025-09-16 4:45"
"2691","aquaHub-660110","9001-43148","Male",162,2025-09-16,"2025-09-16 4:45"
"2692","aquaHub-660298","9001-52031","Male",1.6,2025-09-16,"2025-09-16 4:45"
"2693","aquaHub-660298","9001-52036","Male",161,2025-09-16,"2025-09-16 4:47"
"2694","aquaHub-660298","9001-52031","Male",1.6,2025-09-16,"2025-09-16 4:47"
"2695","aquaHub-660110","9001-43148","Male",162,2025-09-16,"2025-09-16 4:47"
"2696","aquaHub-661034","9001-43287","Female",201,2025-09-16,"2025-09-16 4:49"
"2697","aquaHub-660141","9001-52029","Male",1.5,2025-09-16,"2025-09-16 4:50"
"2698","aquaHub-660298","9001-52031","Male",1.6,2025-09-16,"2025-09-16 4:51"
"2699","aquaHub-660298","9001-52036","Male",161,2025-09-16,"2025-09-16 4:52"
"2700","aquaHub-660298","9001-52031","Male",1.6,2025-09-16,"2025-09-16 4:53"
"2701","aquaHub-660298","9001-52036","Male",161,2025-09-16,"2025-09-16 4:55"
"2702","aquaHub-660298","9001-52036","Male",161,2025-09-16,"2025-09-16 4:57"
"2703","aquaHub-660298","9001-52031","Male",1.6,2025-09-16,"2025-09-16 4:58"
"2704","aquaHub-660298","9001-64500","Male",1.6,2025-09-16,"2025-09-16 4:58"
"2705","aquaHub-660298","9001-52036","Male",161,2025-09-16,"2025-09-16 5:00"
"2706","aquaHub-660298","9001-52036","Male",161,2025-09-16,"2025-09-16 5:02"
"2707","aquaHub-660298","9001-52031","Male",1.6,2025-09-16,"2025-09-16 5:03"
"2708","aquaHub-660298","9001-52036","Male",161,2025-09-16,"2025-09-16 5:04"
"2709","aquaHub-660298","9001-52031","Male",1.6,2025-09-16,"2025-09-16 5:06"
"2710","aquaHub-660110","9001-43148","Male",162,2025-09-16,"2025-09-16 5:06"
"2711","aquaHub-660298","9001-52039","Male",170,2025-09-16,"2025-09-16 5:06"
"2712","aquaHub-660298","9001-52036","Male",161,2025-09-16,"2025-09-16 5:07"
"2713","aquaHub-660110","9001-43148","Male",162,2025-09-16,"2025-09-16 5:08"
"2714","aquaHub-660298","9001-52036","Male",161,2025-09-16,"2025-09-16 5:09"
"2715","aquaHub-660298","9001-52031","Male",1.6,2025-09-16,"2025-09-16 5:10"
"2716","aquaHub-660298","9001-52039","Male",170,2025-09-16,"2025-09-16 5:10"
"2717","aquaHub-660298","9001-52040","Male",164,2025-09-16,"2025-09-16 5:11"
"2718","aquaHub-660110","9001-43148","Male",162,2025-09-16,"2025-09-16 5:11"
"2719","aquaHub-660298","9001-52036","Male",161,2025-09-16,"2025-09-16 5:11"
"2720","aquaHub-660110","9001-43148","Male",162,2025-09-16,"2025-09-16 5:13"
"2721","aquaHub-660298","9001-43149","Male",165,2025-09-16,"2025-09-16 5:14"
"2722","aquaHub-660298","9001-52039","Male",170,2025-09-16,"2025-09-16 5:15"
"2723","aquaHub-660298","9001-52031","Male",1.6,2025-09-16,"2025-09-16 5:15"
"2724","aquaHub-660110","9001-43148","Male",162,2025-09-16,"2025-09-16 5:16"
"2725","aquaHub-660298","9001-52036","Male",161,2025-09-16,"2025-09-16 5:16"
"2726","aquaHub-660298","9001-52040","Male",164,2025-09-16,"2025-09-16 5:16"
"2727","aquaHub-660298","9001-52031","Male",1.6,2025-09-16,"2025-09-16 5:18"
"2728","aquaHub-660298","9001-52036","Male",161,2025-09-16,"2025-09-16 5:18"
"2729","aquaHub-660298","9001-52040","Male",164,2025-09-16,"2025-09-16 5:18"
"2730","aquaHub-660110","9001-43148","Male",162,2025-09-16,"2025-09-16 5:18"
"2731","aquaHub-660298","9001-52039","Male",170,2025-09-16,"2025-09-16 5:19"
"2732","aquaHub-660298","9001-52036","Male",161,2025-09-16,"2025-09-16 5:20"
"2733","aquaHub-660298","9001-43149","Male",165,2025-09-16,"2025-09-16 5:21"
"2734","aquaHub-660298","9001-52039","Male",170,2025-09-16,"2025-09-16 5:21"
"2735","aquaHub-660298","9001-26756","Male",1.6,2025-09-16,"2025-09-16 5:23"
"2736","aquaHub-660110","9001-43148","Male",162,2025-09-16,"2025-09-16 5:24"
"2737","aquaHub-660298","9001-52039","Male",170,2025-09-16,"2025-09-16 5:24"
"2738","aquaHub-660298","9001-52039","Male",170,2025-09-16,"2025-09-16 5:26"
"2739","aquaHub-660110","9001-43148","Male",162,2025-09-16,"2025-09-16 5:26"
"2740","aquaHub-660110","9001-43148","Male",162,2025-09-16,"2025-09-16 5:28"
"2741","aquaHub-660298","9001-52039","Male",170,2025-09-16,"2025-09-16 5:28"
"2742","aquaHub-660298","9001-64500","Male",1.6,2025-09-16,"2025-09-16 5:29"
"2743","aquaHub-660110","9001-43148","Male",162,2025-09-16,"2025-09-16 5:29"
"2744","aquaHub-660298","9001-52039","Male",170,2025-09-16,"2025-09-16 5:30"
"2745","aquaHub-660110","9001-43148","Male",162,2025-09-16,"2025-09-16 5:31"
"2746","aquaHub-660298","9001-52017","Male",1.6,2025-09-16,"2025-09-16 5:32"
"2747","aquaHub-660298","9001-52039","Male",170,2025-09-16,"2025-09-16 5:33"
"2748","aquaHub-660110","9001-43148","Male",162,2025-09-16,"2025-09-16 5:33"
"2749","aquaHub-660110","9001-43148","Male",162,2025-09-16,"2025-09-16 5:35"
"2750","aquaHub-660298","9001-52036","Male",161,2025-09-16,"2025-09-16 5:35"
"2751","aquaHub-660298","9001-52031","Male",1.6,2025-09-16,"2025-09-16 5:37"
"2752","aquaHub-660298","9001-52039","Male",170,2025-09-16,"2025-09-16 5:37"
"2753","aquaHub-660110","9001-43148","Male",162,2025-09-16,"2025-09-16 5:37"
"2754","aquaHub-660298","9001-52039","Male",170,2025-09-16,"2025-09-16 5:39"
"2755","aquaHub-660298","9001-52017","Male",1.6,2025-09-16,"2025-09-16 5:39"
"2756","aquaHub-660110","9001-43148","Male",162,2025-09-16,"2025-09-16 5:40"
"2757","aquaHub-660110","9001-43148","Male",162,2025-09-16,"2025-09-16 5:42"
"2758","aquaHub-660298","9001-52036","Male",161,2025-09-16,"2025-09-16 5:42"
"2759","aquaHub-660298","9001-52039","Male",170,2025-09-16,"2025-09-16 5:44"
"2760","aquaHub-660298","9001-64500","Male",1.6,2025-09-16,"2025-09-16 5:45"
"2761","aquaHub-660298","9001-52017","Male",1.6,2025-09-16,"2025-09-16 5:45"
"2762","aquaHub-660298","9001-52017","Male",1.6,2025-09-16,"2025-09-16 5:50"
"2763","aquaHub-660298","9001-64500","Male",1.6,2025-09-16,"2025-09-16 5:51"
"2764","aquaHub-660110","9001-43148","Male",162,2025-09-16,"2025-09-16 5:52"
"2765","aquaHub-660298","9001-64500","Male",1.6,2025-09-16,"2025-09-16 5:53"
"2766","aquaHub-660110","9001-43148","Male",162,2025-09-16,"2025-09-16 5:54"
"2767","aquaHub-660298","9001-64500","Male",1.6,2025-09-16,"2025-09-16 5:55"
"2768","aquaHub-660110","9001-43148","Male",162,2025-09-16,"2025-09-16 5:59"
"2769","aquaHub-660298","9001-64500","Male",1.6,2025-09-16,"2025-09-16 6:00"
"2770","aquaHub-660110","9001-43148","Male",162,2025-09-16,"2025-09-16 6:01"
"2771","aquaHub-660110","9001-43148","Male",162,2025-09-16,"2025-09-16 6:02"
"2772","aquaHub-660298","9001-64500","Male",1.6,2025-09-16,"2025-09-16 6:03"
"2773","aquaHub-660110","9001-43148","Male",162,2025-09-16,"2025-09-16 6:05"
"2774","aquaHub-660298","9001-64500","Male",1.6,2025-09-16,"2025-09-16 6:05"
"2775","aquaHub-660110","9001-43148","Male",162,2025-09-16,"2025-09-16 6:06"
"2776","aquaHub-660110","9001-43148","Male",162,2025-09-16,"2025-09-16 6:08"
"2777","aquaHub-660298","9001-64500","Male",1.6,2025-09-16,"2025-09-16 6:09"
"2778","aquaHub-660110","9001-43148","Male",162,2025-09-16,"2025-09-16 6:10"
"2779","aquaHub-660110","9001-43148","Male",162,2025-09-16,"2025-09-16 6:13"
"2780","aquaHub-660298","9001-52039","Male",170,2025-09-16,"2025-09-16 6:13"
"2781","aquaHub-660110","9001-43148","Male",162,2025-09-16,"2025-09-16 6:15"
"2782","aquaHub-660298","9001-26756","Male",1.6,2025-09-16,"2025-09-16 6:16"
"2783","aquaHub-660110","9001-43148","Male",162,2025-09-16,"2025-09-16 6:17"
"2784","aquaHub-660110","9001-43148","Male",162,2025-09-16,"2025-09-16 6:19"
"2785","aquaHub-660298","9001-52036","Male",161,2025-09-16,"2025-09-16 6:21"
"2786","aquaHub-660110","9001-43148","Male",162,2025-09-16,"2025-09-16 6:22"
"2787","aquaHub-660298","9001-52036","Male",161,2025-09-16,"2025-09-16 6:23"
"2788","aquaHub-660298","9001-43149","Male",165,2025-09-16,"2025-09-16 6:23"
"2789","aquaHub-660110","9001-43148","Male",162,2025-09-16,"2025-09-16 6:24"
"2790","aquaHub-660110","9001-43148","Male",162,2025-09-16,"2025-09-16 6:26"
"2791","aquaHub-660298","9001-26756","Male",1.6,2025-09-16,"2025-09-16 6:26"
"2792","aquaHub-660298","9001-52017","Male",1.6,2025-09-16,"2025-09-16 6:27"
"2793","aquaHub-660298","9001-52036","Male",161,2025-09-16,"2025-09-16 6:28"
"2794","aquaHub-660110","9001-43148","Male",162,2025-09-16,"2025-09-16 6:28"
"2795","aquaHub-660298","9001-43149","Male",165,2025-09-16,"2025-09-16 6:29"
"2796","aquaHub-660298","9001-26756","Male",1.6,2025-09-16,"2025-09-16 6:30"
"2797","aquaHub-660110","9001-43148","Male",162,2025-09-16,"2025-09-16 6:30"
"2798","aquaHub-660298","9001-52036","Male",161,2025-09-16,"2025-09-16 6:32"
"2799","aquaHub-660110","9001-43148","Male",162,2025-09-16,"2025-09-16 6:32"
"2800","aquaHub-660298","9001-26756","Male",1.6,2025-09-16,"2025-09-16 6:33"
"2801","aquaHub-660298","9001-52036","Male",161,2025-09-16,"2025-09-16 6:33"
"2802","aquaHub-660110","9001-43148","Male",162,2025-09-16,"2025-09-16 6:34"
"2803","aquaHub-660298","9001-43149","Male",165,2025-09-16,"2025-09-16 6:35"
"2804","aquaHub-660298","9001-52036","Male",161,2025-09-16,"2025-09-16 6:35"
"2805","aquaHub-660110","9001-43148","Male",162,2025-09-16,"2025-09-16 6:36"
"2806","aquaHub-660298","9001-52017","Male",1.6,2025-09-16,"2025-09-16 6:36"
"2807","aquaHub-660298","9001-43149","Male",165,2025-09-16,"2025-09-16 6:37"
"2808","aquaHub-660110","9001-43148","Male",162,2025-09-16,"2025-09-16 6:38"
"2809","aquaHub-660298","9001-52017","Male",1.6,2025-09-16,"2025-09-16 6:38"
"2810","aquaHub-660110","9001-43148","Male",162,2025-09-16,"2025-09-16 6:40"
"2811","aquaHub-660298","9001-52017","Male",1.6,2025-09-16,"2025-09-16 6:40"
"2812","aquaHub-660298","9001-43149","Male",165,2025-09-16,"2025-09-16 6:41"
"2813","aquaHub-660110","9001-43148","Male",162,2025-09-16,"2025-09-16 6:41"
"2814","aquaHub-660298","9001-52036","Male",161,2025-09-16,"2025-09-16 6:42"
"2815","aquaHub-660298","9001-43149","Male",165,2025-09-16,"2025-09-16 6:42"
"2816","aquaHub-660298","9001-52017","Male",1.6,2025-09-16,"2025-09-16 6:42"
"2817","aquaHub-660110","9001-43148","Male",162,2025-09-16,"2025-09-16 6:43"
"2818","aquaHub-660298","9001-52017","Male",1.6,2025-09-16,"2025-09-16 6:45"
"2819","aquaHub-660110","9001-43148","Male",162,2025-09-16,"2025-09-16 6:45"
"2820","aquaHub-660298","9001-26756","Male",1.6,2025-09-16,"2025-09-16 6:47"
"2821","aquaHub-660110","9001-43148","Male",162,2025-09-16,"2025-09-16 6:48"
"2822","aquaHub-660298","9001-52040","Male",164,2025-09-16,"2025-09-16 6:49"
"2823","aquaHub-660298","9001-52036","Male",161,2025-09-16,"2025-09-16 6:49"
"2824","aquaHub-660298","9001-52017","Male",1.6,2025-09-16,"2025-09-16 6:49"
"2825","aquaHub-660110","9001-43148","Male",162,2025-09-16,"2025-09-16 6:50"
"2826","aquaHub-660298","9001-52040","Male",164,2025-09-16,"2025-09-16 6:50"
"2827","aquaHub-660298","9001-52036","Male",161,2025-09-16,"2025-09-16 6:51"
"2828","aquaHub-660298","9001-26756","Male",1.6,2025-09-16,"2025-09-16 6:51"
"2829","aquaHub-660298","9001-52017","Male",1.6,2025-09-16,"2025-09-16 6:51"
"2830","aquaHub-660110","9001-43148","Male",162,2025-09-16,"2025-09-16 6:52"
"2831","aquaHub-660298","9001-52040","Male",164,2025-09-16,"2025-09-16 6:52"
"2832","aquaHub-660298","9001-52036","Male",161,2025-09-16,"2025-09-16 6:52"
"2833","aquaHub-660298","9001-52017","Male",1.6,2025-09-16,"2025-09-16 6:53"
"2834","aquaHub-660298","9001-26756","Male",1.6,2025-09-16,"2025-09-16 6:54"
"2835","aquaHub-660298","9001-52017","Male",1.6,2025-09-16,"2025-09-16 6:54"
"2836","aquaHub-660110","9001-43148","Male",162,2025-09-16,"2025-09-16 6:54"
"2837","aquaHub-660298","9001-52040","Male",164,2025-09-16,"2025-09-16 6:55"
"2838","aquaHub-660298","9001-52036","Male",161,2025-09-16,"2025-09-16 6:55"
"2839","aquaHub-660298","9001-52017","Male",1.6,2025-09-16,"2025-09-16 6:55"
"2840","aquaHub-660298","9001-52040","Male",164,2025-09-16,"2025-09-16 6:56"
"2841","aquaHub-660110","9001-43148","Male",162,2025-09-16,"2025-09-16 6:57"
"2842","aquaHub-660298","9001-52017","Male",1.6,2025-09-16,"2025-09-16 6:57"
"2843","aquaHub-660298","9001-26756","Male",1.6,2025-09-16,"2025-09-16 6:57"
"2844","aquaHub-660298","9001-52017","Male",1.6,2025-09-16,"2025-09-16 6:58"
"2845","aquaHub-660110","9001-43148","Male",162,2025-09-16,"2025-09-16 6:59"
"2846","aquaHub-660298","9001-43149","Male",165,2025-09-16,"2025-09-16 6:59"
"2847","aquaHub-660298","9001-52036","Male",161,2025-09-16,"2025-09-16 6:59"
"2848","aquaHub-660298","9001-26756","Male",1.6,2025-09-16,"2025-09-16 7:01"
"2849","aquaHub-660110","9001-43148","Male",162,2025-09-16,"2025-09-16 7:01"
"2850","aquaHub-660298","9001-52040","Male",164,2025-09-16,"2025-09-16 7:01"
"2851","aquaHub-660298","9001-43149","Male",165,2025-09-16,"2025-09-16 7:01"
"2852","aquaHub-660298","9001-52031","Male",1.6,2025-09-16,"2025-09-16 7:02"
"2853","aquaHub-660110","9001-43148","Male",162,2025-09-16,"2025-09-16 7:03"
"2854","aquaHub-660298","9001-52036","Male",161,2025-09-16,"2025-09-16 7:04"
"2855","aquaHub-660298","9001-52040","Male",164,2025-09-16,"2025-09-16 7:04"
"2856","aquaHub-660298","9001-52017","Male",1.6,2025-09-16,"2025-09-16 7:04"
"2857","aquaHub-660298","9001-52031","Male",1.6,2025-09-16,"2025-09-16 7:05"
"2858","aquaHub-660110","9001-43148","Male",162,2025-09-16,"2025-09-16 7:06"
"2859","aquaHub-660298","9001-26756","Male",1.6,2025-09-16,"2025-09-16 7:07"
"2860","aquaHub-660298","9001-52036","Male",161,2025-09-16,"2025-09-16 7:07"
"2861","aquaHub-660298","9001-52031","Male",1.6,2025-09-16,"2025-09-16 7:08"
"2862","aquaHub-660110","9001-43148","Male",162,2025-09-16,"2025-09-16 7:08"
"2863","aquaHub-660298","9001-43149","Male",165,2025-09-16,"2025-09-16 7:08"
"2864","aquaHub-660298","9001-52040","Male",164,2025-09-16,"2025-09-16 7:09"
"2865","aquaHub-660298","9001-43149","Male",165,2025-09-16,"2025-09-16 7:10"
"2866","aquaHub-660110","9001-43148","Male",162,2025-09-16,"2025-09-16 7:10"
"2867","aquaHub-660298","9001-52031","Male",1.6,2025-09-16,"2025-09-16 7:10"
"2868","aquaHub-660298","9001-52036","Male",161,2025-09-16,"2025-09-16 7:11"
"2869","aquaHub-660298","9001-26756","Male",1.6,2025-09-16,"2025-09-16 7:11"
"2870","aquaHub-660298","9001-52017","Male",1.6,2025-09-16,"2025-09-16 7:11"
"2871","aquaHub-660298","9001-52040","Male",164,2025-09-16,"2025-09-16 7:12"
"2872","aquaHub-660110","9001-43148","Male",162,2025-09-16,"2025-09-16 7:12"
"2873","aquaHub-660298","9001-52017","Male",1.6,2025-09-16,"2025-09-16 7:13"
"2874","aquaHub-660298","9001-52039","Male",170,2025-09-16,"2025-09-16 7:13"
"2875","aquaHub-660298","9001-26756","Male",1.6,2025-09-16,"2025-09-16 7:14"
"2876","aquaHub-660298","9001-43149","Male",165,2025-09-16,"2025-09-16 7:14"
"2877","aquaHub-660110","9001-43148","Male",162,2025-09-16,"2025-09-16 7:14"
"2878","aquaHub-660298","9001-52040","Male",164,2025-09-16,"2025-09-16 7:14"
"2879","aquaHub-660298","9001-52031","Male",1.6,2025-09-16,"2025-09-16 7:15"
"2880","aquaHub-660298","9001-52017","Male",1.6,2025-09-16,"2025-09-16 7:16"
"2881","aquaHub-660298","9001-64500","Male",1.6,2025-09-16,"2025-09-16 7:17"
"2882","aquaHub-660298","9001-26756","Male",1.6,2025-09-16,"2025-09-16 7:18"
"2883","aquaHub-660298","9001-43149","Male",165,2025-09-16,"2025-09-16 7:18"
"2884","aquaHub-660110","9001-43148","Male",162,2025-09-16,"2025-09-16 7:19"
"2885","aquaHub-660298","9001-52036","Male",161,2025-09-16,"2025-09-16 7:19"
"2886","aquaHub-660298","9001-52031","Male",1.6,2025-09-16,"2025-09-16 7:19"
"2887","aquaHub-660298","9001-52017","Male",1.6,2025-09-16,"2025-09-16 7:20"
"2888","aquaHub-660110","9001-43148","Male",162,2025-09-16,"2025-09-16 7:21"
"2889","aquaHub-660298","9001-52031","Male",1.6,2025-09-16,"2025-09-16 7:22"
"2890","aquaHub-660110","9001-43148","Male",162,2025-09-16,"2025-09-16 7:22"
"2891","aquaHub-660298","9001-43149","Male",165,2025-09-16,"2025-09-16 7:24"
"2892","aquaHub-660110","9001-43148","Male",162,2025-09-16,"2025-09-16 7:24"
"2893","aquaHub-660298","9001-64500","Male",1.6,2025-09-16,"2025-09-16 7:24"
"2894","aquaHub-660298","9001-43149","Male",165,2025-09-16,"2025-09-16 7:27"
"2895","aquaHub-660110","9001-43148","Male",162,2025-09-16,"2025-09-16 7:34"
"2896","aquaHub-660110","9001-43148","Male",162,2025-09-16,"2025-09-16 7:36"
"2897","aquaHub-660298","9001-52039","Male",170,2025-09-16,"2025-09-16 7:36"
"2898","aquaHub-660298","9001-52039","Male",170,2025-09-16,"2025-09-16 7:44"
"2899","aquaHub-660110","9001-43148","Male",162,2025-09-16,"2025-09-16 7:44"
"2900","aquaHub-661034","9001-43287","Female",201,2025-09-16,"2025-09-16 7:44"
"2901","aquaHub-660298","9001-52039","Male",170,2025-09-16,"2025-09-16 7:46"
"2902","aquaHub-661034","9001-43287","Female",201,2025-09-16,"2025-09-16 7:47"
"2903","aquaHub-660298","9001-52039","Male",170,2025-09-16,"2025-09-16 7:48"
"2904","aquaHub-660298","9001-52036","Male",161,2025-09-16,"2025-09-16 7:48"
"2905","aquaHub-660298","9001-43149","Male",165,2025-09-16,"2025-09-16 7:49"
"2906","aquaHub-661034","9001-43287","Female",201,2025-09-16,"2025-09-16 7:49"
"2907","aquaHub-660298","9001-52036","Male",161,2025-09-16,"2025-09-16 7:50"
"2908","aquaHub-660298","9001-52036","Male",161,2025-09-16,"2025-09-16 7:52"
"2909","aquaHub-660298","9001-52039","Male",170,2025-09-16,"2025-09-16 7:52"
"2910","aquaHub-661034","9001-43287","Female",201,2025-09-16,"2025-09-16 7:52"
"2911","aquaHub-661034","9001-43287","Female",201,2025-09-16,"2025-09-16 7:53"
"2912","aquaHub-660298","9001-52036","Male",161,2025-09-16,"2025-09-16 7:53"
"2913","aquaHub-660298","9001-52036","Male",161,2025-09-16,"2025-09-16 7:56"
"2914","aquaHub-661034","9001-43287","Female",201,2025-09-16,"2025-09-16 7:56"
"2915","aquaHub-660110","9001-43148","Male",162,2025-09-16,"2025-09-16 7:57"
"2916","aquaHub-660298","9001-52036","Male",161,2025-09-16,"2025-09-16 7:57"
"2917","aquaHub-660298","9001-52039","Male",170,2025-09-16,"2025-09-16 7:58"
"2918","aquaHub-661034","9001-43287","Female",201,2025-09-16,"2025-09-16 7:58"
"2919","aquaHub-660298","9001-52036","Male",161,2025-09-16,"2025-09-16 7:59"
"2920","aquaHub-660298","9001-52040","Male",164,2025-09-16,"2025-09-16 7:59"
"2921","aquaHub-660298","9001-52039","Male",170,2025-09-16,"2025-09-16 8:00"
"2922","aquaHub-660298","9001-43149","Male",165,2025-09-16,"2025-09-16 8:01"
"2923","aquaHub-660298","9001-52031","Male",1.6,2025-09-16,"2025-09-16 8:01"
"2924","aquaHub-660298","9001-52036","Male",161,2025-09-16,"2025-09-16 8:02"
"2925","aquaHub-660298","9001-52039","Male",170,2025-09-16,"2025-09-16 8:02"
"2926","aquaHub-660298","9001-64500","Male",1.6,2025-09-16,"2025-09-16 8:03"
"2927","aquaHub-660298","9001-52040","Male",164,2025-09-16,"2025-09-16 8:03"
"2928","aquaHub-660298","9001-52036","Male",161,2025-09-16,"2025-09-16 8:04"
"2929","aquaHub-660298","9001-52039","Male",170,2025-09-16,"2025-09-16 8:05"
"2930","aquaHub-661034","9001-43287","Female",201,2025-09-16,"2025-09-16 8:05"
"2931","aquaHub-660298","9001-26756","Male",1.6,2025-09-16,"2025-09-16 8:05"
"2932","aquaHub-660298","9001-43149","Male",165,2025-09-16,"2025-09-16 8:05"
"2933","aquaHub-660298","9001-52036","Male",161,2025-09-16,"2025-09-16 8:06"
"2934","aquaHub-660298","9001-52039","Male",170,2025-09-16,"2025-09-16 8:07"
"2935","aquaHub-660298","9001-52040","Male",164,2025-09-16,"2025-09-16 8:08"
"2936","aquaHub-660298","9001-26756","Male",1.6,2025-09-16,"2025-09-16 8:08"
"2937","aquaHub-660298","9001-64500","Male",1.6,2025-09-16,"2025-09-16 8:09"
"2938","aquaHub-660298","9001-52036","Male",161,2025-09-16,"2025-09-16 8:09"
"2939","aquaHub-660298","9001-43149","Male",165,2025-09-16,"2025-09-16 8:10"
"2940","aquaHub-660298","9001-52040","Male",164,2025-09-16,"2025-09-16 8:10"
"2941","aquaHub-660298","9001-52017","Male",1.6,2025-09-16,"2025-09-16 8:10"
"2942","aquaHub-660298","9001-64500","Male",1.6,2025-09-16,"2025-09-16 8:10"
"2943","aquaHub-660298","9001-52039","Male",170,2025-09-16,"2025-09-16 8:11"
"2944","aquaHub-661034","9001-43287","Female",201,2025-09-16,"2025-09-16 8:12"
"2945","aquaHub-660298","9001-43149","Male",165,2025-09-16,"2025-09-16 8:12"
"2946","aquaHub-660298","9001-64500","Male",1.6,2025-09-16,"2025-09-16 8:12"
"2947","aquaHub-660298","9001-52017","Male",1.6,2025-09-16,"2025-09-16 8:13"
"2948","aquaHub-660298","9001-52031","Male",1.6,2025-09-16,"2025-09-16 8:13"
"2949","aquaHub-661034","9001-43287","Female",201,2025-09-16,"2025-09-16 8:13"
"2950","aquaHub-660298","9001-52039","Male",170,2025-09-16,"2025-09-16 8:14"
"2951","aquaHub-660298","9001-26756","Male",1.6,2025-09-16,"2025-09-16 8:15"
"2952","aquaHub-660298","9001-52031","Male",1.6,2025-09-16,"2025-09-16 8:16"
"2953","aquaHub-660298","9001-52036","Male",161,2025-09-16,"2025-09-16 8:16"
"2954","aquaHub-660298","9001-52039","Male",170,2025-09-16,"2025-09-16 8:16"
"2955","aquaHub-660298","9001-26756","Male",1.6,2025-09-16,"2025-09-16 8:17"
"2956","aquaHub-660298","9001-52031","Male",1.6,2025-09-16,"2025-09-16 8:18"
"2957","aquaHub-661034","9001-43287","Female",201,2025-09-16,"2025-09-16 8:19"
"2958","aquaHub-660298","9001-52039","Male",170,2025-09-16,"2025-09-16 8:19"
"2959","aquaHub-660298","9001-52017","Male",1.6,2025-09-16,"2025-09-16 8:19"
"2960","aquaHub-660298","9001-52036","Male",161,2025-09-16,"2025-09-16 8:23"
"2961","aquaHub-660298","9001-52017","Male",1.6,2025-09-16,"2025-09-16 8:24"
"2962","aquaHub-660298","9001-52040","Male",164,2025-09-16,"2025-09-16 8:24"
"2963","aquaHub-661034","9001-43287","Female",201,2025-09-16,"2025-09-16 8:24"
"2964","aquaHub-660298","9001-52039","Male",170,2025-09-16,"2025-09-16 8:25"
"2965","aquaHub-660298","9001-43149","Male",165,2025-09-16,"2025-09-16 8:25"
"2966","aquaHub-660298","9001-52036","Male",161,2025-09-16,"2025-09-16 8:26"
"2967","aquaHub-660298","9001-52040","Male",164,2025-09-16,"2025-09-16 8:26"
"2968","aquaHub-661034","9001-43287","Female",201,2025-09-16,"2025-09-16 8:27"
"2969","aquaHub-660298","9001-52039","Male",170,2025-09-16,"2025-09-16 8:27"
"2970","aquaHub-660298","9001-52036","Male",161,2025-09-16,"2025-09-16 8:27"
"2971","aquaHub-660298","9001-43149","Male",165,2025-09-16,"2025-09-16 8:28"
"2972","aquaHub-660298","9001-64500","Male",1.6,2025-09-16,"2025-09-16 8:29"
"2973","aquaHub-660298","9001-52017","Male",1.6,2025-09-16,"2025-09-16 8:29"
"2974","aquaHub-660298","9001-43149","Male",165,2025-09-16,"2025-09-16 8:30"
"2975","aquaHub-660298","9001-64500","Male",1.6,2025-09-16,"2025-09-16 8:31"
"2976","aquaHub-660298","9001-26756","Male",1.6,2025-09-16,"2025-09-16 8:31"
"2977","aquaHub-660298","9001-43282","Male",162,2025-09-16,"2025-09-16 8:31"
"2978","aquaHub-660298","9001-52039","Male",170,2025-09-16,"2025-09-16 8:31"
"2979","aquaHub-660298","9001-64500","Male",1.6,2025-09-16,"2025-09-16 8:32"
"2980","aquaHub-660298","9001-52039","Male",170,2025-09-16,"2025-09-16 8:33"
"2981","aquaHub-660298","9001-52031","Male",1.6,2025-09-16,"2025-09-16 8:34"
"2982","aquaHub-660298","9001-26756","Male",1.6,2025-09-16,"2025-09-16 8:34"
"2983","aquaHub-660298","9001-43149","Male",165,2025-09-16,"2025-09-16 8:34"
"2984","aquaHub-660298","9001-52040","Male",164,2025-09-16,"2025-09-16 8:34"
"2985","aquaHub-660298","9001-52017","Male",1.6,2025-09-16,"2025-09-16 8:35"
"2986","aquaHub-660298","9001-43282","Male",162,2025-09-16,"2025-09-16 8:36"
"2987","aquaHub-660298","9001-52017","Male",1.6,2025-09-16,"2025-09-16 8:37"
"2988","aquaHub-660298","9001-64500","Male",1.6,2025-09-16,"2025-09-16 8:41"
"2989","aquaHub-660298","9001-64500","Male",1.6,2025-09-16,"2025-09-16 8:43"
"2990","aquaHub-660298","9001-52017","Male",1.6,2025-09-16,"2025-09-16 8:44"
"2991","aquaHub-660298","9001-64500","Male",1.6,2025-09-16,"2025-09-16 8:45"
"2992","aquaHub-660298","9001-52017","Male",1.6,2025-09-16,"2025-09-16 8:46"
"2993","aquaHub-660298","9001-64500","Male",1.6,2025-09-16,"2025-09-16 8:47"
"2994","aquaHub-660298","9001-52040","Male",164,2025-09-16,"2025-09-16 8:47"
"2995","aquaHub-660298","9001-52017","Male",1.6,2025-09-16,"2025-09-16 8:47"
"2996","aquaHub-660298","9001-52040","Male",164,2025-09-16,"2025-09-16 8:49"
"2997","aquaHub-660298","9001-43149","Male",165,2025-09-16,"2025-09-16 8:50"
"2998","aquaHub-660298","9001-64500","Male",1.6,2025-09-16,"2025-09-16 8:50"
"2999","aquaHub-660298","9001-52040","Male",164,2025-09-16,"2025-09-16 8:52"
"3000","aquaHub-660298","9001-64500","Male",1.6,2025-09-16,"2025-09-16 8:52"
"3001","aquaHub-660298","9001-64500","Male",1.6,2025-09-16,"2025-09-16 8:55"
"3002","aquaHub-660298","9001-43149","Male",165,2025-09-16,"2025-09-16 8:56"
"3003","aquaHub-660298","9001-64500","Male",1.6,2025-09-16,"2025-09-16 8:57"
"3004","aquaHub-660298","9001-43149","Male",165,2025-09-16,"2025-09-16 8:58"
"3005","aquaHub-660298","9001-52036","Male",161,2025-09-16,"2025-09-16 9:01"
"3006","aquaHub-660298","9001-43149","Male",165,2025-09-16,"2025-09-16 9:03"
"3007","aquaHub-660298","9001-52036","Male",161,2025-09-16,"2025-09-16 9:04"
"3008","aquaHub-660298","9001-26747","Male",1.4,2025-09-16,"2025-09-16 9:04"
"3009","aquaHub-660298","9001-52017","Male",1.6,2025-09-16,"2025-09-16 9:04"
"3010","aquaHub-660298","9001-43149","Male",165,2025-09-16,"2025-09-16 9:05"
"3011","aquaHub-660298","9001-52017","Male",1.6,2025-09-16,"2025-09-16 9:06"
"3012","aquaHub-660298","9001-43149","Male",165,2025-09-16,"2025-09-16 9:07"
"3013","aquaHub-660298","9001-52036","Male",161,2025-09-16,"2025-09-16 9:07"
"3014","aquaHub-660298","9001-52017","Male",1.6,2025-09-16,"2025-09-16 9:08"
"3015","aquaHub-660298","9001-43149","Male",165,2025-09-16,"2025-09-16 9:08"
"3016","aquaHub-660298","9001-43149","Male",165,2025-09-16,"2025-09-16 9:13"
"3017","aquaHub-660298","9001-52017","Male",1.6,2025-09-16,"2025-09-16 9:13"
"3018","aquaHub-660298","9001-43149","Male",165,2025-09-16,"2025-09-16 9:15"
"3019","aquaHub-660298","9001-52017","Male",1.6,2025-09-16,"2025-09-16 9:16"
"3020","aquaHub-660298","9001-43149","Male",165,2025-09-16,"2025-09-16 9:17"
"3021","aquaHub-660298","9001-52017","Male",1.6,2025-09-16,"2025-09-16 9:18"
"3022","aquaHub-660298","9001-52017","Male",1.6,2025-09-16,"2025-09-16 9:20"
"3023","aquaHub-660298","9001-52022","Male",1.6,2025-09-16,"2025-09-16 9:21"
"3024","aquaHub-660298","9001-52017","Male",1.6,2025-09-16,"2025-09-16 9:22"
"3025","aquaHub-660298","9001-52022","Male",1.6,2025-09-16,"2025-09-16 9:27"
"3026","aquaHub-660298","9001-52022","Male",1.6,2025-09-16,"2025-09-16 9:28"
"3027","aquaHub-660298","9001-52017","Male",1.6,2025-09-16,"2025-09-16 9:30"
"3028","aquaHub-660298","9001-52031","Male",1.6,2025-09-16,"2025-09-16 9:31"
"3029","aquaHub-660298","9001-52036","Male",161,2025-09-16,"2025-09-16 9:31"
"3030","aquaHub-660298","9001-64500","Male",1.6,2025-09-16,"2025-09-16 9:32"
"3031","aquaHub-660298","9001-52022","Male",1.6,2025-09-16,"2025-09-16 9:32"
"3032","aquaHub-660298","9001-52036","Male",161,2025-09-16,"2025-09-16 9:33"
"3033","aquaHub-660298","9001-52031","Male",1.6,2025-09-16,"2025-09-16 9:35"
"3034","aquaHub-660298","9001-52036","Male",161,2025-09-16,"2025-09-16 9:35"
"3035","aquaHub-660298","9001-64500","Male",1.6,2025-09-16,"2025-09-16 9:36"
"3036","aquaHub-660298","9001-52036","Male",161,2025-09-16,"2025-09-16 9:37"
"3037","aquaHub-660298","9001-64500","Male",1.6,2025-09-16,"2025-09-16 9:38"
"3038","aquaHub-660298","9001-52036","Male",161,2025-09-16,"2025-09-16 9:39"
"3039","aquaHub-660298","9001-52031","Male",1.6,2025-09-16,"2025-09-16 9:40"
"3040","aquaHub-660298","9001-64500","Male",1.6,2025-09-16,"2025-09-16 9:41"
"3041","aquaHub-660298","9001-52031","Male",1.6,2025-09-16,"2025-09-16 9:42"
"3042","aquaHub-660298","9001-64500","Male",1.6,2025-09-16,"2025-09-16 9:43"
"3043","aquaHub-660298","9001-52036","Male",161,2025-09-16,"2025-09-16 9:44"
"3044","aquaHub-660298","9001-52031","Male",1.6,2025-09-16,"2025-09-16 9:44"
"3045","aquaHub-660298","9001-64500","Male",1.6,2025-09-16,"2025-09-16 9:46"
"3046","aquaHub-660298","9001-52036","Male",161,2025-09-16,"2025-09-16 9:48"
"3047","aquaHub-660298","9001-52031","Male",1.6,2025-09-16,"2025-09-16 9:49"
"3048","aquaHub-660298","9001-64500","Male",1.6,2025-09-16,"2025-09-16 9:49"
"3049","aquaHub-660298","9001-52036","Male",161,2025-09-16,"2025-09-16 9:50"
"3050","aquaHub-660298","9001-52031","Male",1.6,2025-09-16,"2025-09-16 9:51"
"3051","aquaHub-660298","9001-64500","Male",1.6,2025-09-16,"2025-09-16 9:52"
"3052","aquaHub-660298","9001-52036","Male",161,2025-09-16,"2025-09-16 9:55"
"3053","aquaHub-660298","9001-52036","Male",161,2025-09-16,"2025-09-16 9:56"
"3054","aquaHub-660298","9001-52031","Male",1.6,2025-09-16,"2025-09-16 9:57"
"3055","aquaHub-660298","9001-52036","Male",161,2025-09-16,"2025-09-16 9:58"
"3056","aquaHub-660298","9001-52022","Male",1.6,2025-09-16,"2025-09-16 9:58"
"3057","aquaHub-660298","9001-64500","Male",1.6,2025-09-16,"2025-09-16 9:59"
"3058","aquaHub-660298","9001-52036","Male",161,2025-09-16,"2025-09-16 10:00"
"3059","aquaHub-660298","9001-52022","Male",1.6,2025-09-16,"2025-09-16 10:00"
"3060","aquaHub-660298","9001-52040","Male",164,2025-09-16,"2025-09-16 10:01"
"3061","aquaHub-660298","9001-52040","Male",164,2025-09-16,"2025-09-16 10:03"
"3062","aquaHub-660298","9001-52022","Male",1.6,2025-09-16,"2025-09-16 10:04"
"3063","aquaHub-660298","9001-52031","Male",1.6,2025-09-16,"2025-09-16 10:04"
"3064","aquaHub-660298","9001-52040","Male",164,2025-09-16,"2025-09-16 10:07"
"3065","aquaHub-660298","9001-52031","Male",1.6,2025-09-16,"2025-09-16 10:08"
"3066","aquaHub-660298","9001-64500","Male",1.6,2025-09-16,"2025-09-16 10:09"
"3067","aquaHub-660298","9001-52022","Male",1.6,2025-09-16,"2025-09-16 10:09"
"3068","aquaHub-660298","9001-52031","Male",1.6,2025-09-16,"2025-09-16 10:10"
"3069","aquaHub-660298","9001-52040","Male",164,2025-09-16,"2025-09-16 10:10"
"3070","aquaHub-660298","9001-52022","Male",1.6,2025-09-16,"2025-09-16 10:11"
"3071","aquaHub-660298","9001-52031","Male",1.6,2025-09-16,"2025-09-16 10:12"
"3072","aquaHub-660298","9001-52040","Male",164,2025-09-16,"2025-09-16 10:12"
"3073","aquaHub-660298","9001-52031","Male",1.6,2025-09-16,"2025-09-16 10:14"
"3074","aquaHub-660298","9001-52040","Male",164,2025-09-16,"2025-09-16 10:15"
"3075","aquaHub-660298","9001-52036","Male",161,2025-09-16,"2025-09-16 10:15"
"3076","aquaHub-660298","9001-52022","Male",1.6,2025-09-16,"2025-09-16 10:16"
"3077","aquaHub-660298","9001-52040","Male",164,2025-09-16,"2025-09-16 10:17"
"3078","aquaHub-660298","9001-52022","Male",1.6,2025-09-16,"2025-09-16 10:19"
"3079","aquaHub-660298","9001-52031","Male",1.6,2025-09-16,"2025-09-16 10:19"
"3080","aquaHub-660298","9001-52040","Male",164,2025-09-16,"2025-09-16 10:19"
"3081","aquaHub-660298","9001-52022","Male",1.6,2025-09-16,"2025-09-16 10:21"
"3082","aquaHub-660298","9001-52036","Male",161,2025-09-16,"2025-09-16 10:21"
"3083","aquaHub-660298","9001-52040","Male",164,2025-09-16,"2025-09-16 10:22"
"3084","aquaHub-660298","9001-52031","Male",1.6,2025-09-16,"2025-09-16 10:22"
"3085","aquaHub-660298","9001-64500","Male",1.6,2025-09-16,"2025-09-16 10:24"
"3086","aquaHub-660298","9001-52036","Male",161,2025-09-16,"2025-09-16 10:24"
"3087","aquaHub-660298","9001-52036","Male",161,2025-09-16,"2025-09-16 10:26"
"3088","aquaHub-660298","9001-52031","Male",1.6,2025-09-16,"2025-09-16 10:28"
"3089","aquaHub-660298","9001-64500","Male",1.6,2025-09-16,"2025-09-16 10:29"
"3090","aquaHub-660298","9001-52022","Male",1.6,2025-09-16,"2025-09-16 10:30"
"3091","aquaHub-660298","9001-52036","Male",161,2025-09-16,"2025-09-16 10:33"
"3092","aquaHub-660298","9001-52036","Male",161,2025-09-16,"2025-09-16 10:34"
"3093","aquaHub-660298","9001-52031","Male",1.6,2025-09-16,"2025-09-16 10:36"
"3094","aquaHub-660298","9001-52036","Male",161,2025-09-16,"2025-09-16 10:38"
"3095","aquaHub-660298","9001-64500","Male",1.6,2025-09-16,"2025-09-16 10:38"
"3096","aquaHub-660298","9001-52022","Male",1.6,2025-09-16,"2025-09-16 10:39"
"3097","aquaHub-660298","9001-52036","Male",161,2025-09-16,"2025-09-16 10:40"
"3098","aquaHub-660298","9001-64500","Male",1.6,2025-09-16,"2025-09-16 10:40"
"3099","aquaHub-660298","9001-52036","Male",161,2025-09-16,"2025-09-16 10:42"
"3100","aquaHub-660298","9001-52022","Male",1.6,2025-09-16,"2025-09-16 10:42"
"3101","aquaHub-660298","9001-64500","Male",1.6,2025-09-16,"2025-09-16 10:43"
"3102","aquaHub-660298","9001-52036","Male",161,2025-09-16,"2025-09-16 10:46"
"3103","aquaHub-660298","9001-52022","Male",1.6,2025-09-16,"2025-09-16 10:48"
"3104","aquaHub-660298","9001-52036","Male",161,2025-09-16,"2025-09-16 10:49"
"3105","aquaHub-660298","9001-52022","Male",1.6,2025-09-16,"2025-09-16 10:50"
"3106","aquaHub-660298","9001-52036","Male",161,2025-09-16,"2025-09-16 10:52"
"3107","aquaHub-660298","9001-52022","Male",1.6,2025-09-16,"2025-09-16 10:55"
"3108","aquaHub-660298","9001-52022","Male",1.6,2025-09-16,"2025-09-16 10:57"
"3109","aquaHub-660298","9001-52031","Male",1.6,2025-09-16,"2025-09-16 11:01"
"3110","aquaHub-660298","9001-64500","Male",1.6,2025-09-16,"2025-09-16 11:02"
"3111","aquaHub-660298","9001-52031","Male",1.6,2025-09-16,"2025-09-16 11:03"
"3112","aquaHub-660298","9001-64500","Male",1.6,2025-09-16,"2025-09-16 11:04"
"3113","aquaHub-660298","9001-64500","Male",1.6,2025-09-16,"2025-09-16 11:06"
"3114","aquaHub-660110","9001-47193","Male",159,2025-09-16,"2025-09-16 11:06"
"3115","aquaHub-660110","9001-47193","Male",159,2025-09-16,"2025-09-16 11:08"
"3116","aquaHub-660298","9001-64500","Male",1.6,2025-09-16,"2025-09-16 11:08"
"3117","aquaHub-660110","9001-47193","Male",159,2025-09-16,"2025-09-16 11:09"
"3118","aquaHub-660298","9001-64500","Male",1.6,2025-09-16,"2025-09-16 11:11"
"3119","aquaHub-660298","9001-64500","Male",1.6,2025-09-16,"2025-09-16 11:13"
"3120","aquaHub-660298","9001-52022","Male",1.6,2025-09-16,"2025-09-16 11:14"
"3121","aquaHub-660298","9001-64500","Male",1.6,2025-09-16,"2025-09-16 11:15"
"3122","aquaHub-660110","9001-47193","Male",159,2025-09-16,"2025-09-16 11:16"
"3123","aquaHub-660298","9001-52022","Male",1.6,2025-09-16,"2025-09-16 11:17"
"3124","aquaHub-660298","9001-64500","Male",1.6,2025-09-16,"2025-09-16 11:18"
"3125","aquaHub-660298","9001-52022","Male",1.6,2025-09-16,"2025-09-16 11:19"
"3126","aquaHub-660298","9001-52022","Male",1.6,2025-09-16,"2025-09-16 11:20"
"3127","aquaHub-660298","9001-64500","Male",1.6,2025-09-16,"2025-09-16 11:21"
"3128","aquaHub-660298","9001-52022","Male",1.6,2025-09-16,"2025-09-16 11:22"
"3129","aquaHub-660298","9001-64500","Male",1.6,2025-09-16,"2025-09-16 11:25"
"3130","aquaHub-660298","9001-16704","Unknown",2.1,2025-09-16,"2025-09-16 11:27"
"3131","aquaHub-660141","9001-52029","Male",1.5,2025-09-16,"2025-09-16 11:28"
"3132","aquaHub-660298","9001-52022","Male",1.6,2025-09-16,"2025-09-16 11:28"
"3133","aquaHub-660298","9001-64500","Male",1.6,2025-09-16,"2025-09-16 11:29"
"3134","aquaHub-660298","9001-52022","Male",1.6,2025-09-16,"2025-09-16 11:30"
"3135","aquaHub-660298","9001-52022","Male",1.6,2025-09-16,"2025-09-16 11:32"
"3136","aquaHub-660298","9001-52022","Male",1.6,2025-09-16,"2025-09-16 11:35"
"3137","aquaHub-660298","9001-64500","Male",1.6,2025-09-16,"2025-09-16 11:38"
"3138","aquaHub-660298","9001-52031","Male",1.6,2025-09-16,"2025-09-16 11:42"
"3139","aquaHub-660298","9001-52031","Male",1.6,2025-09-16,"2025-09-16 11:44"
"3140","aquaHub-660298","9001-52022","Male",1.6,2025-09-16,"2025-09-16 11:44"
"3141","aquaHub-660298","9001-52022","Male",1.6,2025-09-16,"2025-09-16 11:46"
"3142","aquaHub-660141","9001-52029","Male",1.5,2025-09-16,"2025-09-16 11:51"
"3143","aquaHub-660298","9001-52022","Male",1.6,2025-09-16,"2025-09-16 11:51"
"3144","aquaHub-660298","9001-52022","Male",1.6,2025-09-16,"2025-09-16 11:58"
"3145","aquaHub-660141","9001-52029","Male",1.5,2025-09-16,"2025-09-16 11:58"
"3146","aquaHub-660298","9001-52022","Male",1.6,2025-09-16,"2025-09-16 11:59"
"3147","aquaHub-660141","9001-52029","Male",1.5,2025-09-16,"2025-09-16 12:00"
"3148","aquaHub-660298","9001-52022","Male",1.6,2025-09-16,"2025-09-16 12:01"
"3149","aquaHub-660141","9001-52029","Male",1.5,2025-09-16,"2025-09-16 12:01"
"3150","aquaHub-660298","9001-52036","Male",161,2025-09-16,"2025-09-16 12:02"
"3151","aquaHub-660141","9001-52029","Male",1.5,2025-09-16,"2025-09-16 12:03"
"3152","aquaHub-660141","9001-52029","Male",1.5,2025-09-16,"2025-09-16 12:05"
"3153","aquaHub-660141","9001-52029","Male",1.5,2025-09-16,"2025-09-16 12:09"
"3154","aquaHub-660298","9001-52036","Male",161,2025-09-16,"2025-09-16 12:10"
"3155","aquaHub-660141","9001-52029","Male",1.5,2025-09-16,"2025-09-16 12:10"
"3156","aquaHub-660298","9001-52036","Male",161,2025-09-16,"2025-09-16 12:12"
"3157","aquaHub-660298","9001-52022","Male",1.6,2025-09-16,"2025-09-16 12:13"
"3158","aquaHub-660298","9001-52036","Male",161,2025-09-16,"2025-09-16 12:15"
"3159","aquaHub-660141","9001-52029","Male",1.5,2025-09-16,"2025-09-16 12:15"
"3160","aquaHub-660298","9001-52036","Male",161,2025-09-16,"2025-09-16 12:17"
"3161","aquaHub-660141","9001-52029","Male",1.5,2025-09-16,"2025-09-16 12:18"
"3162","aquaHub-660298","9001-52022","Male",1.6,2025-09-16,"2025-09-16 12:18"
"3163","aquaHub-660298","9001-52036","Male",161,2025-09-16,"2025-09-16 12:20"
"3164","aquaHub-660298","9001-52022","Male",1.6,2025-09-16,"2025-09-16 12:20"
"3165","aquaHub-660141","9001-52029","Male",1.5,2025-09-16,"2025-09-16 12:20"
"3166","aquaHub-660298","9001-52022","Male",1.6,2025-09-16,"2025-09-16 12:22"
"3167","aquaHub-660298","9001-52036","Male",161,2025-09-16,"2025-09-16 12:23"
"3168","aquaHub-660141","9001-52029","Male",1.5,2025-09-16,"2025-09-16 12:26"
"3169","aquaHub-660298","9001-16704","Unknown",2.1,2025-09-16,"2025-09-16 12:28"
"3170","aquaHub-660141","9001-52029","Male",1.5,2025-09-16,"2025-09-16 12:28"
"3171","aquaHub-660298","9001-52036","Male",161,2025-09-16,"2025-09-16 12:29"
"3172","aquaHub-660141","9001-52029","Male",1.5,2025-09-16,"2025-09-16 12:30"
"3173","aquaHub-660298","9001-52036","Male",161,2025-09-16,"2025-09-16 12:32"
"3174","aquaHub-660298","9001-52039","Male",170,2025-09-16,"2025-09-16 12:35"
"3175","aquaHub-660298","9001-52031","Male",1.6,2025-09-16,"2025-09-16 12:36"
"3176","aquaHub-660298","9001-52031","Male",1.6,2025-09-16,"2025-09-16 12:38"
"3177","aquaHub-660110","9001-43149","Male",165,2025-09-16,"2025-09-16 12:38"
"3178","aquaHub-660298","9001-52031","Male",1.6,2025-09-16,"2025-09-16 12:40"
"3179","aquaHub-660273","9001-52038","Male",153,2025-09-16,"2025-09-16 12:40"
"3180","aquaHub-660298","9001-52036","Male",161,2025-09-16,"2025-09-16 12:40"
"3181","aquaHub-660110","9001-43149","Male",165,2025-09-16,"2025-09-16 12:40"
"3182","aquaHub-660273","9001-52038","Male",153,2025-09-16,"2025-09-16 12:42"
"3183","aquaHub-660110","9001-43149","Male",165,2025-09-16,"2025-09-16 12:42"
"3184","aquaHub-660110","9001-43149","Male",165,2025-09-16,"2025-09-16 12:44"
"3185","aquaHub-660298","9001-52031","Male",1.6,2025-09-16,"2025-09-16 12:44"
"3186","aquaHub-660273","9001-52038","Male",153,2025-09-16,"2025-09-16 12:44"
"3187","aquaHub-660298","9001-52031","Male",1.6,2025-09-16,"2025-09-16 12:46"
"3188","aquaHub-660273","9001-52038","Male",153,2025-09-16,"2025-09-16 12:46"
"3189","aquaHub-660110","9001-43149","Male",165,2025-09-16,"2025-09-16 12:46"
"3190","aquaHub-660298","9001-52031","Male",1.6,2025-09-16,"2025-09-16 12:48"
"3191","aquaHub-660273","9001-52038","Male",153,2025-09-16,"2025-09-16 12:48"
"3192","aquaHub-660273","9001-52038","Male",153,2025-09-16,"2025-09-16 12:51"
"3193","aquaHub-660298","9001-52039","Male",170,2025-09-16,"2025-09-16 12:52"
"3194","aquaHub-660273","9001-52038","Male",153,2025-09-16,"2025-09-16 12:53"
"3195","aquaHub-660298","9001-52031","Male",1.6,2025-09-16,"2025-09-16 12:53"
"3196","aquaHub-660298","9001-52039","Male",170,2025-09-16,"2025-09-16 12:54"
"3197","aquaHub-660273","9001-52038","Male",153,2025-09-16,"2025-09-16 12:55"
"3198","aquaHub-660298","9001-52039","Male",170,2025-09-16,"2025-09-16 12:56"
"3199","aquaHub-660273","9001-52038","Male",153,2025-09-16,"2025-09-16 12:57"
"3200","aquaHub-660298","9001-52039","Male",170,2025-09-16,"2025-09-16 13:00"
"3201","aquaHub-660273","9001-52038","Male",153,2025-09-16,"2025-09-16 13:00"
"3202","aquaHub-660298","9001-52031","Male",1.6,2025-09-16,"2025-09-16 13:00"
"3203","aquaHub-660273","9001-52038","Male",153,2025-09-16,"2025-09-16 13:03"
"3204","aquaHub-660298","9001-52031","Male",1.6,2025-09-16,"2025-09-16 13:05"
"3205","aquaHub-660298","9001-52031","Male",1.6,2025-09-16,"2025-09-16 13:07"
"3206","aquaHub-660273","9001-52038","Male",153,2025-09-16,"2025-09-16 13:08"
"3207","aquaHub-660298","9001-52031","Male",1.6,2025-09-16,"2025-09-16 13:09"
"3208","aquaHub-660298","9001-52031","Male",1.6,2025-09-16,"2025-09-16 13:15"
"3209","aquaHub-660273","9001-43149","Male",165,2025-09-16,"2025-09-16 13:26"
"3210","aquaHub-660273","9001-43149","Male",165,2025-09-16,"2025-09-16 13:29"
"3211","aquaHub-660298","9001-52039","Male",170,2025-09-16,"2025-09-16 13:29"
"3212","aquaHub-660298","9001-52036","Male",161,2025-09-16,"2025-09-16 13:31"
"3213","aquaHub-660273","9001-43149","Male",165,2025-09-16,"2025-09-16 13:33"
"3214","aquaHub-660298","9001-52039","Male",170,2025-09-16,"2025-09-16 13:34"
"3215","aquaHub-660298","9001-52036","Male",161,2025-09-16,"2025-09-16 13:35"
"3216","aquaHub-660298","9001-52039","Male",170,2025-09-16,"2025-09-16 13:36"
"3217","aquaHub-660298","9001-52039","Male",170,2025-09-16,"2025-09-16 13:39"
"3218","aquaHub-660298","9001-52036","Male",161,2025-09-16,"2025-09-16 13:41"
"3219","aquaHub-660298","9001-52036","Male",161,2025-09-16,"2025-09-16 13:42"
"3220","aquaHub-660298","9001-52036","Male",161,2025-09-16,"2025-09-16 13:44"
"3221","aquaHub-660298","9001-52036","Male",161,2025-09-16,"2025-09-16 13:47"
"3222","aquaHub-660298","9001-52039","Male",170,2025-09-16,"2025-09-16 13:48"
"3223","aquaHub-660298","9001-52039","Male",170,2025-09-16,"2025-09-16 13:51"
"3224","aquaHub-660298","9001-52036","Male",161,2025-09-16,"2025-09-16 13:51"
"3225","aquaHub-660298","9001-52036","Male",161,2025-09-16,"2025-09-16 13:53"
"3226","aquaHub-660298","9001-52039","Male",170,2025-09-16,"2025-09-16 13:56"
"3227","aquaHub-660298","9001-52039","Male",170,2025-09-16,"2025-09-16 13:58"
"3228","aquaHub-660298","9001-52039","Male",170,2025-09-16,"2025-09-16 13:59"
"3229","aquaHub-660298","9001-52036","Male",161,2025-09-16,"2025-09-16 14:00"
"3230","aquaHub-660298","9001-52039","Male",170,2025-09-16,"2025-09-16 14:01"
"3231","aquaHub-660298","9001-52039","Male",170,2025-09-16,"2025-09-16 14:04"
"3232","aquaHub-660298","9001-52039","Male",170,2025-09-16,"2025-09-16 14:08"
"3233","aquaHub-660298","9001-52039","Male",170,2025-09-16,"2025-09-16 14:12"
"3234","aquaHub-660273","9001-52038","Male",153,2025-09-16,"2025-09-16 14:13"
"3235","aquaHub-660298","9001-52039","Male",170,2025-09-16,"2025-09-16 14:14"
"3236","aquaHub-660273","9001-52038","Male",153,2025-09-16,"2025-09-16 14:16"
"3237","aquaHub-660298","9001-52039","Male",170,2025-09-16,"2025-09-16 14:16"
"3238","aquaHub-660298","9001-52039","Male",170,2025-09-16,"2025-09-16 14:18"
"3239","aquaHub-660273","9001-52038","Male",153,2025-09-16,"2025-09-16 14:20"
"3240","aquaHub-660273","9001-52038","Male",153,2025-09-16,"2025-09-16 14:24"
"3241","aquaHub-660273","9001-52038","Male",153,2025-09-16,"2025-09-16 14:26"
"3242","aquaHub-660273","9001-52038","Male",153,2025-09-16,"2025-09-16 14:28"
"3243","aquaHub-660273","9001-52038","Male",153,2025-09-16,"2025-09-16 14:30"
"3244","aquaHub-660273","9001-52038","Male",153,2025-09-16,"2025-09-16 14:31"
"3245","aquaHub-660273","9001-52038","Male",153,2025-09-16,"2025-09-16 14:33"
"3246","aquaHub-660273","9001-52038","Male",153,2025-09-16,"2025-09-16 14:34"
"3247","aquaHub-660273","9001-52038","Male",153,2025-09-16,"2025-09-16 14:36"
"3248","aquaHub-660298","9001-52036","Male",161,2025-09-16,"2025-09-16 14:37"
"3249","aquaHub-660273","9001-52038","Male",153,2025-09-16,"2025-09-16 14:37"
"3250","aquaHub-660273","9001-52038","Male",153,2025-09-16,"2025-09-16 14:39"
"3251","aquaHub-660273","9001-52038","Male",153,2025-09-16,"2025-09-16 14:44"
"3252","aquaHub-660273","9001-52038","Male",153,2025-09-16,"2025-09-16 14:46"
"3253","aquaHub-660273","9001-52038","Male",153,2025-09-16,"2025-09-16 14:50"
"3254","aquaHub-660298","9001-52036","Male",161,2025-09-16,"2025-09-16 14:53"
"3255","aquaHub-660298","9001-52040","Male",164,2025-09-16,"2025-09-16 14:55"
"3256","aquaHub-660298","9001-52040","Male",164,2025-09-16,"2025-09-16 14:59"
"3257","aquaHub-660298","9001-52040","Male",164,2025-09-16,"2025-09-16 15:02"
"3258","aquaHub-660298","9001-52040","Male",164,2025-09-16,"2025-09-16 15:04"
"3259","aquaHub-660298","9001-52039","Male",170,2025-09-16,"2025-09-16 15:07"
"3260","aquaHub-660298","9001-52036","Male",161,2025-09-16,"2025-09-16 15:08"
"3261","aquaHub-660298","9001-52040","Male",164,2025-09-16,"2025-09-16 15:09"
"3262","aquaHub-660298","9001-52039","Male",170,2025-09-16,"2025-09-16 15:09"
"3263","aquaHub-660298","9001-52040","Male",164,2025-09-16,"2025-09-16 15:12"
"3264","aquaHub-660298","9001-52039","Male",170,2025-09-16,"2025-09-16 15:14"
"3265","aquaHub-660298","9001-52040","Male",164,2025-09-16,"2025-09-16 15:14"
"3266","aquaHub-660298","9001-52040","Male",164,2025-09-16,"2025-09-16 15:17"
"3267","aquaHub-660298","9001-16704","Unknown",2.1,2025-09-16,"2025-09-16 15:18"
"3268","aquaHub-660298","9001-52039","Male",170,2025-09-16,"2025-09-16 15:18"
"3269","aquaHub-660298","9001-52040","Male",164,2025-09-16,"2025-09-16 15:19"
"3270","aquaHub-660298","9001-16704","Unknown",2.1,2025-09-16,"2025-09-16 15:20"
"3271","aquaHub-660298","9001-52039","Male",170,2025-09-16,"2025-09-16 15:21"
"3272","aquaHub-660298","9001-52040","Male",164,2025-09-16,"2025-09-16 15:22"
"3273","aquaHub-660298","9001-52036","Male",161,2025-09-16,"2025-09-16 15:22"
"3274","aquaHub-660298","9001-16704","Unknown",2.1,2025-09-16,"2025-09-16 15:22"
"3275","aquaHub-660298","9001-52039","Male",170,2025-09-16,"2025-09-16 15:23"
"3276","aquaHub-660298","9001-52036","Male",161,2025-09-16,"2025-09-16 15:25"
"3277","aquaHub-660298","9001-52039","Male",170,2025-09-16,"2025-09-16 15:26"
"3278","aquaHub-660298","9001-43282","Male",162,2025-09-16,"2025-09-16 15:29"
"3279","aquaHub-660298","9001-52039","Male",170,2025-09-16,"2025-09-16 15:29"
"3280","aquaHub-660298","9001-16704","Unknown",2.1,2025-09-16,"2025-09-16 15:30"
"3281","aquaHub-660298","9001-52039","Male",170,2025-09-16,"2025-09-16 15:31"
"3282","aquaHub-660298","9001-16704","Unknown",2.1,2025-09-16,"2025-09-16 15:33"
"3283","aquaHub-660298","9001-52036","Male",161,2025-09-16,"2025-09-16 15:33"
"3284","aquaHub-660298","9001-43282","Male",162,2025-09-16,"2025-09-16 15:33"
"3285","aquaHub-660298","9001-52039","Male",170,2025-09-16,"2025-09-16 15:34"
"3286","aquaHub-660298","9001-52039","Male",170,2025-09-16,"2025-09-16 15:36"
"3287","aquaHub-660298","9001-52039","Male",170,2025-09-16,"2025-09-16 15:38"
"3288","aquaHub-660298","9001-52039","Male",170,2025-09-16,"2025-09-16 15:41"
"3289","aquaHub-660298","9001-52039","Male",170,2025-09-16,"2025-09-16 15:45"
"3290","aquaHub-660298","9001-52039","Male",170,2025-09-16,"2025-09-16 15:47"
"3291","aquaHub-660298","9001-52036","Male",161,2025-09-16,"2025-09-16 15:50"
"3292","aquaHub-660298","9001-52039","Male",170,2025-09-16,"2025-09-16 15:52"
"3293","aquaHub-660298","9001-52036","Male",161,2025-09-16,"2025-09-16 15:55"
"3294","aquaHub-660298","9001-52039","Male",170,2025-09-16,"2025-09-16 15:58"
"3295","aquaHub-660298","9001-52039","Male",170,2025-09-16,"2025-09-16 16:03"
"3296","aquaHub-660110","9001-47193","Male",159,2025-09-16,"2025-09-16 16:12"
"3297","aquaHub-660110","9001-47193","Male",159,2025-09-16,"2025-09-16 16:14"
"3298","aquaHub-660298","9001-52036","Male",161,2025-09-16,"2025-09-16 16:15"
"3299","aquaHub-660110","9001-47193","Male",159,2025-09-16,"2025-09-16 16:17"
"3300","aquaHub-660298","9001-52036","Male",161,2025-09-16,"2025-09-16 16:19"
"3301","aquaHub-660298","9001-52036","Male",161,2025-09-16,"2025-09-16 16:21"
"3302","aquaHub-660298","9001-52036","Male",161,2025-09-16,"2025-09-16 16:24"
"3303","aquaHub-660298","9001-52036","Male",161,2025-09-16,"2025-09-16 16:26"
"3304","aquaHub-660298","9001-52036","Male",161,2025-09-16,"2025-09-16 16:28"
"3305","aquaHub-660298","9001-43282","Male",162,2025-09-16,"2025-09-16 16:31"
"3306","aquaHub-660298","9001-43282","Male",162,2025-09-16,"2025-09-16 16:36"
"3307","aquaHub-660298","9001-52036","Male",161,2025-09-16,"2025-09-16 16:39"
"3308","aquaHub-660298","9001-43282","Male",162,2025-09-16,"2025-09-16 16:39"
"3309","aquaHub-660298","9001-43282","Male",162,2025-09-16,"2025-09-16 16:42"
"3310","aquaHub-660298","9001-52036","Male",161,2025-09-16,"2025-09-16 16:43"
"3311","aquaHub-660298","9001-43282","Male",162,2025-09-16,"2025-09-16 16:44"
"3312","aquaHub-660298","9001-43282","Male",162,2025-09-16,"2025-09-16 16:47"
"3313","aquaHub-660298","9001-52036","Male",161,2025-09-16,"2025-09-16 16:47"
"3314","aquaHub-660298","9001-43282","Male",162,2025-09-16,"2025-09-16 16:49"
"3315","aquaHub-660298","9001-52036","Male",161,2025-09-16,"2025-09-16 16:50"
"3316","aquaHub-660298","9001-43282","Male",162,2025-09-16,"2025-09-16 16:51"
"3317","aquaHub-660298","9001-52036","Male",161,2025-09-16,"2025-09-16 16:54"
"3318","aquaHub-660298","9001-52036","Male",161,2025-09-16,"2025-09-16 16:56"
"3319","aquaHub-660298","9001-52036","Male",161,2025-09-16,"2025-09-16 16:58"
"3320","aquaHub-660298","9001-43282","Male",162,2025-09-16,"2025-09-16 16:59"
"3321","aquaHub-660298","9001-52036","Male",161,2025-09-16,"2025-09-16 17:00"
"3322","aquaHub-660298","9001-43282","Male",162,2025-09-16,"2025-09-16 17:02"
"3323","aquaHub-660298","9001-52036","Male",161,2025-09-16,"2025-09-16 17:02"
"3324","aquaHub-660298","9001-43282","Male",162,2025-09-16,"2025-09-16 17:06"
"3325","aquaHub-660298","9001-52036","Male",161,2025-09-16,"2025-09-16 17:07"
"3326","aquaHub-660298","9001-16704","Unknown",2.1,2025-09-16,"2025-09-16 17:07"
"3327","aquaHub-660298","9001-43282","Male",162,2025-09-16,"2025-09-16 17:08"
"3328","aquaHub-660298","9001-52036","Male",161,2025-09-16,"2025-09-16 17:09"
"3329","aquaHub-660298","9001-16704","Unknown",2.1,2025-09-16,"2025-09-16 17:09"
"3330","aquaHub-660298","9001-43282","Male",162,2025-09-16,"2025-09-16 17:10"
"3331","aquaHub-660298","9001-26747","Male",1.4,2025-09-16,"2025-09-16 17:10"
"3332","aquaHub-660298","9001-52036","Male",161,2025-09-16,"2025-09-16 17:13"
"3333","aquaHub-660298","9001-43282","Male",162,2025-09-16,"2025-09-16 17:14"
"3334","aquaHub-660298","9001-52036","Male",161,2025-09-16,"2025-09-16 17:17"
"3335","aquaHub-660298","9001-52036","Male",161,2025-09-16,"2025-09-16 17:19"
"3336","aquaHub-660298","9001-43282","Male",162,2025-09-16,"2025-09-16 17:23"
"3337","aquaHub-660298","9001-52036","Male",161,2025-09-16,"2025-09-16 17:25"
"3338","aquaHub-660298","9001-43282","Male",162,2025-09-16,"2025-09-16 17:25"
"3339","aquaHub-660298","9001-52036","Male",161,2025-09-16,"2025-09-16 17:27"
"3340","aquaHub-660298","9001-43282","Male",162,2025-09-16,"2025-09-16 17:27"
"3341","aquaHub-660298","9001-52036","Male",161,2025-09-16,"2025-09-16 17:29"
"3342","aquaHub-660298","9001-43282","Male",162,2025-09-16,"2025-09-16 17:30"
"3343","aquaHub-660298","9001-52036","Male",161,2025-09-16,"2025-09-16 17:31"
"3344","aquaHub-660298","9001-43282","Male",162,2025-09-16,"2025-09-16 17:34"
"3345","aquaHub-660298","9001-43282","Male",162,2025-09-16,"2025-09-16 17:36"
"3346","aquaHub-660298","9001-52036","Male",161,2025-09-16,"2025-09-16 17:36"
"3347","aquaHub-660298","9001-52036","Male",161,2025-09-16,"2025-09-16 17:38"
"3348","aquaHub-660298","9001-52036","Male",161,2025-09-16,"2025-09-16 17:40"
"3349","aquaHub-660298","9001-43282","Male",162,2025-09-16,"2025-09-16 17:41"
"3350","aquaHub-660298","9001-43282","Male",162,2025-09-16,"2025-09-16 17:43"
"3351","aquaHub-660298","9001-52036","Male",161,2025-09-16,"2025-09-16 17:43"
"3352","aquaHub-660298","9001-43282","Male",162,2025-09-16,"2025-09-16 17:45"
"3353","aquaHub-660298","9001-52036","Male",161,2025-09-16,"2025-09-16 17:46"
"3354","aquaHub-660298","9001-43282","Male",162,2025-09-16,"2025-09-16 17:47"
"3355","aquaHub-660298","9001-52036","Male",161,2025-09-16,"2025-09-16 17:48"
"3356","aquaHub-660298","9001-43282","Male",162,2025-09-16,"2025-09-16 17:50"
"3357","aquaHub-660298","9001-43282","Male",162,2025-09-16,"2025-09-16 17:52"
"3358","aquaHub-660298","9001-52036","Male",161,2025-09-16,"2025-09-16 17:53"
"3359","aquaHub-660298","9001-43282","Male",162,2025-09-16,"2025-09-16 17:54"
"3360","aquaHub-660298","9001-43282","Male",162,2025-09-16,"2025-09-16 17:59"
"3361","aquaHub-660298","9001-43282","Male",162,2025-09-16,"2025-09-16 18:01"
"3362","aquaHub-660298","9001-52036","Male",161,2025-09-16,"2025-09-16 18:01"
"3363","aquaHub-660298","9001-43282","Male",162,2025-09-16,"2025-09-16 18:04"
"3364","aquaHub-660298","9001-52036","Male",161,2025-09-16,"2025-09-16 18:04"
"3365","aquaHub-660298","9001-43282","Male",162,2025-09-16,"2025-09-16 18:05"
"3366","aquaHub-660298","9001-43282","Male",162,2025-09-16,"2025-09-16 18:07"
"3367","aquaHub-660298","9001-52036","Male",161,2025-09-16,"2025-09-16 18:08"
"3368","aquaHub-660298","9001-43282","Male",162,2025-09-16,"2025-09-16 18:09"
"3369","aquaHub-660298","9001-52036","Male",161,2025-09-16,"2025-09-16 18:10"
"3370","aquaHub-660298","9001-43282","Male",162,2025-09-16,"2025-09-16 18:11"
"3371","aquaHub-660298","9001-52036","Male",161,2025-09-16,"2025-09-16 18:13"
"3372","aquaHub-660110","9001-47193","Male",159,2025-09-16,"2025-09-16 18:13"
"3373","aquaHub-660298","9001-43282","Male",162,2025-09-16,"2025-09-16 18:14"
"3374","aquaHub-660110","9001-47193","Male",159,2025-09-16,"2025-09-16 18:15"
"3375","aquaHub-660298","9001-43282","Male",162,2025-09-16,"2025-09-16 18:16"
"3376","aquaHub-660298","9001-52036","Male",161,2025-09-16,"2025-09-16 18:17"
"3377","aquaHub-660298","9001-43282","Male",162,2025-09-16,"2025-09-16 18:18"
"3378","aquaHub-660298","9001-43282","Male",162,2025-09-16,"2025-09-16 18:20"
"3379","aquaHub-660298","9001-52036","Male",161,2025-09-16,"2025-09-16 18:21"
"3380","aquaHub-660298","9001-52036","Male",161,2025-09-16,"2025-09-16 18:23"
"3381","aquaHub-660298","9001-43282","Male",162,2025-09-16,"2025-09-16 18:25"
"3382","aquaHub-660298","9001-52036","Male",161,2025-09-16,"2025-09-16 18:28"
"3383","aquaHub-660110","9001-47193","Male",159,2025-09-16,"2025-09-16 18:31"
"3384","aquaHub-660298","9001-52036","Male",161,2025-09-16,"2025-09-16 18:38"
"3385","aquaHub-660110","9001-47193","Male",159,2025-09-16,"2025-09-16 18:38"
"3386","aquaHub-660298","9001-52036","Male",161,2025-09-16,"2025-09-16 18:43"
"3387","aquaHub-660298","9001-52036","Male",161,2025-09-16,"2025-09-16 18:44"
"3388","aquaHub-660298","9001-52036","Male",161,2025-09-16,"2025-09-16 18:46"
"3389","aquaHub-660298","9001-52036","Male",161,2025-09-16,"2025-09-16 18:50"
"3390","aquaHub-660298","9001-52036","Male",161,2025-09-16,"2025-09-16 18:51"
"3391","aquaHub-660298","9001-52036","Male",161,2025-09-16,"2025-09-16 19:04"
"3392","aquaHub-660298","9001-52036","Male",161,2025-09-16,"2025-09-16 19:07"
"3393","aquaHub-660298","9001-52036","Male",161,2025-09-16,"2025-09-16 19:10"
"3394","aquaHub-660298","9001-52036","Male",161,2025-09-16,"2025-09-16 19:12"
"3395","aquaHub-660298","9001-52036","Male",161,2025-09-16,"2025-09-16 19:13"
"3396","aquaHub-660298","9001-52036","Male",161,2025-09-16,"2025-09-16 19:16"
"3397","aquaHub-660298","9001-16704","Unknown",2.1,2025-09-16,"2025-09-16 19:17"
"3398","aquaHub-660298","9001-52036","Male",161,2025-09-16,"2025-09-16 19:18"
"3399","aquaHub-660298","9001-16704","Unknown",2.1,2025-09-16,"2025-09-16 19:18"
"3400","aquaHub-660110","9001-47193","Male",159,2025-09-16,"2025-09-16 19:19"
"3401","aquaHub-660298","9001-52036","Male",161,2025-09-16,"2025-09-16 19:19"
"3402","aquaHub-660298","9001-16704","Unknown",2.1,2025-09-16,"2025-09-16 19:20"
"3403","aquaHub-660298","9001-52036","Male",161,2025-09-16,"2025-09-16 19:21"
"3404","aquaHub-660110","9001-47193","Male",159,2025-09-16,"2025-09-16 19:22"
"3405","aquaHub-660298","9001-52036","Male",161,2025-09-16,"2025-09-16 19:24"
"3406","aquaHub-660298","9001-52036","Male",161,2025-09-16,"2025-09-16 19:26"
"3407","aquaHub-660110","9001-47193","Male",159,2025-09-16,"2025-09-16 19:27"
"3408","aquaHub-660298","9001-52036","Male",161,2025-09-16,"2025-09-16 19:28"
"3409","aquaHub-660298","9001-16704","Unknown",2.1,2025-09-16,"2025-09-16 19:32"
"3410","aquaHub-660298","9001-52036","Male",161,2025-09-16,"2025-09-16 19:33"
"3411","aquaHub-660298","9001-16704","Unknown",2.1,2025-09-16,"2025-09-16 19:34"
"3412","aquaHub-660298","9001-52036","Male",161,2025-09-16,"2025-09-16 19:35"
"3413","aquaHub-660110","9001-47193","Male",159,2025-09-16,"2025-09-16 19:37"
"3414","aquaHub-660298","9001-16704","Unknown",2.1,2025-09-16,"2025-09-16 19:37"
"3415","aquaHub-660298","9001-52036","Male",161,2025-09-16,"2025-09-16 19:38"
"3416","aquaHub-660110","9001-47193","Male",159,2025-09-16,"2025-09-16 19:38"
"3417","aquaHub-660298","9001-16704","Unknown",2.1,2025-09-16,"2025-09-16 19:38"
"3418","aquaHub-660110","9001-47193","Male",159,2025-09-16,"2025-09-16 19:40"
"3419","aquaHub-660298","9001-16704","Unknown",2.1,2025-09-16,"2025-09-16 19:40"
"3420","aquaHub-660110","9001-47193","Male",159,2025-09-16,"2025-09-16 19:41"
"3421","aquaHub-660110","9001-43283","Male",168,2025-09-16,"2025-09-16 19:42"
"3422","aquaHub-660298","9001-52036","Male",161,2025-09-16,"2025-09-16 19:43"
"3423","aquaHub-660110","9001-47193","Male",159,2025-09-16,"2025-09-16 19:43"
"3424","aquaHub-660298","9001-16704","Unknown",2.1,2025-09-16,"2025-09-16 19:43"
"3425","aquaHub-660110","9001-43283","Male",168,2025-09-16,"2025-09-16 19:44"
"3426","aquaHub-660298","9001-52036","Male",161,2025-09-16,"2025-09-16 19:45"
"3427","aquaHub-660110","9001-47193","Male",159,2025-09-16,"2025-09-16 19:45"
"3428","aquaHub-660110","9001-43283","Male",168,2025-09-16,"2025-09-16 19:46"
"3429","aquaHub-660110","9001-47193","Male",159,2025-09-16,"2025-09-16 19:47"
"3430","aquaHub-660110","9001-43283","Male",168,2025-09-16,"2025-09-16 19:47"
"3431","aquaHub-660298","9001-52036","Male",161,2025-09-16,"2025-09-16 19:48"
"3432","aquaHub-660298","9001-52036","Male",161,2025-09-16,"2025-09-16 19:50"
"3433","aquaHub-660110","9001-43283","Male",168,2025-09-16,"2025-09-16 19:51"
"3434","aquaHub-660110","9001-47193","Male",159,2025-09-16,"2025-09-16 19:51"
"3435","aquaHub-660298","9001-52036","Male",161,2025-09-16,"2025-09-16 19:53"
"3436","aquaHub-660298","9001-16704","Unknown",2.1,2025-09-16,"2025-09-16 19:53"
"3437","aquaHub-660110","9001-43283","Male",168,2025-09-16,"2025-09-16 19:54"
"3438","aquaHub-660110","9001-43283","Male",168,2025-09-16,"2025-09-16 19:57"
"3439","aquaHub-660110","9001-43283","Male",168,2025-09-16,"2025-09-16 19:59"
"3440","aquaHub-660298","9001-52036","Male",161,2025-09-16,"2025-09-16 19:59"
"3441","aquaHub-660110","9001-43283","Male",168,2025-09-16,"2025-09-16 20:01"
"3442","aquaHub-660298","9001-52036","Male",161,2025-09-16,"2025-09-16 20:01"
"3443","aquaHub-660110","9001-43283","Male",168,2025-09-16,"2025-09-16 20:03"
"3444","aquaHub-660298","9001-52036","Male",161,2025-09-16,"2025-09-16 20:04"
"3445","aquaHub-660298","9001-52036","Male",161,2025-09-16,"2025-09-16 20:06"
"3446","aquaHub-660298","9001-52036","Male",161,2025-09-16,"2025-09-16 20:08"
"3447","aquaHub-660298","9001-52036","Male",161,2025-09-16,"2025-09-16 20:11"
"3448","aquaHub-660298","9001-52031","Male",1.6,2025-09-16,"2025-09-16 20:12"
"3449","aquaHub-660298","9001-52036","Male",161,2025-09-16,"2025-09-16 20:14"
"3450","aquaHub-660298","9001-52031","Male",1.6,2025-09-16,"2025-09-16 20:14"
"3451","aquaHub-660298","9001-52031","Male",1.6,2025-09-16,"2025-09-16 20:19"
"3452","aquaHub-660298","9001-52036","Male",161,2025-09-16,"2025-09-16 20:19"
"3453","aquaHub-660298","9001-52031","Male",1.6,2025-09-16,"2025-09-16 20:21"
"3454","aquaHub-660298","9001-52031","Male",1.6,2025-09-16,"2025-09-16 20:23"
"3455","aquaHub-660298","9001-52036","Male",161,2025-09-16,"2025-09-16 20:26"
"3456","aquaHub-660298","9001-52036","Male",161,2025-09-16,"2025-09-16 20:29"
"3457","aquaHub-660110","9001-52040","Male",164,2025-09-16,"2025-09-16 20:35"
"3458","aquaHub-660110","9001-52040","Male",164,2025-09-16,"2025-09-16 20:37"
"3459","aquaHub-660110","9001-52040","Male",164,2025-09-16,"2025-09-16 20:39"
"3460","aquaHub-660110","9001-52040","Male",164,2025-09-16,"2025-09-16 20:41"
"3461","aquaHub-660110","9001-52040","Male",164,2025-09-16,"2025-09-16 20:43"
"3462","aquaHub-660298","9001-52031","Male",1.6,2025-09-16,"2025-09-16 20:43"
"3463","aquaHub-660110","9001-52040","Male",164,2025-09-16,"2025-09-16 20:44"
"3464","aquaHub-660298","9001-52031","Male",1.6,2025-09-16,"2025-09-16 20:45"
"3465","aquaHub-660110","9001-52040","Male",164,2025-09-16,"2025-09-16 20:46"
"3466","aquaHub-660110","9001-52040","Male",164,2025-09-16,"2025-09-16 20:48"
"3467","aquaHub-660110","9001-52040","Male",164,2025-09-16,"2025-09-16 20:50"
"3468","aquaHub-660298","9001-52031","Male",1.6,2025-09-16,"2025-09-16 20:51"
"3469","aquaHub-660110","9001-52040","Male",164,2025-09-16,"2025-09-16 20:51"
"3470","aquaHub-660298","9001-52022","Male",1.6,2025-09-16,"2025-09-16 21:06"
"3471","aquaHub-660298","9001-52022","Male",1.6,2025-09-16,"2025-09-16 21:09"
"3472","aquaHub-660298","9001-52022","Male",1.6,2025-09-16,"2025-09-16 21:14"
"3473","aquaHub-660298","9001-52022","Male",1.6,2025-09-16,"2025-09-16 21:16"
"3474","aquaHub-660298","9001-52022","Male",1.6,2025-09-16,"2025-09-16 21:18"
"3475","aquaHub-660298","9001-52022","Male",1.6,2025-09-16,"2025-09-16 21:19"
"3476","aquaHub-660298","9001-52022","Male",1.6,2025-09-16,"2025-09-16 21:21"
"3477","aquaHub-660273","9001-43283","Male",168,2025-09-16,"2025-09-16 21:23"
"3478","aquaHub-660298","9001-52031","Male",1.6,2025-09-16,"2025-09-16 21:24"
"3479","aquaHub-660298","9001-52022","Male",1.6,2025-09-16,"2025-09-16 21:24"
"3480","aquaHub-660273","9001-43283","Male",168,2025-09-16,"2025-09-16 21:25"
"3481","aquaHub-660298","9001-52031","Male",1.6,2025-09-16,"2025-09-16 21:26"
"3482","aquaHub-660298","9001-52022","Male",1.6,2025-09-16,"2025-09-16 21:27"
"3483","aquaHub-660273","9001-43283","Male",168,2025-09-16,"2025-09-16 21:27"
"3484","aquaHub-660298","9001-52022","Male",1.6,2025-09-16,"2025-09-16 21:34"
"3485","aquaHub-660298","9001-52022","Male",1.6,2025-09-16,"2025-09-16 21:36"
"3486","aquaHub-660298","9001-43282","Male",162,2025-09-16,"2025-09-16 21:37"
"3487","aquaHub-660298","9001-52022","Male",1.6,2025-09-16,"2025-09-16 21:38"
"3488","aquaHub-660298","9001-52031","Male",1.6,2025-09-16,"2025-09-16 21:40"
"3489","aquaHub-660298","9001-43282","Male",162,2025-09-16,"2025-09-16 21:45"
"3490","aquaHub-660273","9001-52040","Male",164,2025-09-16,"2025-09-16 21:52"
"3491","aquaHub-660273","9001-47193","Male",159,2025-09-16,"2025-09-16 21:52"
"3492","aquaHub-660273","9001-52040","Male",164,2025-09-16,"2025-09-16 21:54"
"3493","aquaHub-660273","9001-47193","Male",159,2025-09-16,"2025-09-16 21:55"
"3494","aquaHub-660110","9001-43148","Male",162,2025-09-16,"2025-09-16 22:20"
"3495","aquaHub-660110","9001-43148","Male",162,2025-09-16,"2025-09-16 22:22"
"3496","aquaHub-660110","9001-43148","Male",162,2025-09-16,"2025-09-16 22:24"
"3497","aquaHub-660298","9001-52031","Male",1.6,2025-09-16,"2025-09-16 22:24"
"3498","aquaHub-660110","9001-43148","Male",162,2025-09-16,"2025-09-16 22:25"
"3499","aquaHub-660298","9001-52031","Male",1.6,2025-09-16,"2025-09-16 22:26"
"3500","aquaHub-660110","9001-43148","Male",162,2025-09-16,"2025-09-16 22:34"
"3501","aquaHub-660110","9001-43148","Male",162,2025-09-16,"2025-09-16 22:37"
"3502","aquaHub-660110","9001-43148","Male",162,2025-09-16,"2025-09-16 22:39"
"3503","aquaHub-660110","9001-43148","Male",162,2025-09-16,"2025-09-16 22:41"
"3504","aquaHub-660298","9001-52031","Male",1.6,2025-09-16,"2025-09-16 22:43"
"3505","aquaHub-660110","9001-43148","Male",162,2025-09-16,"2025-09-16 22:44"
"3506","aquaHub-660110","9001-43148","Male",162,2025-09-16,"2025-09-16 22:47"
"3507","aquaHub-660298","9001-52031","Male",1.6,2025-09-16,"2025-09-16 22:47"
"3508","aquaHub-660298","9001-52031","Male",1.6,2025-09-16,"2025-09-16 22:49"
"3509","aquaHub-660110","9001-43148","Male",162,2025-09-16,"2025-09-16 22:51"
"3510","aquaHub-660298","9001-52031","Male",1.6,2025-09-16,"2025-09-16 22:51"
"3511","aquaHub-660298","9001-52036","Male",161,2025-09-16,"2025-09-16 22:56"
"3512","aquaHub-660110","9001-52039","Male",170,2025-09-16,"2025-09-16 22:58"
"3513","aquaHub-660298","9001-52031","Male",1.6,2025-09-16,"2025-09-16 22:58"
"3514","aquaHub-660298","9001-52036","Male",161,2025-09-16,"2025-09-16 23:01"
"3515","aquaHub-660110","9001-52039","Male",170,2025-09-16,"2025-09-16 23:03"
"3516","aquaHub-660298","9001-52031","Male",1.6,2025-09-16,"2025-09-16 23:03"
"3517","aquaHub-660298","9001-52031","Male",1.6,2025-09-16,"2025-09-16 23:07"
"3518","aquaHub-660110","9001-52039","Male",170,2025-09-16,"2025-09-16 23:08"
"3519","aquaHub-660298","9001-52031","Male",1.6,2025-09-16,"2025-09-16 23:10"
"3520","aquaHub-660298","9001-52031","Male",1.6,2025-09-16,"2025-09-16 23:12"
"3521","aquaHub-660298","9001-52031","Male",1.6,2025-09-16,"2025-09-16 23:18"
"3522","aquaHub-660298","9001-52031","Male",1.6,2025-09-16,"2025-09-16 23:20"
"3523","aquaHub-660298","9001-52036","Male",161,2025-09-16,"2025-09-16 23:30"
"3524","aquaHub-660298","9001-52036","Male",161,2025-09-16,"2025-09-16 23:33"
"3525","aquaHub-660298","9001-52036","Male",161,2025-09-16,"2025-09-16 23:34"
"3526","aquaHub-660298","9001-52036","Male",161,2025-09-16,"2025-09-16 23:36"
"3527","aquaHub-660298","9001-52031","Male",1.6,2025-09-16,"2025-09-16 23:57"
"3528","aquaHub-660298","9001-52031","Male",1.6,2025-09-17,"2025-09-17 0:05"
"3529","aquaHub-660143","9001-52029","Male",1.5,2025-09-17,"2025-09-17 0:07"
"3530","aquaHub-660143","9001-52029","Male",1.5,2025-09-17,"2025-09-17 0:08"
"3531","aquaHub-660143","9001-52029","Male",1.5,2025-09-17,"2025-09-17 0:10"
"3532","aquaHub-660143","9001-52029","Male",1.5,2025-09-17,"2025-09-17 0:13"
"3533","aquaHub-660143","9001-52029","Male",1.5,2025-09-17,"2025-09-17 0:18"
"3534","aquaHub-660143","9001-52029","Male",1.5,2025-09-17,"2025-09-17 0:19"
"3535","aquaHub-660143","9001-52029","Male",1.5,2025-09-17,"2025-09-17 0:21"
"3536","aquaHub-660298","9001-52031","Male",1.6,2025-09-17,"2025-09-17 0:23"
"3537","aquaHub-660298","9001-52036","Male",161,2025-09-17,"2025-09-17 0:24"
"3538","aquaHub-660298","9001-52031","Male",1.6,2025-09-17,"2025-09-17 0:25"
"3539","aquaHub-660298","9001-52036","Male",161,2025-09-17,"2025-09-17 0:26"
"3540","aquaHub-660298","9001-52036","Male",161,2025-09-17,"2025-09-17 0:29"
"3541","aquaHub-660273","9001-43148","Male",162,2025-09-17,"2025-09-17 0:30"
"3542","aquaHub-660298","9001-52036","Male",161,2025-09-17,"2025-09-17 0:31"
"3543","aquaHub-660273","9001-43148","Male",162,2025-09-17,"2025-09-17 0:32"
"3544","aquaHub-660298","9001-52031","Male",1.6,2025-09-17,"2025-09-17 0:34"
"3545","aquaHub-660273","9001-43148","Male",162,2025-09-17,"2025-09-17 0:34"
"3546","aquaHub-660273","9001-43148","Male",162,2025-09-17,"2025-09-17 0:37"
"3547","aquaHub-660298","9001-52036","Male",161,2025-09-17,"2025-09-17 0:38"
"3548","aquaHub-660298","9001-52036","Male",161,2025-09-17,"2025-09-17 0:44"
"3549","aquaHub-660298","9001-52036","Male",161,2025-09-17,"2025-09-17 0:50"
"3550","aquaHub-660298","9001-52036","Male",161,2025-09-17,"2025-09-17 0:52"
"3551","aquaHub-660298","9001-52036","Male",161,2025-09-17,"2025-09-17 0:54"
"3552","aquaHub-661034","9001-47192","Male",163,2025-09-17,"2025-09-17 0:55"
"3553","aquaHub-660298","9001-52036","Male",161,2025-09-17,"2025-09-17 0:56"
"3554","aquaHub-661034","9001-47192","Male",163,2025-09-17,"2025-09-17 0:58"
"3555","aquaHub-660298","9001-52036","Male",161,2025-09-17,"2025-09-17 0:59"
"3556","aquaHub-661034","9001-47192","Male",163,2025-09-17,"2025-09-17 0:59"
"3557","aquaHub-660298","9001-52031","Male",1.6,2025-09-17,"2025-09-17 1:01"
"3558","aquaHub-661034","9001-47192","Male",163,2025-09-17,"2025-09-17 1:01"
"3559","aquaHub-660298","9001-52031","Male",1.6,2025-09-17,"2025-09-17 1:03"
"3560","aquaHub-661034","9001-47192","Male",163,2025-09-17,"2025-09-17 1:03"
"3561","aquaHub-660298","9001-52036","Male",161,2025-09-17,"2025-09-17 1:05"
"3562","aquaHub-661034","9001-47192","Male",163,2025-09-17,"2025-09-17 1:05"
"3563","aquaHub-660298","9001-52031","Male",1.6,2025-09-17,"2025-09-17 1:07"
"3564","aquaHub-661034","9001-47192","Male",163,2025-09-17,"2025-09-17 1:08"
"3565","aquaHub-661034","9001-47192","Male",163,2025-09-17,"2025-09-17 1:10"
"3566","aquaHub-660273","9001-52040","Male",164,2025-09-17,"2025-09-17 1:10"
"3567","aquaHub-660273","9001-52040","Male",164,2025-09-17,"2025-09-17 1:11"
"3568","aquaHub-661034","9001-47192","Male",163,2025-09-17,"2025-09-17 1:12"
"3569","aquaHub-660273","9001-52040","Male",164,2025-09-17,"2025-09-17 1:13"
"3570","aquaHub-660298","9001-52036","Male",161,2025-09-17,"2025-09-17 1:14"
"3571","aquaHub-661034","9001-47192","Male",163,2025-09-17,"2025-09-17 1:15"
"3572","aquaHub-660273","9001-52040","Male",164,2025-09-17,"2025-09-17 1:15"
"3573","aquaHub-661034","9001-47192","Male",163,2025-09-17,"2025-09-17 1:17"
"3574","aquaHub-660273","9001-52040","Male",164,2025-09-17,"2025-09-17 1:18"
"3575","aquaHub-660298","9001-52036","Male",161,2025-09-17,"2025-09-17 1:18"
"3576","aquaHub-661034","9001-47192","Male",163,2025-09-17,"2025-09-17 1:19"
"3577","aquaHub-661034","9001-47192","Male",163,2025-09-17,"2025-09-17 1:21"
"3578","aquaHub-660298","9001-52036","Male",161,2025-09-17,"2025-09-17 1:22"
"3579","aquaHub-661034","9001-47192","Male",163,2025-09-17,"2025-09-17 1:23"
"3580","aquaHub-660298","9001-52031","Male",1.6,2025-09-17,"2025-09-17 1:23"
"3581","aquaHub-660298","9001-52036","Male",161,2025-09-17,"2025-09-17 1:24"
"3582","aquaHub-661034","9001-47192","Male",163,2025-09-17,"2025-09-17 1:25"
"3583","aquaHub-660298","9001-52031","Male",1.6,2025-09-17,"2025-09-17 1:25"
"3584","aquaHub-661034","9001-47192","Male",163,2025-09-17,"2025-09-17 1:27"
"3585","aquaHub-661034","9001-47192","Male",163,2025-09-17,"2025-09-17 1:29"
"3586","aquaHub-661034","9001-47192","Male",163,2025-09-17,"2025-09-17 1:31"
"3587","aquaHub-660273","9001-52040","Male",164,2025-09-17,"2025-09-17 1:33"
"3588","aquaHub-661034","9001-47192","Male",163,2025-09-17,"2025-09-17 1:33"
"3589","aquaHub-661034","9001-47192","Male",163,2025-09-17,"2025-09-17 1:35"
"3590","aquaHub-661034","9001-47192","Male",163,2025-09-17,"2025-09-17 1:36"
"3591","aquaHub-660273","9001-52040","Male",164,2025-09-17,"2025-09-17 1:37"
"3592","aquaHub-661034","9001-47192","Male",163,2025-09-17,"2025-09-17 1:38"
"3593","aquaHub-661034","9001-47192","Male",163,2025-09-17,"2025-09-17 1:40"
"3594","aquaHub-660298","9001-43282","Male",162,2025-09-17,"2025-09-17 1:40"
"3595","aquaHub-660298","9001-26756","Male",1.6,2025-09-17,"2025-09-17 1:40"
"3596","aquaHub-660273","9001-52040","Male",164,2025-09-17,"2025-09-17 1:42"
"3597","aquaHub-660298","9001-52031","Male",1.6,2025-09-17,"2025-09-17 1:42"
"3598","aquaHub-660298","9001-26756","Male",1.6,2025-09-17,"2025-09-17 1:43"
"3599","aquaHub-660298","9001-43282","Male",162,2025-09-17,"2025-09-17 1:44"
"3600","aquaHub-661034","9001-47192","Male",163,2025-09-17,"2025-09-17 1:44"
"3601","aquaHub-660298","9001-52031","Male",1.6,2025-09-17,"2025-09-17 1:44"
"3602","aquaHub-660273","9001-52040","Male",164,2025-09-17,"2025-09-17 1:44"
"3603","aquaHub-661034","9001-47192","Male",163,2025-09-17,"2025-09-17 1:46"
"3604","aquaHub-660298","9001-26756","Male",1.6,2025-09-17,"2025-09-17 1:46"
"3605","aquaHub-660298","9001-52031","Male",1.6,2025-09-17,"2025-09-17 1:46"
"3606","aquaHub-660298","9001-43282","Male",162,2025-09-17,"2025-09-17 1:46"
"3607","aquaHub-660298","9001-52036","Male",161,2025-09-17,"2025-09-17 1:47"
"3608","aquaHub-660298","9001-52031","Male",1.6,2025-09-17,"2025-09-17 1:48"
"3609","aquaHub-660298","9001-52036","Male",161,2025-09-17,"2025-09-17 1:51"
"3610","aquaHub-660298","9001-43282","Male",162,2025-09-17,"2025-09-17 1:52"
"3611","aquaHub-660298","9001-52031","Male",1.6,2025-09-17,"2025-09-17 1:52"
"3612","aquaHub-660298","9001-52036","Male",161,2025-09-17,"2025-09-17 1:53"
"3613","aquaHub-660298","9001-52031","Male",1.6,2025-09-17,"2025-09-17 1:54"
"3614","aquaHub-660298","9001-52036","Male",161,2025-09-17,"2025-09-17 1:55"
"3615","aquaHub-660298","9001-52031","Male",1.6,2025-09-17,"2025-09-17 1:56"
"3616","aquaHub-661034","9001-47192","Male",163,2025-09-17,"2025-09-17 1:56"
"3617","aquaHub-660298","9001-52036","Male",161,2025-09-17,"2025-09-17 1:57"
"3618","aquaHub-660298","9001-52031","Male",1.6,2025-09-17,"2025-09-17 1:58"
"3619","aquaHub-660298","9001-52036","Male",161,2025-09-17,"2025-09-17 1:59"
"3620","aquaHub-660298","9001-52031","Male",1.6,2025-09-17,"2025-09-17 2:02"
"3621","aquaHub-660298","9001-52036","Male",161,2025-09-17,"2025-09-17 2:04"
"3622","aquaHub-660298","9001-52031","Male",1.6,2025-09-17,"2025-09-17 2:05"
"3623","aquaHub-660298","9001-52036","Male",161,2025-09-17,"2025-09-17 2:07"
"3624","aquaHub-660298","9001-26756","Male",1.6,2025-09-17,"2025-09-17 2:08"
"3625","aquaHub-660298","9001-52036","Male",161,2025-09-17,"2025-09-17 2:09"
"3626","aquaHub-660298","9001-52036","Male",161,2025-09-17,"2025-09-17 2:11"
"3627","aquaHub-660298","9001-26756","Male",1.6,2025-09-17,"2025-09-17 2:11"
"3628","aquaHub-660298","9001-52036","Male",161,2025-09-17,"2025-09-17 2:13"
"3629","aquaHub-660298","9001-26756","Male",1.6,2025-09-17,"2025-09-17 2:14"
"3630","aquaHub-660298","9001-52036","Male",161,2025-09-17,"2025-09-17 2:15"
"3631","aquaHub-660298","9001-26756","Male",1.6,2025-09-17,"2025-09-17 2:16"
"3632","aquaHub-660298","9001-26756","Male",1.6,2025-09-17,"2025-09-17 2:19"
"3633","aquaHub-660298","9001-26756","Male",1.6,2025-09-17,"2025-09-17 2:22"
"3634","aquaHub-660298","9001-52036","Male",161,2025-09-17,"2025-09-17 2:26"
"3635","aquaHub-660298","9001-52036","Male",161,2025-09-17,"2025-09-17 2:28"
"3636","aquaHub-660298","9001-26756","Male",1.6,2025-09-17,"2025-09-17 2:30"
"3637","aquaHub-660298","9001-52036","Male",161,2025-09-17,"2025-09-17 2:33"
"3638","aquaHub-660298","9001-43282","Male",162,2025-09-17,"2025-09-17 2:34"
"3639","aquaHub-660298","9001-52036","Male",161,2025-09-17,"2025-09-17 2:35"
"3640","aquaHub-660298","9001-52036","Male",161,2025-09-17,"2025-09-17 2:37"
"3641","aquaHub-660298","9001-52036","Male",161,2025-09-17,"2025-09-17 2:39"
"3642","aquaHub-660298","9001-52036","Male",161,2025-09-17,"2025-09-17 2:41"
"3643","aquaHub-660298","9001-43282","Male",162,2025-09-17,"2025-09-17 2:44"
"3644","aquaHub-660298","9001-52031","Male",1.6,2025-09-17,"2025-09-17 2:44"
"3645","aquaHub-660298","9001-43282","Male",162,2025-09-17,"2025-09-17 2:45"
"3646","aquaHub-660298","9001-43282","Male",162,2025-09-17,"2025-09-17 2:47"
"3647","aquaHub-660298","9001-43282","Male",162,2025-09-17,"2025-09-17 2:50"
"3648","aquaHub-660298","9001-43282","Male",162,2025-09-17,"2025-09-17 2:52"
"3649","aquaHub-660298","9001-43282","Male",162,2025-09-17,"2025-09-17 2:53"
"3650","aquaHub-660298","9001-43282","Male",162,2025-09-17,"2025-09-17 2:55"
"3651","aquaHub-660298","9001-52036","Male",161,2025-09-17,"2025-09-17 2:56"
"3652","aquaHub-660298","9001-52031","Male",1.6,2025-09-17,"2025-09-17 2:57"
"3653","aquaHub-660298","9001-43282","Male",162,2025-09-17,"2025-09-17 2:57"
"3654","aquaHub-660298","9001-43282","Male",162,2025-09-17,"2025-09-17 3:01"
"3655","aquaHub-660298","9001-52031","Male",1.6,2025-09-17,"2025-09-17 3:02"
"3656","aquaHub-660298","9001-43282","Male",162,2025-09-17,"2025-09-17 3:03"
"3657","aquaHub-660298","9001-52031","Male",1.6,2025-09-17,"2025-09-17 3:04"
"3658","aquaHub-660298","9001-26747","Male",1.4,2025-09-17,"2025-09-17 3:04"
"3659","aquaHub-660298","9001-43282","Male",162,2025-09-17,"2025-09-17 3:08"
"3660","aquaHub-660298","9001-52036","Male",161,2025-09-17,"2025-09-17 3:08"
"3661","aquaHub-660298","9001-43282","Male",162,2025-09-17,"2025-09-17 3:10"
"3662","aquaHub-660298","9001-52036","Male",161,2025-09-17,"2025-09-17 3:10"
"3663","aquaHub-660298","9001-43282","Male",162,2025-09-17,"2025-09-17 3:12"
"3664","aquaHub-660298","9001-26756","Male",1.6,2025-09-17,"2025-09-17 3:13"
"3665","aquaHub-660298","9001-52036","Male",161,2025-09-17,"2025-09-17 3:14"
"3666","aquaHub-660298","9001-43282","Male",162,2025-09-17,"2025-09-17 3:15"
"3667","aquaHub-660298","9001-26756","Male",1.6,2025-09-17,"2025-09-17 3:17"
"3668","aquaHub-660298","9001-26747","Male",1.4,2025-09-17,"2025-09-17 3:18"
"3669","aquaHub-660298","9001-43282","Male",162,2025-09-17,"2025-09-17 3:22"
"3670","aquaHub-660298","9001-52031","Male",1.6,2025-09-17,"2025-09-17 3:29"
"3671","aquaHub-660298","9001-52036","Male",161,2025-09-17,"2025-09-17 3:43"
"3672","aquaHub-660298","9001-52036","Male",161,2025-09-17,"2025-09-17 3:45"
"3673","aquaHub-660298","9001-52031","Male",1.6,2025-09-17,"2025-09-17 3:45"
"3674","aquaHub-660298","9001-43282","Male",162,2025-09-17,"2025-09-17 3:47"
"3675","aquaHub-660298","9001-52031","Male",1.6,2025-09-17,"2025-09-17 3:47"
"3676","aquaHub-660298","9001-43282","Male",162,2025-09-17,"2025-09-17 3:49"
"3677","aquaHub-660298","9001-52036","Male",161,2025-09-17,"2025-09-17 3:50"
"3678","aquaHub-660298","9001-52029","Male",1.5,2025-09-17,"2025-09-17 3:50"
"3679","aquaHub-660298","9001-43282","Male",162,2025-09-17,"2025-09-17 3:52"
"3680","aquaHub-660298","9001-52036","Male",161,2025-09-17,"2025-09-17 3:52"
"3681","aquaHub-660298","9001-52029","Male",1.5,2025-09-17,"2025-09-17 3:53"
"3682","aquaHub-660298","9001-43282","Male",162,2025-09-17,"2025-09-17 3:54"
"3683","aquaHub-660298","9001-52036","Male",161,2025-09-17,"2025-09-17 3:55"
"3684","aquaHub-660298","9001-43282","Male",162,2025-09-17,"2025-09-17 3:56"
"3685","aquaHub-660298","9001-52029","Male",1.5,2025-09-17,"2025-09-17 3:56"
"3686","aquaHub-660298","9001-52036","Male",161,2025-09-17,"2025-09-17 3:57"
"3687","aquaHub-660298","9001-43282","Male",162,2025-09-17,"2025-09-17 3:58"
"3688","aquaHub-660298","9001-52036","Male",161,2025-09-17,"2025-09-17 3:58"
"3689","aquaHub-660298","9001-52036","Male",161,2025-09-17,"2025-09-17 4:00"
"3690","aquaHub-660298","9001-43282","Male",162,2025-09-17,"2025-09-17 4:00"
"3691","aquaHub-660298","9001-52036","Male",161,2025-09-17,"2025-09-17 4:02"
"3692","aquaHub-660298","9001-43282","Male",162,2025-09-17,"2025-09-17 4:03"
"3693","aquaHub-660298","9001-52029","Male",1.5,2025-09-17,"2025-09-17 4:03"
"3694","aquaHub-660298","9001-43282","Male",162,2025-09-17,"2025-09-17 4:05"
"3695","aquaHub-660298","9001-52029","Male",1.5,2025-09-17,"2025-09-17 4:07"
"3696","aquaHub-660298","9001-52029","Male",1.5,2025-09-17,"2025-09-17 4:08"
"3697","aquaHub-660298","9001-43282","Male",162,2025-09-17,"2025-09-17 4:09"
"3698","aquaHub-660298","9001-52029","Male",1.5,2025-09-17,"2025-09-17 4:10"
"3699","aquaHub-660298","9001-43282","Male",162,2025-09-17,"2025-09-17 4:11"
"3700","aquaHub-660298","9001-52029","Male",1.5,2025-09-17,"2025-09-17 4:11"
"3701","aquaHub-660298","9001-43282","Male",162,2025-09-17,"2025-09-17 4:13"
"3702","aquaHub-660298","9001-43282","Male",162,2025-09-17,"2025-09-17 4:15"
"3703","aquaHub-660298","9001-52029","Male",1.5,2025-09-17,"2025-09-17 4:16"
"3704","aquaHub-660298","9001-43282","Male",162,2025-09-17,"2025-09-17 4:16"
"3705","aquaHub-660298","9001-52029","Male",1.5,2025-09-17,"2025-09-17 4:18"
"3706","aquaHub-660298","9001-43282","Male",162,2025-09-17,"2025-09-17 4:18"
"3707","aquaHub-660298","9001-52029","Male",1.5,2025-09-17,"2025-09-17 4:20"
"3708","aquaHub-660298","9001-43282","Male",162,2025-09-17,"2025-09-17 4:21"
"3709","aquaHub-660298","9001-52029","Male",1.5,2025-09-17,"2025-09-17 4:22"
"3710","aquaHub-660298","9001-43282","Male",162,2025-09-17,"2025-09-17 4:24"
"3711","aquaHub-660298","9001-52029","Male",1.5,2025-09-17,"2025-09-17 4:24"
"3712","aquaHub-660298","9001-43282","Male",162,2025-09-17,"2025-09-17 4:26"
"3713","aquaHub-660298","9001-52029","Male",1.5,2025-09-17,"2025-09-17 4:28"
"3714","aquaHub-660298","9001-52036","Male",161,2025-09-17,"2025-09-17 4:29"
"3715","aquaHub-660298","9001-52036","Male",161,2025-09-17,"2025-09-17 4:30"
"3716","aquaHub-660298","9001-26756","Male",1.6,2025-09-17,"2025-09-17 4:31"
"3717","aquaHub-660298","9001-52036","Male",161,2025-09-17,"2025-09-17 4:32"
"3718","aquaHub-660298","9001-52029","Male",1.5,2025-09-17,"2025-09-17 4:34"
"3719","aquaHub-660298","9001-26756","Male",1.6,2025-09-17,"2025-09-17 4:34"
"3720","aquaHub-660298","9001-52029","Male",1.5,2025-09-17,"2025-09-17 4:35"
"3721","aquaHub-660298","9001-52036","Male",161,2025-09-17,"2025-09-17 4:35"
"3722","aquaHub-660298","9001-52036","Male",161,2025-09-17,"2025-09-17 4:38"
"3723","aquaHub-660298","9001-52029","Male",1.5,2025-09-17,"2025-09-17 4:39"
"3724","aquaHub-660298","9001-52036","Male",161,2025-09-17,"2025-09-17 4:40"
"3725","aquaHub-660298","9001-26756","Male",1.6,2025-09-17,"2025-09-17 4:41"
"3726","aquaHub-660298","9001-52029","Male",1.5,2025-09-17,"2025-09-17 4:41"
"3727","aquaHub-660298","9001-52036","Male",161,2025-09-17,"2025-09-17 4:41"
"3728","aquaHub-660298","9001-52029","Male",1.5,2025-09-17,"2025-09-17 4:43"
"3729","aquaHub-660298","9001-26756","Male",1.6,2025-09-17,"2025-09-17 4:43"
"3730","aquaHub-660298","9001-52036","Male",161,2025-09-17,"2025-09-17 4:45"
"3731","aquaHub-660298","9001-52029","Male",1.5,2025-09-17,"2025-09-17 4:45"
"3732","aquaHub-660298","9001-52036","Male",161,2025-09-17,"2025-09-17 4:48"
"3733","aquaHub-660298","9001-26756","Male",1.6,2025-09-17,"2025-09-17 4:49"
"3734","aquaHub-660298","9001-52036","Male",161,2025-09-17,"2025-09-17 4:50"
"3735","aquaHub-660298","9001-52029","Male",1.5,2025-09-17,"2025-09-17 4:50"
"3736","aquaHub-660298","9001-26756","Male",1.6,2025-09-17,"2025-09-17 4:51"
"3737","aquaHub-660298","9001-52036","Male",161,2025-09-17,"2025-09-17 4:51"
"3738","aquaHub-660298","9001-52036","Male",161,2025-09-17,"2025-09-17 4:53"
"3739","aquaHub-660298","9001-52029","Male",1.5,2025-09-17,"2025-09-17 4:54"
"3740","aquaHub-660298","9001-26756","Male",1.6,2025-09-17,"2025-09-17 4:55"
"3741","aquaHub-660298","9001-52029","Male",1.5,2025-09-17,"2025-09-17 4:58"
"3742","aquaHub-660298","9001-52036","Male",161,2025-09-17,"2025-09-17 4:58"
"3743","aquaHub-660298","9001-52036","Male",161,2025-09-17,"2025-09-17 5:02"
"3744","aquaHub-660298","9001-16704","Unknown",2.1,2025-09-17,"2025-09-17 5:03"
"3745","aquaHub-660298","9001-52036","Male",161,2025-09-17,"2025-09-17 5:04"
"3746","aquaHub-660298","9001-16704","Unknown",2.1,2025-09-17,"2025-09-17 5:05"
"3747","aquaHub-660298","9001-52036","Male",161,2025-09-17,"2025-09-17 5:05"
"3748","aquaHub-660298","9001-52036","Male",161,2025-09-17,"2025-09-17 5:07"
"3749","aquaHub-660298","9001-16704","Unknown",2.1,2025-09-17,"2025-09-17 5:07"
"3750","aquaHub-660298","9001-16704","Unknown",2.1,2025-09-17,"2025-09-17 5:08"
"3751","aquaHub-660298","9001-16704","Unknown",2.1,2025-09-17,"2025-09-17 5:10"
"3752","aquaHub-660298","9001-52036","Male",161,2025-09-17,"2025-09-17 5:12"
"3753","aquaHub-660298","9001-16704","Unknown",2.1,2025-09-17,"2025-09-17 5:13"
"3754","aquaHub-660298","9001-52036","Male",161,2025-09-17,"2025-09-17 5:14"
"3755","aquaHub-660298","9001-52036","Male",161,2025-09-17,"2025-09-17 5:17"
"3756","aquaHub-660298","9001-16704","Unknown",2.1,2025-09-17,"2025-09-17 5:19"
"3757","aquaHub-660298","9001-52036","Male",161,2025-09-17,"2025-09-17 5:20"
"3758","aquaHub-660298","9001-52036","Male",161,2025-09-17,"2025-09-17 5:22"
"3759","aquaHub-660298","9001-52036","Male",161,2025-09-17,"2025-09-17 5:25"
"3760","aquaHub-660298","9001-52036","Male",161,2025-09-17,"2025-09-17 5:27"
"3761","aquaHub-660298","9001-52036","Male",161,2025-09-17,"2025-09-17 5:30"
"3762","aquaHub-660298","9001-52036","Male",161,2025-09-17,"2025-09-17 5:32"
"3763","aquaHub-660298","9001-52036","Male",161,2025-09-17,"2025-09-17 5:35"
"3764","aquaHub-660298","9001-52036","Male",161,2025-09-17,"2025-09-17 5:38"
"3765","aquaHub-660298","9001-26756","Male",1.6,2025-09-17,"2025-09-17 5:45"
"3766","aquaHub-660298","9001-26756","Male",1.6,2025-09-17,"2025-09-17 5:50"
"3767","aquaHub-660298","9001-26756","Male",1.6,2025-09-17,"2025-09-17 5:54"
"3768","aquaHub-660298","9001-26756","Male",1.6,2025-09-17,"2025-09-17 5:58"
"3769","aquaHub-660298","9001-26756","Male",1.6,2025-09-17,"2025-09-17 6:04"
"3770","aquaHub-660298","9001-26756","Male",1.6,2025-09-17,"2025-09-17 6:07"
"3771","aquaHub-660298","9001-52031","Male",1.6,2025-09-17,"2025-09-17 6:08"
"3772","aquaHub-660298","9001-52039","Male",170,2025-09-17,"2025-09-17 6:13"
"3773","aquaHub-660298","9001-52039","Male",170,2025-09-17,"2025-09-17 6:16"
"3774","aquaHub-660298","9001-52039","Male",170,2025-09-17,"2025-09-17 6:18"
"3775","aquaHub-660298","9001-52039","Male",170,2025-09-17,"2025-09-17 6:21"
"3776","aquaHub-660298","9001-52039","Male",170,2025-09-17,"2025-09-17 6:22"
"3777","aquaHub-660298","9001-52039","Male",170,2025-09-17,"2025-09-17 6:25"
"3778","aquaHub-660298","9001-52036","Male",161,2025-09-17,"2025-09-17 6:25"
"3779","aquaHub-660298","9001-52031","Male",1.6,2025-09-17,"2025-09-17 6:26"
"3780","aquaHub-660298","9001-52039","Male",170,2025-09-17,"2025-09-17 6:27"
"3781","aquaHub-660298","9001-52031","Male",1.6,2025-09-17,"2025-09-17 6:29"
"3782","aquaHub-660298","9001-52039","Male",170,2025-09-17,"2025-09-17 6:29"
"3783","aquaHub-660298","9001-52036","Male",161,2025-09-17,"2025-09-17 6:30"
"3784","aquaHub-660298","9001-52031","Male",1.6,2025-09-17,"2025-09-17 6:31"
"3785","aquaHub-660298","9001-52036","Male",161,2025-09-17,"2025-09-17 6:32"
"3786","aquaHub-660298","9001-52031","Male",1.6,2025-09-17,"2025-09-17 6:33"
"3787","aquaHub-660298","9001-52036","Male",161,2025-09-17,"2025-09-17 6:34"
"3788","aquaHub-660298","9001-52039","Male",170,2025-09-17,"2025-09-17 6:34"
"3789","aquaHub-660298","9001-52039","Male",170,2025-09-17,"2025-09-17 6:36"
"3790","aquaHub-660298","9001-52036","Male",161,2025-09-17,"2025-09-17 6:38"
"3791","aquaHub-660298","9001-52039","Male",170,2025-09-17,"2025-09-17 6:38"
"3792","aquaHub-660298","9001-52036","Male",161,2025-09-17,"2025-09-17 6:39"
"3793","aquaHub-660298","9001-52039","Male",170,2025-09-17,"2025-09-17 6:41"
"3794","aquaHub-660298","9001-52036","Male",161,2025-09-17,"2025-09-17 6:41"
"3795","aquaHub-660298","9001-52036","Male",161,2025-09-17,"2025-09-17 6:43"
"3796","aquaHub-660298","9001-52039","Male",170,2025-09-17,"2025-09-17 6:43"
"3797","aquaHub-660298","9001-52036","Male",161,2025-09-17,"2025-09-17 6:45"
"3798","aquaHub-660298","9001-52039","Male",170,2025-09-17,"2025-09-17 6:46"
"3799","aquaHub-660298","9001-52039","Male",170,2025-09-17,"2025-09-17 6:48"
"3800","aquaHub-660298","9001-52039","Male",170,2025-09-17,"2025-09-17 6:53"
"3801","aquaHub-660298","9001-52039","Male",170,2025-09-17,"2025-09-17 6:56"
"3802","aquaHub-660298","9001-16704","Unknown",2.1,2025-09-17,"2025-09-17 6:58"
"3803","aquaHub-660298","9001-52039","Male",170,2025-09-17,"2025-09-17 7:04"
"3804","aquaHub-660298","9001-16704","Unknown",2.1,2025-09-17,"2025-09-17 7:05"
"3805","aquaHub-660298","9001-52039","Male",170,2025-09-17,"2025-09-17 7:09"
"3806","aquaHub-660298","9001-16704","Unknown",2.1,2025-09-17,"2025-09-17 7:12"
"3807","aquaHub-660298","9001-16704","Unknown",2.1,2025-09-17,"2025-09-17 7:14"
"3808","aquaHub-660298","9001-16704","Unknown",2.1,2025-09-17,"2025-09-17 7:16"
"3809","aquaHub-660298","9001-16704","Unknown",2.1,2025-09-17,"2025-09-17 7:19"
"3810","aquaHub-660298","9001-16704","Unknown",2.1,2025-09-17,"2025-09-17 7:20"
"3811","aquaHub-660298","9001-16704","Unknown",2.1,2025-09-17,"2025-09-17 7:23"
"3812","aquaHub-660298","9001-16704","Unknown",2.1,2025-09-17,"2025-09-17 7:26"
"3813","aquaHub-661034","9001-43287","Female",201,2025-09-17,"2025-09-17 7:26"
"3814","aquaHub-660298","9001-16704","Unknown",2.1,2025-09-17,"2025-09-17 7:31"
"3815","aquaHub-661034","9001-43287","Female",201,2025-09-17,"2025-09-17 7:31"
"3816","aquaHub-660298","9001-16704","Unknown",2.1,2025-09-17,"2025-09-17 7:32"
"3817","aquaHub-661034","9001-43287","Female",201,2025-09-17,"2025-09-17 7:34"
"3818","aquaHub-660298","9001-16704","Unknown",2.1,2025-09-17,"2025-09-17 7:34"
"3819","aquaHub-661034","9001-43287","Female",201,2025-09-17,"2025-09-17 7:35"
"3820","aquaHub-660298","9001-16704","Unknown",2.1,2025-09-17,"2025-09-17 7:35"
"3821","aquaHub-661034","9001-43287","Female",201,2025-09-17,"2025-09-17 7:37"
"3822","aquaHub-660298","9001-16704","Unknown",2.1,2025-09-17,"2025-09-17 7:37"
"3823","aquaHub-661034","9001-43287","Female",201,2025-09-17,"2025-09-17 7:38"
"3824","aquaHub-661034","9001-43287","Female",201,2025-09-17,"2025-09-17 7:40"
"3825","aquaHub-661034","9001-43287","Female",201,2025-09-17,"2025-09-17 7:43"
"3826","aquaHub-661034","9001-43287","Female",201,2025-09-17,"2025-09-17 7:53"
"3827","aquaHub-660298","9001-52036","Male",161,2025-09-17,"2025-09-17 7:54"
"3828","aquaHub-660298","9001-52036","Male",161,2025-09-17,"2025-09-17 7:56"
"3829","aquaHub-660298","9001-52036","Male",161,2025-09-17,"2025-09-17 7:57"
"3830","aquaHub-660298","9001-52036","Male",161,2025-09-17,"2025-09-17 8:01"
"3831","aquaHub-660110","9001-52022","Male",1.6,2025-09-17,"2025-09-17 8:01"
"3832","aquaHub-660298","9001-26756","Male",1.6,2025-09-17,"2025-09-17 8:02"
"3833","aquaHub-661034","9001-43287","Female",201,2025-09-17,"2025-09-17 8:02"
"3834","aquaHub-660298","9001-52036","Male",161,2025-09-17,"2025-09-17 8:03"
"3835","aquaHub-660110","9001-52022","Male",1.6,2025-09-17,"2025-09-17 8:03"
"3836","aquaHub-660298","9001-16704","Unknown",2.1,2025-09-17,"2025-09-17 8:04"
"3837","aquaHub-660298","9001-52036","Male",161,2025-09-17,"2025-09-17 8:05"
"3838","aquaHub-660110","9001-52022","Male",1.6,2025-09-17,"2025-09-17 8:05"
"3839","aquaHub-660298","9001-52031","Male",1.6,2025-09-17,"2025-09-17 8:05"
"3840","aquaHub-660298","9001-16704","Unknown",2.1,2025-09-17,"2025-09-17 8:06"
"3841","aquaHub-660110","9001-52022","Male",1.6,2025-09-17,"2025-09-17 8:07"
"3842","aquaHub-660298","9001-52036","Male",161,2025-09-17,"2025-09-17 8:07"
"3843","aquaHub-660298","9001-52036","Male",161,2025-09-17,"2025-09-17 8:09"
"3844","aquaHub-660298","9001-16704","Unknown",2.1,2025-09-17,"2025-09-17 8:09"
"3845","aquaHub-660298","9001-52036","Male",161,2025-09-17,"2025-09-17 8:12"
"3846","aquaHub-660298","9001-16704","Unknown",2.1,2025-09-17,"2025-09-17 8:13"
"3847","aquaHub-660298","9001-52031","Male",1.6,2025-09-17,"2025-09-17 8:14"
"3848","aquaHub-660298","9001-16704","Unknown",2.1,2025-09-17,"2025-09-17 8:14"
"3849","aquaHub-660298","9001-52036","Male",161,2025-09-17,"2025-09-17 8:14"
"3850","aquaHub-660298","9001-16704","Unknown",2.1,2025-09-17,"2025-09-17 8:16"
"3851","aquaHub-660298","9001-52031","Male",1.6,2025-09-17,"2025-09-17 8:16"
"3852","aquaHub-660298","9001-52036","Male",161,2025-09-17,"2025-09-17 8:17"
"3853","aquaHub-660298","9001-52031","Male",1.6,2025-09-17,"2025-09-17 8:18"
"3854","aquaHub-660298","9001-52036","Male",161,2025-09-17,"2025-09-17 8:20"
"3855","aquaHub-660298","9001-52031","Male",1.6,2025-09-17,"2025-09-17 8:20"
"3856","aquaHub-660298","9001-52036","Male",161,2025-09-17,"2025-09-17 8:22"
"3857","aquaHub-660298","9001-52031","Male",1.6,2025-09-17,"2025-09-17 8:22"
"3858","aquaHub-660298","9001-52031","Male",1.6,2025-09-17,"2025-09-17 8:26"
"3859","aquaHub-660298","9001-52036","Male",161,2025-09-17,"2025-09-17 8:28"
"3860","aquaHub-660298","9001-52036","Male",161,2025-09-17,"2025-09-17 8:31"
"3861","aquaHub-660298","9001-52036","Male",161,2025-09-17,"2025-09-17 8:34"
"3862","aquaHub-660298","9001-52031","Male",1.6,2025-09-17,"2025-09-17 8:34"
"3863","aquaHub-660298","9001-16704","Unknown",2.1,2025-09-17,"2025-09-17 8:34"
"3864","aquaHub-660298","9001-52036","Male",161,2025-09-17,"2025-09-17 8:36"
"3865","aquaHub-660298","9001-52036","Male",161,2025-09-17,"2025-09-17 8:38"
"3866","aquaHub-660298","9001-16704","Unknown",2.1,2025-09-17,"2025-09-17 8:42"
"3867","aquaHub-660298","9001-16704","Unknown",2.1,2025-09-17,"2025-09-17 8:44"
"3868","aquaHub-660298","9001-16704","Unknown",2.1,2025-09-17,"2025-09-17 8:46"
"3869","aquaHub-660298","9001-16704","Unknown",2.1,2025-09-17,"2025-09-17 8:48"
"3870","aquaHub-660298","9001-16704","Unknown",2.1,2025-09-17,"2025-09-17 8:50"
"3871","aquaHub-660298","9001-16704","Unknown",2.1,2025-09-17,"2025-09-17 9:00"
"3872","aquaHub-660273","9001-52022","Male",1.6,2025-09-17,"2025-09-17 9:01"
"3873","aquaHub-660298","9001-16704","Unknown",2.1,2025-09-17,"2025-09-17 9:02"
"3874","aquaHub-660273","9001-52022","Male",1.6,2025-09-17,"2025-09-17 9:03"
"3875","aquaHub-660273","9001-52022","Male",1.6,2025-09-17,"2025-09-17 9:05"
"3876","aquaHub-660298","9001-16704","Unknown",2.1,2025-09-17,"2025-09-17 9:07"
"3877","aquaHub-660298","9001-16704","Unknown",2.1,2025-09-17,"2025-09-17 9:08"
"3878","aquaHub-660298","9001-16704","Unknown",2.1,2025-09-17,"2025-09-17 9:09"
"3879","aquaHub-660298","9001-16704","Unknown",2.1,2025-09-17,"2025-09-17 9:15"
"3880","aquaHub-660298","9001-16704","Unknown",2.1,2025-09-17,"2025-09-17 9:17"
"3881","aquaHub-660298","9001-16704","Unknown",2.1,2025-09-17,"2025-09-17 9:20"
"3882","aquaHub-660298","9001-16704","Unknown",2.1,2025-09-17,"2025-09-17 9:23"
"3883","aquaHub-660298","9001-16704","Unknown",2.1,2025-09-17,"2025-09-17 9:25"
"3884","aquaHub-660298","9001-52036","Male",161,2025-09-17,"2025-09-17 9:30"
"3885","aquaHub-660298","9001-16704","Unknown",2.1,2025-09-17,"2025-09-17 9:31"
"3886","aquaHub-660298","9001-52036","Male",161,2025-09-17,"2025-09-17 9:32"
"3887","aquaHub-660298","9001-16704","Unknown",2.1,2025-09-17,"2025-09-17 9:36"
"3888","aquaHub-660298","9001-52036","Male",161,2025-09-17,"2025-09-17 9:38"
"3889","aquaHub-660298","9001-16704","Unknown",2.1,2025-09-17,"2025-09-17 9:39"
"3890","aquaHub-660298","9001-52036","Male",161,2025-09-17,"2025-09-17 9:40"
"3891","aquaHub-660298","9001-52039","Male",170,2025-09-17,"2025-09-17 9:44"
"3892","aquaHub-660298","9001-52036","Male",161,2025-09-17,"2025-09-17 9:44"
"3893","aquaHub-660298","9001-52039","Male",170,2025-09-17,"2025-09-17 9:47"
"3894","aquaHub-660298","9001-16704","Unknown",2.1,2025-09-17,"2025-09-17 9:48"
"3895","aquaHub-660298","9001-16704","Unknown",2.1,2025-09-17,"2025-09-17 9:50"
"3896","aquaHub-660298","9001-16704","Unknown",2.1,2025-09-17,"2025-09-17 9:52"
"3897","aquaHub-660298","9001-52036","Male",161,2025-09-17,"2025-09-17 9:53"
"3898","aquaHub-660298","9001-16704","Unknown",2.1,2025-09-17,"2025-09-17 9:54"
"3899","aquaHub-660298","9001-16704","Unknown",2.1,2025-09-17,"2025-09-17 9:56"
"3900","aquaHub-660298","9001-52039","Male",170,2025-09-17,"2025-09-17 9:57"
"3901","aquaHub-660298","9001-52036","Male",161,2025-09-17,"2025-09-17 9:58"
"3902","aquaHub-660298","9001-16704","Unknown",2.1,2025-09-17,"2025-09-17 9:59"
"3903","aquaHub-660298","9001-52039","Male",170,2025-09-17,"2025-09-17 10:01"
"3904","aquaHub-660298","9001-16704","Unknown",2.1,2025-09-17,"2025-09-17 10:02"
"3905","aquaHub-660298","9001-52031","Male",1.6,2025-09-17,"2025-09-17 10:03"
"3906","aquaHub-660298","9001-52036","Male",161,2025-09-17,"2025-09-17 10:04"
"3907","aquaHub-660298","9001-52039","Male",170,2025-09-17,"2025-09-17 10:04"
"3908","aquaHub-660298","9001-52031","Male",1.6,2025-09-17,"2025-09-17 10:06"
"3909","aquaHub-660298","9001-52036","Male",161,2025-09-17,"2025-09-17 10:06"
"3910","aquaHub-660298","9001-52031","Male",1.6,2025-09-17,"2025-09-17 10:08"
"3911","aquaHub-660298","9001-16704","Unknown",2.1,2025-09-17,"2025-09-17 10:09"
"3912","aquaHub-660298","9001-52036","Male",161,2025-09-17,"2025-09-17 10:10"
"3913","aquaHub-660298","9001-52031","Male",1.6,2025-09-17,"2025-09-17 10:10"
"3914","aquaHub-660298","9001-52031","Male",1.6,2025-09-17,"2025-09-17 10:12"
"3915","aquaHub-660298","9001-52036","Male",161,2025-09-17,"2025-09-17 10:13"
"3916","aquaHub-660298","9001-16704","Unknown",2.1,2025-09-17,"2025-09-17 10:14"
"3917","aquaHub-660298","9001-52036","Male",161,2025-09-17,"2025-09-17 10:15"
"3918","aquaHub-660298","9001-52031","Male",1.6,2025-09-17,"2025-09-17 10:16"
"3919","aquaHub-660298","9001-52031","Male",1.6,2025-09-17,"2025-09-17 10:18"
"3920","aquaHub-660298","9001-52036","Male",161,2025-09-17,"2025-09-17 10:20"
"3921","aquaHub-660298","9001-52036","Male",161,2025-09-17,"2025-09-17 10:21"
"3922","aquaHub-660298","9001-52036","Male",161,2025-09-17,"2025-09-17 10:23"
"3923","aquaHub-660298","9001-52039","Male",170,2025-09-17,"2025-09-17 10:25"
"3924","aquaHub-660110","9001-52043","Male",1.5,2025-09-17,"2025-09-17 10:25"
"3925","aquaHub-660110","9001-52043","Male",1.5,2025-09-17,"2025-09-17 10:27"
"3926","aquaHub-660110","9001-52043","Male",1.5,2025-09-17,"2025-09-17 10:28"
"3927","aquaHub-660298","9001-52036","Male",161,2025-09-17,"2025-09-17 10:30"
"3928","aquaHub-660110","9001-52043","Male",1.5,2025-09-17,"2025-09-17 10:30"
"3929","aquaHub-660298","9001-26747","Male",1.4,2025-09-17,"2025-09-17 10:31"
"3930","aquaHub-660298","9001-52039","Male",170,2025-09-17,"2025-09-17 10:31"
"3931","aquaHub-660298","9001-52036","Male",161,2025-09-17,"2025-09-17 10:33"
"3932","aquaHub-660110","9001-52043","Male",1.5,2025-09-17,"2025-09-17 10:33"
"3933","aquaHub-660110","9001-52043","Male",1.5,2025-09-17,"2025-09-17 10:35"
"3934","aquaHub-660110","9001-52043","Male",1.5,2025-09-17,"2025-09-17 10:37"
"3935","aquaHub-660298","9001-52036","Male",161,2025-09-17,"2025-09-17 10:37"
"3936","aquaHub-660298","9001-52036","Male",161,2025-09-17,"2025-09-17 10:39"
"3937","aquaHub-660110","9001-52043","Male",1.5,2025-09-17,"2025-09-17 10:40"
"3938","aquaHub-660298","9001-52036","Male",161,2025-09-17,"2025-09-17 10:40"
"3939","aquaHub-660110","9001-52043","Male",1.5,2025-09-17,"2025-09-17 10:42"
"3940","aquaHub-660110","9001-52043","Male",1.5,2025-09-17,"2025-09-17 10:44"
"3941","aquaHub-660298","9001-52036","Male",161,2025-09-17,"2025-09-17 10:47"
"3942","aquaHub-660110","9001-52043","Male",1.5,2025-09-17,"2025-09-17 10:47"
"3943","aquaHub-660110","9001-52043","Male",1.5,2025-09-17,"2025-09-17 10:50"
"3944","aquaHub-660298","9001-52036","Male",161,2025-09-17,"2025-09-17 10:50"
"3945","aquaHub-660298","9001-52036","Male",161,2025-09-17,"2025-09-17 10:52"
"3946","aquaHub-660110","9001-52043","Male",1.5,2025-09-17,"2025-09-17 10:52"
"3947","aquaHub-660298","9001-16704","Unknown",2.1,2025-09-17,"2025-09-17 10:54"
"3948","aquaHub-660298","9001-52036","Male",161,2025-09-17,"2025-09-17 10:55"
"3949","aquaHub-660110","9001-52043","Male",1.5,2025-09-17,"2025-09-17 10:55"
"3950","aquaHub-660110","9001-52043","Male",1.5,2025-09-17,"2025-09-17 10:57"
"3951","aquaHub-660298","9001-52036","Male",161,2025-09-17,"2025-09-17 10:58"
"3952","aquaHub-660298","9001-16704","Unknown",2.1,2025-09-17,"2025-09-17 10:59"
"3953","aquaHub-660110","9001-52043","Male",1.5,2025-09-17,"2025-09-17 11:00"
"3954","aquaHub-660298","9001-16704","Unknown",2.1,2025-09-17,"2025-09-17 11:00"
"3955","aquaHub-660110","9001-52043","Male",1.5,2025-09-17,"2025-09-17 11:01"
"3956","aquaHub-660110","9001-52043","Male",1.5,2025-09-17,"2025-09-17 11:03"
"3957","aquaHub-660110","9001-52043","Male",1.5,2025-09-17,"2025-09-17 11:04"
"3958","aquaHub-660298","9001-52036","Male",161,2025-09-17,"2025-09-17 11:04"
"3959","aquaHub-660110","9001-52043","Male",1.5,2025-09-17,"2025-09-17 11:06"
"3960","aquaHub-660298","9001-16704","Unknown",2.1,2025-09-17,"2025-09-17 11:07"
"3961","aquaHub-660110","9001-52043","Male",1.5,2025-09-17,"2025-09-17 11:08"
"3962","aquaHub-660298","9001-52036","Male",161,2025-09-17,"2025-09-17 11:10"
"3963","aquaHub-660110","9001-52043","Male",1.5,2025-09-17,"2025-09-17 11:10"
"3964","aquaHub-660298","9001-52036","Male",161,2025-09-17,"2025-09-17 11:11"
"3965","aquaHub-660110","9001-52043","Male",1.5,2025-09-17,"2025-09-17 11:13"
"3966","aquaHub-660298","9001-52031","Male",1.6,2025-09-17,"2025-09-17 11:13"
"3967","aquaHub-660298","9001-52036","Male",161,2025-09-17,"2025-09-17 11:14"
"3968","aquaHub-660298","9001-52036","Male",161,2025-09-17,"2025-09-17 11:15"
"3969","aquaHub-660298","9001-52039","Male",170,2025-09-17,"2025-09-17 11:15"
"3970","aquaHub-660110","9001-52043","Male",1.5,2025-09-17,"2025-09-17 11:15"
"3971","aquaHub-660298","9001-52036","Male",161,2025-09-17,"2025-09-17 11:17"
"3972","aquaHub-660110","9001-52043","Male",1.5,2025-09-17,"2025-09-17 11:17"
"3973","aquaHub-660298","9001-52031","Male",1.6,2025-09-17,"2025-09-17 11:18"
"3974","aquaHub-660298","9001-16704","Unknown",2.1,2025-09-17,"2025-09-17 11:18"
"3975","aquaHub-660110","9001-52043","Male",1.5,2025-09-17,"2025-09-17 11:19"
"3976","aquaHub-660298","9001-16704","Unknown",2.1,2025-09-17,"2025-09-17 11:19"
"3977","aquaHub-660298","9001-52036","Male",161,2025-09-17,"2025-09-17 11:20"
"3978","aquaHub-660298","9001-52031","Male",1.6,2025-09-17,"2025-09-17 11:20"
"3979","aquaHub-660298","9001-16704","Unknown",2.1,2025-09-17,"2025-09-17 11:21"
"3980","aquaHub-660298","9001-16704","Unknown",2.1,2025-09-17,"2025-09-17 11:22"
"3981","aquaHub-660298","9001-52036","Male",161,2025-09-17,"2025-09-17 11:23"
"3982","aquaHub-660298","9001-52031","Male",1.6,2025-09-17,"2025-09-17 11:23"
"3983","aquaHub-660298","9001-52036","Male",161,2025-09-17,"2025-09-17 11:25"
"3984","aquaHub-660298","9001-16704","Unknown",2.1,2025-09-17,"2025-09-17 11:25"
"3985","aquaHub-660298","9001-52031","Male",1.6,2025-09-17,"2025-09-17 11:26"
"3986","aquaHub-660298","9001-52036","Male",161,2025-09-17,"2025-09-17 11:27"
"3987","aquaHub-660298","9001-52031","Male",1.6,2025-09-17,"2025-09-17 11:28"
"3988","aquaHub-660298","9001-52036","Male",161,2025-09-17,"2025-09-17 11:32"
"3989","aquaHub-660298","9001-52036","Male",161,2025-09-17,"2025-09-17 11:33"
"3990","aquaHub-660298","9001-52036","Male",161,2025-09-17,"2025-09-17 11:35"
"3991","aquaHub-660298","9001-16704","Unknown",2.1,2025-09-17,"2025-09-17 11:36"
"3992","aquaHub-660298","9001-52031","Male",1.6,2025-09-17,"2025-09-17 11:38"
"3993","aquaHub-660298","9001-52036","Male",161,2025-09-17,"2025-09-17 11:39"
"3994","aquaHub-660298","9001-52031","Male",1.6,2025-09-17,"2025-09-17 11:40"
"3995","aquaHub-660298","9001-52031","Male",1.6,2025-09-17,"2025-09-17 11:42"
"3996","aquaHub-660298","9001-52031","Male",1.6,2025-09-17,"2025-09-17 11:43"
"3997","aquaHub-660298","9001-16704","Unknown",2.1,2025-09-17,"2025-09-17 11:44"
"3998","aquaHub-660298","9001-52031","Male",1.6,2025-09-17,"2025-09-17 11:46"
"3999","aquaHub-660298","9001-52031","Male",1.6,2025-09-17,"2025-09-17 11:47"
"4000","aquaHub-660298","9001-52036","Male",161,2025-09-17,"2025-09-17 11:50"
"4001","aquaHub-660298","9001-16704","Unknown",2.1,2025-09-17,"2025-09-17 11:52"
"4002","aquaHub-660298","9001-16704","Unknown",2.1,2025-09-17,"2025-09-17 11:54"
"4003","aquaHub-660298","9001-26747","Male",1.4,2025-09-17,"2025-09-17 11:55"
"4004","aquaHub-660110","9001-52043","Male",1.5,2025-09-17,"2025-09-17 11:55"
"4005","aquaHub-660110","9001-52043","Male",1.5,2025-09-17,"2025-09-17 11:57"
"4006","aquaHub-660298","9001-52036","Male",161,2025-09-17,"2025-09-17 11:58"
"4007","aquaHub-660298","9001-16704","Unknown",2.1,2025-09-17,"2025-09-17 11:59"
"4008","aquaHub-660110","9001-52043","Male",1.5,2025-09-17,"2025-09-17 11:59"
"4009","aquaHub-660298","9001-52036","Male",161,2025-09-17,"2025-09-17 12:00"
"4010","aquaHub-660110","9001-52043","Male",1.5,2025-09-17,"2025-09-17 12:00"
"4011","aquaHub-660110","9001-52043","Male",1.5,2025-09-17,"2025-09-17 12:02"
"4012","aquaHub-660298","9001-52031","Male",1.6,2025-09-17,"2025-09-17 12:02"
"4013","aquaHub-660298","9001-52036","Male",161,2025-09-17,"2025-09-17 12:03"
"4014","aquaHub-660110","9001-52043","Male",1.5,2025-09-17,"2025-09-17 12:03"
"4015","aquaHub-660298","9001-52031","Male",1.6,2025-09-17,"2025-09-17 12:04"
"4016","aquaHub-660110","9001-52043","Male",1.5,2025-09-17,"2025-09-17 12:05"
"4017","aquaHub-660298","9001-52036","Male",161,2025-09-17,"2025-09-17 12:05"
"4018","aquaHub-660298","9001-52031","Male",1.6,2025-09-17,"2025-09-17 12:06"
"4019","aquaHub-660110","9001-52043","Male",1.5,2025-09-17,"2025-09-17 12:07"
"4020","aquaHub-660298","9001-52036","Male",161,2025-09-17,"2025-09-17 12:08"
"4021","aquaHub-660110","9001-52043","Male",1.5,2025-09-17,"2025-09-17 12:09"
"4022","aquaHub-660298","9001-52036","Male",161,2025-09-17,"2025-09-17 12:09"
"4023","aquaHub-660298","9001-52036","Male",161,2025-09-17,"2025-09-17 12:14"
"4024","aquaHub-660298","9001-52031","Male",1.6,2025-09-17,"2025-09-17 12:18"
"4025","aquaHub-660298","9001-52039","Male",170,2025-09-17,"2025-09-17 12:18"
"4026","aquaHub-660298","9001-52039","Male",170,2025-09-17,"2025-09-17 12:20"
"4027","aquaHub-660298","9001-52036","Male",161,2025-09-17,"2025-09-17 12:21"
"4028","aquaHub-660298","9001-52031","Male",1.6,2025-09-17,"2025-09-17 12:22"
"4029","aquaHub-660298","9001-52036","Male",161,2025-09-17,"2025-09-17 12:23"
"4030","aquaHub-660298","9001-52031","Male",1.6,2025-09-17,"2025-09-17 12:25"
"4031","aquaHub-660298","9001-52036","Male",161,2025-09-17,"2025-09-17 12:25"
"4032","aquaHub-660298","9001-52031","Male",1.6,2025-09-17,"2025-09-17 12:28"
"4033","aquaHub-660298","9001-52031","Male",1.6,2025-09-17,"2025-09-17 12:31"
"4034","aquaHub-660298","9001-52036","Male",161,2025-09-17,"2025-09-17 12:31"
"4035","aquaHub-660298","9001-52036","Male",161,2025-09-17,"2025-09-17 12:33"
"4036","aquaHub-660298","9001-52031","Male",1.6,2025-09-17,"2025-09-17 12:35"
"4037","aquaHub-660298","9001-52036","Male",161,2025-09-17,"2025-09-17 12:35"
"4038","aquaHub-660298","9001-52031","Male",1.6,2025-09-17,"2025-09-17 12:37"
"4039","aquaHub-660298","9001-52036","Male",161,2025-09-17,"2025-09-17 12:38"
"4040","aquaHub-660298","9001-52031","Male",1.6,2025-09-17,"2025-09-17 12:41"
"4041","aquaHub-660298","9001-52031","Male",1.6,2025-09-17,"2025-09-17 12:43"
"4042","aquaHub-660298","9001-52031","Male",1.6,2025-09-17,"2025-09-17 12:45"
"4043","aquaHub-660298","9001-52036","Male",161,2025-09-17,"2025-09-17 12:45"
"4044","aquaHub-660298","9001-52031","Male",1.6,2025-09-17,"2025-09-17 12:47"
"4045","aquaHub-660298","9001-52036","Male",161,2025-09-17,"2025-09-17 12:51"
"4046","aquaHub-660298","9001-52031","Male",1.6,2025-09-17,"2025-09-17 12:52"
"4047","aquaHub-660298","9001-52039","Male",170,2025-09-17,"2025-09-17 12:52"
"4048","aquaHub-660298","9001-52039","Male",170,2025-09-17,"2025-09-17 12:54"
"4049","aquaHub-660298","9001-52036","Male",161,2025-09-17,"2025-09-17 12:56"
"4050","aquaHub-660298","9001-52039","Male",170,2025-09-17,"2025-09-17 12:57"
"4051","aquaHub-660298","9001-52039","Male",170,2025-09-17,"2025-09-17 12:59"
"4052","aquaHub-660298","9001-52036","Male",161,2025-09-17,"2025-09-17 12:59"
"4053","aquaHub-660298","9001-26747","Male",1.4,2025-09-17,"2025-09-17 13:00"
"4054","aquaHub-660298","9001-52031","Male",1.6,2025-09-17,"2025-09-17 13:00"
"4055","aquaHub-660298","9001-52036","Male",161,2025-09-17,"2025-09-17 13:01"
"4056","aquaHub-660298","9001-52031","Male",1.6,2025-09-17,"2025-09-17 13:03"
"4057","aquaHub-660298","9001-16704","Unknown",2.1,2025-09-17,"2025-09-17 13:04"
"4058","aquaHub-660298","9001-52036","Male",161,2025-09-17,"2025-09-17 13:06"
"4059","aquaHub-660298","9001-52039","Male",170,2025-09-17,"2025-09-17 13:09"
"4060","aquaHub-660298","9001-16704","Unknown",2.1,2025-09-17,"2025-09-17 13:10"
"4061","aquaHub-660298","9001-52039","Male",170,2025-09-17,"2025-09-17 13:13"
"4062","aquaHub-660298","9001-16704","Unknown",2.1,2025-09-17,"2025-09-17 13:16"
"4063","aquaHub-660298","9001-16704","Unknown",2.1,2025-09-17,"2025-09-17 13:18"
"4064","aquaHub-660298","9001-52039","Male",170,2025-09-17,"2025-09-17 13:26"
"4065","aquaHub-660298","9001-52039","Male",170,2025-09-17,"2025-09-17 13:38"
"4066","aquaHub-660298","9001-52039","Male",170,2025-09-17,"2025-09-17 13:43"
"4067","aquaHub-660298","9001-52039","Male",170,2025-09-17,"2025-09-17 13:45"
"4068","aquaHub-660298","9001-52039","Male",170,2025-09-17,"2025-09-17 13:47"
"4069","aquaHub-660298","9001-52039","Male",170,2025-09-17,"2025-09-17 13:49"
"4070","aquaHub-660298","9001-52039","Male",170,2025-09-17,"2025-09-17 13:50"
"4071","aquaHub-660298","9001-52039","Male",170,2025-09-17,"2025-09-17 13:53"
"4072","aquaHub-660298","9001-52039","Male",170,2025-09-17,"2025-09-17 13:59"
"4073","aquaHub-660298","9001-52039","Male",170,2025-09-17,"2025-09-17 14:04"
"4074","aquaHub-660298","9001-52039","Male",170,2025-09-17,"2025-09-17 14:07"
"4075","aquaHub-660298","9001-52039","Male",170,2025-09-17,"2025-09-17 14:16"
"4076","aquaHub-660298","9001-52039","Male",170,2025-09-17,"2025-09-17 14:18"
"4077","aquaHub-660298","9001-52039","Male",170,2025-09-17,"2025-09-17 14:21"
"4078","aquaHub-660298","9001-52039","Male",170,2025-09-17,"2025-09-17 14:24"
"4079","aquaHub-660298","9001-52039","Male",170,2025-09-17,"2025-09-17 14:25"
"4080","aquaHub-660298","9001-52039","Male",170,2025-09-17,"2025-09-17 14:27"
"4081","aquaHub-660298","9001-52039","Male",170,2025-09-17,"2025-09-17 14:30"
"4082","aquaHub-660298","9001-52031","Male",1.6,2025-09-17,"2025-09-17 14:40"
"4083","aquaHub-660298","9001-52031","Male",1.6,2025-09-17,"2025-09-17 14:45"
"4084","aquaHub-660298","9001-52039","Male",170,2025-09-17,"2025-09-17 15:00"
"4085","aquaHub-660298","9001-52031","Male",1.6,2025-09-17,"2025-09-17 15:06"
"4086","aquaHub-660298","9001-52039","Male",170,2025-09-17,"2025-09-17 15:07"
"4087","aquaHub-660298","9001-52036","Male",161,2025-09-17,"2025-09-17 15:09"
"4088","aquaHub-660298","9001-52031","Male",1.6,2025-09-17,"2025-09-17 15:16"
"4089","aquaHub-660298","9001-52039","Male",170,2025-09-17,"2025-09-17 15:18"
"4090","aquaHub-660298","9001-52031","Male",1.6,2025-09-17,"2025-09-17 15:20"
"4091","aquaHub-660298","9001-52039","Male",170,2025-09-17,"2025-09-17 15:22"
"4092","aquaHub-660298","9001-26756","Male",1.6,2025-09-17,"2025-09-17 15:25"
"4093","aquaHub-660298","9001-52031","Male",1.6,2025-09-17,"2025-09-17 15:26"
"4094","aquaHub-660298","9001-52039","Male",170,2025-09-17,"2025-09-17 15:26"
"4095","aquaHub-660298","9001-52039","Male",170,2025-09-17,"2025-09-17 15:28"
"4096","aquaHub-660298","9001-52039","Male",170,2025-09-17,"2025-09-17 15:30"
"4097","aquaHub-660298","9001-52031","Male",1.6,2025-09-17,"2025-09-17 15:31"
"4098","aquaHub-660298","9001-52036","Male",161,2025-09-17,"2025-09-17 15:32"
"4099","aquaHub-660298","9001-52031","Male",1.6,2025-09-17,"2025-09-17 15:34"
"4100","aquaHub-660298","9001-52036","Male",161,2025-09-17,"2025-09-17 15:36"
"4101","aquaHub-660298","9001-52031","Male",1.6,2025-09-17,"2025-09-17 15:37"
"4102","aquaHub-660298","9001-52039","Male",170,2025-09-17,"2025-09-17 15:38"
"4103","aquaHub-660298","9001-52031","Male",1.6,2025-09-17,"2025-09-17 15:39"
"4104","aquaHub-660298","9001-52039","Male",170,2025-09-17,"2025-09-17 15:43"
"4105","aquaHub-660298","9001-52039","Male",170,2025-09-17,"2025-09-17 15:44"
"4106","aquaHub-660298","9001-52031","Male",1.6,2025-09-17,"2025-09-17 15:45"
"4107","aquaHub-660298","9001-52036","Male",161,2025-09-17,"2025-09-17 15:45"
"4108","aquaHub-660298","9001-52039","Male",170,2025-09-17,"2025-09-17 15:46"
"4109","aquaHub-660298","9001-52036","Male",161,2025-09-17,"2025-09-17 15:48"
"4110","aquaHub-660298","9001-52039","Male",170,2025-09-17,"2025-09-17 15:48"
"4111","aquaHub-660298","9001-52036","Male",161,2025-09-17,"2025-09-17 15:49"
"4112","aquaHub-660298","9001-52031","Male",1.6,2025-09-17,"2025-09-17 15:50"
"4113","aquaHub-660298","9001-52039","Male",170,2025-09-17,"2025-09-17 15:50"
"4114","aquaHub-660298","9001-52036","Male",161,2025-09-17,"2025-09-17 15:51"
"4115","aquaHub-660298","9001-52039","Male",170,2025-09-17,"2025-09-17 15:53"
"4116","aquaHub-660298","9001-52036","Male",161,2025-09-17,"2025-09-17 15:53"
"4117","aquaHub-660298","9001-52036","Male",161,2025-09-17,"2025-09-17 15:55"
"4118","aquaHub-660298","9001-52029","Male",1.5,2025-09-17,"2025-09-17 15:56"
"4119","aquaHub-660298","9001-52036","Male",161,2025-09-17,"2025-09-17 15:57"
"4120","aquaHub-660298","9001-52029","Male",1.5,2025-09-17,"2025-09-17 15:58"
"4121","aquaHub-660298","9001-52029","Male",1.5,2025-09-17,"2025-09-17 16:00"
"4122","aquaHub-660298","9001-52029","Male",1.5,2025-09-17,"2025-09-17 16:03"
"4123","aquaHub-660298","9001-52029","Male",1.5,2025-09-17,"2025-09-17 16:04"
"4124","aquaHub-660298","9001-52039","Male",170,2025-09-17,"2025-09-17 16:05"
"4125","aquaHub-660298","9001-52036","Male",161,2025-09-17,"2025-09-17 16:05"
"4126","aquaHub-661033","9001-43287","Female",201,2025-09-17,"2025-09-17 16:07"
"4127","aquaHub-660298","9001-52029","Male",1.5,2025-09-17,"2025-09-17 16:07"
"4128","aquaHub-660298","9001-52029","Male",1.5,2025-09-17,"2025-09-17 16:13"
"4129","aquaHub-661033","9001-43287","Female",201,2025-09-17,"2025-09-17 16:14"
"4130","aquaHub-660298","9001-52039","Male",170,2025-09-17,"2025-09-17 16:15"
"4131","aquaHub-660298","9001-52029","Male",1.5,2025-09-17,"2025-09-17 16:16"
"4132","aquaHub-660298","9001-26756","Male",1.6,2025-09-17,"2025-09-17 16:16"
"4133","aquaHub-660298","9001-52039","Male",170,2025-09-17,"2025-09-17 16:16"
"4134","aquaHub-661033","9001-43287","Female",201,2025-09-17,"2025-09-17 16:18"
"4135","aquaHub-661033","9001-43287","Female",201,2025-09-17,"2025-09-17 16:20"
"4136","aquaHub-660298","9001-52031","Male",1.6,2025-09-17,"2025-09-17 16:20"
"4137","aquaHub-661033","9001-43287","Female",201,2025-09-17,"2025-09-17 16:21"
"4138","aquaHub-660298","9001-52029","Male",1.5,2025-09-17,"2025-09-17 16:23"
"4139","aquaHub-661033","9001-43287","Female",201,2025-09-17,"2025-09-17 16:23"
"4140","aquaHub-660298","9001-52029","Male",1.5,2025-09-17,"2025-09-17 16:25"
"4141","aquaHub-660298","9001-52029","Male",1.5,2025-09-17,"2025-09-17 16:27"
"4142","aquaHub-661033","9001-43287","Female",201,2025-09-17,"2025-09-17 16:30"
"4143","aquaHub-661033","9001-43287","Female",201,2025-09-17,"2025-09-17 16:32"
"4144","aquaHub-660298","9001-52029","Male",1.5,2025-09-17,"2025-09-17 16:34"
"4145","aquaHub-661033","9001-43287","Female",201,2025-09-17,"2025-09-17 16:34"
"4146","aquaHub-661033","9001-43287","Female",201,2025-09-17,"2025-09-17 16:35"
"4147","aquaHub-660298","9001-52029","Male",1.5,2025-09-17,"2025-09-17 16:37"
"4148","aquaHub-661033","9001-43287","Female",201,2025-09-17,"2025-09-17 16:37"
"4149","aquaHub-661033","9001-43287","Female",201,2025-09-17,"2025-09-17 16:38"
"4150","aquaHub-660298","9001-52029","Male",1.5,2025-09-17,"2025-09-17 16:39"
"4151","aquaHub-661033","9001-43287","Female",201,2025-09-17,"2025-09-17 16:40"
"4152","aquaHub-660298","9001-52029","Male",1.5,2025-09-17,"2025-09-17 16:42"
"4153","aquaHub-660298","9001-52029","Male",1.5,2025-09-17,"2025-09-17 16:45"
"4154","aquaHub-661033","9001-43287","Female",201,2025-09-17,"2025-09-17 16:45"
"4155","aquaHub-661033","9001-43287","Female",201,2025-09-17,"2025-09-17 16:47"
"4156","aquaHub-660298","9001-52039","Male",170,2025-09-17,"2025-09-17 16:52"
"4157","aquaHub-660298","9001-52039","Male",170,2025-09-17,"2025-09-17 16:55"
"4158","aquaHub-661033","9001-43287","Female",201,2025-09-17,"2025-09-17 16:55"
"4159","aquaHub-660298","9001-52039","Male",170,2025-09-17,"2025-09-17 16:56"
"4160","aquaHub-660298","9001-52039","Male",170,2025-09-17,"2025-09-17 16:58"
"4161","aquaHub-660298","9001-52031","Male",1.6,2025-09-17,"2025-09-17 16:59"
"4162","aquaHub-660298","9001-52039","Male",170,2025-09-17,"2025-09-17 17:01"
"4163","aquaHub-660298","9001-52029","Male",1.5,2025-09-17,"2025-09-17 17:02"
"4164","aquaHub-660298","9001-52036","Male",161,2025-09-17,"2025-09-17 17:03"
"4165","aquaHub-660298","9001-52031","Male",1.6,2025-09-17,"2025-09-17 17:04"
"4166","aquaHub-661033","9001-43287","Female",201,2025-09-17,"2025-09-17 17:05"
"4167","aquaHub-660298","9001-52029","Male",1.5,2025-09-17,"2025-09-17 17:05"
"4168","aquaHub-660298","9001-52036","Male",161,2025-09-17,"2025-09-17 17:05"
"4169","aquaHub-661033","9001-43287","Female",201,2025-09-17,"2025-09-17 17:07"
"4170","aquaHub-660298","9001-16704","Unknown",2.1,2025-09-17,"2025-09-17 17:07"
"4171","aquaHub-660298","9001-52031","Male",1.6,2025-09-17,"2025-09-17 17:08"
"4172","aquaHub-660298","9001-52029","Male",1.5,2025-09-17,"2025-09-17 17:08"
"4173","aquaHub-661033","9001-43287","Female",201,2025-09-17,"2025-09-17 17:09"
"4174","aquaHub-660298","9001-52029","Male",1.5,2025-09-17,"2025-09-17 17:10"
"4175","aquaHub-660298","9001-52039","Male",170,2025-09-17,"2025-09-17 17:10"
"4176","aquaHub-661033","9001-43287","Female",201,2025-09-17,"2025-09-17 17:11"
"4177","aquaHub-660298","9001-52036","Male",161,2025-09-17,"2025-09-17 17:11"
"4178","aquaHub-661033","9001-43287","Female",201,2025-09-17,"2025-09-17 17:12"
"4179","aquaHub-660298","9001-52039","Male",170,2025-09-17,"2025-09-17 17:13"
"4180","aquaHub-660298","9001-52036","Male",161,2025-09-17,"2025-09-17 17:13"
"4181","aquaHub-661033","9001-43287","Female",201,2025-09-17,"2025-09-17 17:15"
"4182","aquaHub-660298","9001-52039","Male",170,2025-09-17,"2025-09-17 17:15"
"4183","aquaHub-660298","9001-52036","Male",161,2025-09-17,"2025-09-17 17:15"
"4184","aquaHub-660298","9001-52036","Male",161,2025-09-17,"2025-09-17 17:16"
"4185","aquaHub-660298","9001-52039","Male",170,2025-09-17,"2025-09-17 17:19"
"4186","aquaHub-661033","9001-43287","Female",201,2025-09-17,"2025-09-17 17:19"
"4187","aquaHub-660298","9001-52029","Male",1.5,2025-09-17,"2025-09-17 17:22"
"4188","aquaHub-660298","9001-52029","Male",1.5,2025-09-17,"2025-09-17 17:24"
"4189","aquaHub-660298","9001-52029","Male",1.5,2025-09-17,"2025-09-17 17:27"
"4190","aquaHub-660298","9001-52029","Male",1.5,2025-09-17,"2025-09-17 17:34"
"4191","aquaHub-660298","9001-52036","Male",161,2025-09-17,"2025-09-17 17:36"
"4192","aquaHub-661033","9001-43287","Female",201,2025-09-17,"2025-09-17 17:37"
"4193","aquaHub-660298","9001-52029","Male",1.5,2025-09-17,"2025-09-17 17:38"
"4194","aquaHub-660298","9001-52036","Male",161,2025-09-17,"2025-09-17 17:43"
"4195","aquaHub-660298","9001-26756","Male",1.6,2025-09-17,"2025-09-17 17:45"
"4196","aquaHub-660298","9001-52036","Male",161,2025-09-17,"2025-09-17 17:46"
"4197","aquaHub-660298","9001-52029","Male",1.5,2025-09-17,"2025-09-17 17:48"
"4198","aquaHub-660298","9001-26756","Male",1.6,2025-09-17,"2025-09-17 17:49"
"4199","aquaHub-660298","9001-52029","Male",1.5,2025-09-17,"2025-09-17 17:50"
"4200","aquaHub-660298","9001-52036","Male",161,2025-09-17,"2025-09-17 17:51"
"4201","aquaHub-660298","9001-26756","Male",1.6,2025-09-17,"2025-09-17 17:53"
"4202","aquaHub-660298","9001-52036","Male",161,2025-09-17,"2025-09-17 17:53"
"4203","aquaHub-660298","9001-52029","Male",1.5,2025-09-17,"2025-09-17 17:54"
"4204","aquaHub-660298","9001-52029","Male",1.5,2025-09-17,"2025-09-17 17:56"
"4205","aquaHub-660298","9001-52029","Male",1.5,2025-09-17,"2025-09-17 17:59"
"4206","aquaHub-660298","9001-26756","Male",1.6,2025-09-17,"2025-09-17 18:02"
"4207","aquaHub-660298","9001-52031","Male",1.6,2025-09-17,"2025-09-17 18:03"
"4208","aquaHub-660298","9001-52036","Male",161,2025-09-17,"2025-09-17 18:04"
"4209","aquaHub-660298","9001-52029","Male",1.5,2025-09-17,"2025-09-17 18:05"
"4210","aquaHub-660298","9001-52031","Male",1.6,2025-09-17,"2025-09-17 18:07"
"4211","aquaHub-660298","9001-52036","Male",161,2025-09-17,"2025-09-17 18:07"
"4212","aquaHub-660298","9001-52029","Male",1.5,2025-09-17,"2025-09-17 18:07"
"4213","aquaHub-660298","9001-52031","Male",1.6,2025-09-17,"2025-09-17 18:09"
"4214","aquaHub-660298","9001-26756","Male",1.6,2025-09-17,"2025-09-17 18:09"
"4215","aquaHub-660298","9001-16704","Unknown",2.1,2025-09-17,"2025-09-17 18:09"
"4216","aquaHub-660298","9001-52036","Male",161,2025-09-17,"2025-09-17 18:09"
"4217","aquaHub-660298","9001-52029","Male",1.5,2025-09-17,"2025-09-17 18:10"
"4218","aquaHub-660298","9001-52031","Male",1.6,2025-09-17,"2025-09-17 18:11"
"4219","aquaHub-660298","9001-16704","Unknown",2.1,2025-09-17,"2025-09-17 18:13"
"4220","aquaHub-660298","9001-52036","Male",161,2025-09-17,"2025-09-17 18:13"
"4221","aquaHub-660298","9001-52031","Male",1.6,2025-09-17,"2025-09-17 18:13"
"4222","aquaHub-660298","9001-52031","Male",1.6,2025-09-17,"2025-09-17 18:15"
"4223","aquaHub-660298","9001-52029","Male",1.5,2025-09-17,"2025-09-17 18:15"
"4224","aquaHub-660298","9001-26756","Male",1.6,2025-09-17,"2025-09-17 18:16"
"4225","aquaHub-660298","9001-52036","Male",161,2025-09-17,"2025-09-17 18:16"
"4226","aquaHub-660298","9001-52031","Male",1.6,2025-09-17,"2025-09-17 18:16"
"4227","aquaHub-660298","9001-52031","Male",1.6,2025-09-17,"2025-09-17 18:20"
"4228","aquaHub-660298","9001-52036","Male",161,2025-09-17,"2025-09-17 18:23"
"4229","aquaHub-660298","9001-52031","Male",1.6,2025-09-17,"2025-09-17 18:24"
"4230","aquaHub-660298","9001-16704","Unknown",2.1,2025-09-17,"2025-09-17 18:25"
"4231","aquaHub-660298","9001-52036","Male",161,2025-09-17,"2025-09-17 18:26"
"4232","aquaHub-660298","9001-16704","Unknown",2.1,2025-09-17,"2025-09-17 18:27"
"4233","aquaHub-660298","9001-52031","Male",1.6,2025-09-17,"2025-09-17 18:30"
"4234","aquaHub-660298","9001-16704","Unknown",2.1,2025-09-17,"2025-09-17 18:31"
"4235","aquaHub-660298","9001-52036","Male",161,2025-09-17,"2025-09-17 18:33"
"4236","aquaHub-660298","9001-52036","Male",161,2025-09-17,"2025-09-17 18:35"
"4237","aquaHub-660298","9001-52036","Male",161,2025-09-17,"2025-09-17 18:38"
"4238","aquaHub-660298","9001-52036","Male",161,2025-09-17,"2025-09-17 18:40"
"4239","aquaHub-660298","9001-52031","Male",1.6,2025-09-17,"2025-09-17 18:47"
"4240","aquaHub-660298","9001-52036","Male",161,2025-09-17,"2025-09-17 18:52"
"4241","aquaHub-660298","9001-52036","Male",161,2025-09-17,"2025-09-17 18:54"
"4242","aquaHub-660298","9001-52031","Male",1.6,2025-09-17,"2025-09-17 18:54"
"4243","aquaHub-660298","9001-52036","Male",161,2025-09-17,"2025-09-17 18:56"
"4244","aquaHub-660298","9001-52031","Male",1.6,2025-09-17,"2025-09-17 18:56"
"4245","aquaHub-660298","9001-16704","Unknown",2.1,2025-09-17,"2025-09-17 18:56"
"4246","aquaHub-660298","9001-52036","Male",161,2025-09-17,"2025-09-17 19:00"
"4247","aquaHub-660298","9001-52036","Male",161,2025-09-17,"2025-09-17 19:02"
"4248","aquaHub-660298","9001-52031","Male",1.6,2025-09-17,"2025-09-17 19:02"
"4249","aquaHub-660298","9001-52039","Male",170,2025-09-17,"2025-09-17 19:05"
"4250","aquaHub-660298","9001-52031","Male",1.6,2025-09-17,"2025-09-17 19:06"
"4251","aquaHub-660298","9001-52036","Male",161,2025-09-17,"2025-09-17 19:06"
"4252","aquaHub-660298","9001-52039","Male",170,2025-09-17,"2025-09-17 19:07"
"4253","aquaHub-660298","9001-52031","Male",1.6,2025-09-17,"2025-09-17 19:07"
"4254","aquaHub-660298","9001-52031","Male",1.6,2025-09-17,"2025-09-17 19:09"
"4255","aquaHub-660298","9001-52039","Male",170,2025-09-17,"2025-09-17 19:10"
"4256","aquaHub-660298","9001-52036","Male",161,2025-09-17,"2025-09-17 19:10"
"4257","aquaHub-660298","9001-52031","Male",1.6,2025-09-17,"2025-09-17 19:11"
"4258","aquaHub-660298","9001-52039","Male",170,2025-09-17,"2025-09-17 19:12"
"4259","aquaHub-660298","9001-52036","Male",161,2025-09-17,"2025-09-17 19:13"
"4260","aquaHub-660298","9001-52031","Male",1.6,2025-09-17,"2025-09-17 19:13"
"4261","aquaHub-660298","9001-52036","Male",161,2025-09-17,"2025-09-17 19:17"
"4262","aquaHub-660298","9001-52039","Male",170,2025-09-17,"2025-09-17 19:19"
"4263","aquaHub-660298","9001-52036","Male",161,2025-09-17,"2025-09-17 19:21"
"4264","aquaHub-660298","9001-52039","Male",170,2025-09-17,"2025-09-17 19:21"
"4265","aquaHub-660298","9001-52036","Male",161,2025-09-17,"2025-09-17 19:23"
"4266","aquaHub-660298","9001-52039","Male",170,2025-09-17,"2025-09-17 19:23"
"4267","aquaHub-660298","9001-52036","Male",161,2025-09-17,"2025-09-17 19:25"
"4268","aquaHub-660110","9001-52043","Male",1.5,2025-09-17,"2025-09-17 19:27"
"4269","aquaHub-660298","9001-52031","Male",1.6,2025-09-17,"2025-09-17 19:27"
"4270","aquaHub-660298","9001-52029","Male",1.5,2025-09-17,"2025-09-17 19:28"
"4271","aquaHub-660110","9001-52043","Male",1.5,2025-09-17,"2025-09-17 19:29"
"4272","aquaHub-660298","9001-52039","Male",170,2025-09-17,"2025-09-17 19:29"
"4273","aquaHub-660298","9001-52036","Male",161,2025-09-17,"2025-09-17 19:30"
"4274","aquaHub-660298","9001-52029","Male",1.5,2025-09-17,"2025-09-17 19:30"
"4275","aquaHub-660110","9001-52043","Male",1.5,2025-09-17,"2025-09-17 19:31"
"4276","aquaHub-660298","9001-52036","Male",161,2025-09-17,"2025-09-17 19:33"
"4277","aquaHub-660110","9001-52043","Male",1.5,2025-09-17,"2025-09-17 19:33"
"4278","aquaHub-660298","9001-52029","Male",1.5,2025-09-17,"2025-09-17 19:34"
"4279","aquaHub-660110","9001-52043","Male",1.5,2025-09-17,"2025-09-17 19:36"
"4280","aquaHub-660298","9001-52039","Male",170,2025-09-17,"2025-09-17 19:37"
"4281","aquaHub-660110","9001-52043","Male",1.5,2025-09-17,"2025-09-17 19:37"
"4282","aquaHub-660298","9001-52036","Male",161,2025-09-17,"2025-09-17 19:38"
"4283","aquaHub-660298","9001-52039","Male",170,2025-09-17,"2025-09-17 19:39"
"4284","aquaHub-660298","9001-52029","Male",1.5,2025-09-17,"2025-09-17 19:39"
"4285","aquaHub-660110","9001-52043","Male",1.5,2025-09-17,"2025-09-17 19:39"
"4286","aquaHub-660298","9001-16704","Unknown",2.1,2025-09-17,"2025-09-17 19:40"
"4287","aquaHub-660298","9001-52036","Male",161,2025-09-17,"2025-09-17 19:42"
"4288","aquaHub-660298","9001-52029","Male",1.5,2025-09-17,"2025-09-17 19:43"
"4289","aquaHub-660298","9001-52039","Male",170,2025-09-17,"2025-09-17 19:43"
"4290","aquaHub-660298","9001-52036","Male",161,2025-09-17,"2025-09-17 19:44"
"4291","aquaHub-660298","9001-52039","Male",170,2025-09-17,"2025-09-17 19:45"
"4292","aquaHub-660298","9001-16704","Unknown",2.1,2025-09-17,"2025-09-17 19:46"
"4293","aquaHub-660298","9001-52036","Male",161,2025-09-17,"2025-09-17 19:47"
"4294","aquaHub-660298","9001-52029","Male",1.5,2025-09-17,"2025-09-17 19:47"
"4295","aquaHub-660298","9001-52039","Male",170,2025-09-17,"2025-09-17 19:48"
"4296","aquaHub-660298","9001-16704","Unknown",2.1,2025-09-17,"2025-09-17 19:49"
"4297","aquaHub-660298","9001-52029","Male",1.5,2025-09-17,"2025-09-17 19:49"
"4298","aquaHub-660298","9001-52039","Male",170,2025-09-17,"2025-09-17 19:50"
"4299","aquaHub-660298","9001-52036","Male",161,2025-09-17,"2025-09-17 19:52"
"4300","aquaHub-660298","9001-52039","Male",170,2025-09-17,"2025-09-17 19:52"
"4301","aquaHub-660298","9001-52029","Male",1.5,2025-09-17,"2025-09-17 19:53"
"4302","aquaHub-660298","9001-52036","Male",161,2025-09-17,"2025-09-17 19:55"
"4303","aquaHub-660298","9001-52039","Male",170,2025-09-17,"2025-09-17 19:55"
"4304","aquaHub-660298","9001-52029","Male",1.5,2025-09-17,"2025-09-17 19:55"
"4305","aquaHub-660298","9001-52036","Male",161,2025-09-17,"2025-09-17 19:57"
"4306","aquaHub-660298","9001-52029","Male",1.5,2025-09-17,"2025-09-17 19:57"
"4307","aquaHub-660298","9001-52029","Male",1.5,2025-09-17,"2025-09-17 20:03"
"4308","aquaHub-660298","9001-52029","Male",1.5,2025-09-17,"2025-09-17 20:06"
"4309","aquaHub-660298","9001-52029","Male",1.5,2025-09-17,"2025-09-17 20:11"
"4310","aquaHub-660298","9001-52029","Male",1.5,2025-09-17,"2025-09-17 20:14"
"4311","aquaHub-660298","9001-16704","Unknown",2.1,2025-09-17,"2025-09-17 20:14"
"4312","aquaHub-660298","9001-52029","Male",1.5,2025-09-17,"2025-09-17 20:16"
"4313","aquaHub-660298","9001-52029","Male",1.5,2025-09-17,"2025-09-17 20:18"
"4314","aquaHub-660298","9001-16704","Unknown",2.1,2025-09-17,"2025-09-17 20:19"
"4315","aquaHub-660298","9001-52029","Male",1.5,2025-09-17,"2025-09-17 20:20"
"4316","aquaHub-660298","9001-52029","Male",1.5,2025-09-17,"2025-09-17 20:22"
"4317","aquaHub-660298","9001-52039","Male",170,2025-09-17,"2025-09-17 20:25"
"4318","aquaHub-660298","9001-16704","Unknown",2.1,2025-09-17,"2025-09-17 20:26"
"4319","aquaHub-660298","9001-52029","Male",1.5,2025-09-17,"2025-09-17 20:27"
"4320","aquaHub-660298","9001-16704","Unknown",2.1,2025-09-17,"2025-09-17 20:28"
"4321","aquaHub-660298","9001-52039","Male",170,2025-09-17,"2025-09-17 20:29"
"4322","aquaHub-660273","9001-52043","Male",1.5,2025-09-17,"2025-09-17 20:29"
"4323","aquaHub-660298","9001-16704","Unknown",2.1,2025-09-17,"2025-09-17 20:30"
"4324","aquaHub-660298","9001-52039","Male",170,2025-09-17,"2025-09-17 20:31"
"4325","aquaHub-660298","9001-16704","Unknown",2.1,2025-09-17,"2025-09-17 20:31"
"4326","aquaHub-660273","9001-52043","Male",1.5,2025-09-17,"2025-09-17 20:33"
"4327","aquaHub-660298","9001-16704","Unknown",2.1,2025-09-17,"2025-09-17 20:33"
"4328","aquaHub-660298","9001-52039","Male",170,2025-09-17,"2025-09-17 20:38"
"4329","aquaHub-660273","9001-52043","Male",1.5,2025-09-17,"2025-09-17 20:41"
"4330","aquaHub-660298","9001-52039","Male",170,2025-09-17,"2025-09-17 20:44"
"4331","aquaHub-660273","9001-52043","Male",1.5,2025-09-17,"2025-09-17 20:44"
"4332","aquaHub-660298","9001-16704","Unknown",2.1,2025-09-17,"2025-09-17 20:46"
"4333","aquaHub-660298","9001-52036","Male",161,2025-09-17,"2025-09-17 20:47"
"4334","aquaHub-660298","9001-52039","Male",170,2025-09-17,"2025-09-17 20:49"
"4335","aquaHub-660298","9001-52029","Male",1.5,2025-09-17,"2025-09-17 20:51"
"4336","aquaHub-660298","9001-52036","Male",161,2025-09-17,"2025-09-17 20:52"
"4337","aquaHub-660298","9001-52029","Male",1.5,2025-09-17,"2025-09-17 20:54"
"4338","aquaHub-660298","9001-52029","Male",1.5,2025-09-17,"2025-09-17 20:56"
"4339","aquaHub-660298","9001-52029","Male",1.5,2025-09-17,"2025-09-17 20:57"
"4340","aquaHub-660298","9001-52029","Male",1.5,2025-09-17,"2025-09-17 20:59"
"4341","aquaHub-660298","9001-52039","Male",170,2025-09-17,"2025-09-17 20:59"
"4342","aquaHub-660298","9001-52039","Male",170,2025-09-17,"2025-09-17 21:01"
"4343","aquaHub-660298","9001-52036","Male",161,2025-09-17,"2025-09-17 21:02"
"4344","aquaHub-660298","9001-52036","Male",161,2025-09-17,"2025-09-17 21:04"
"4345","aquaHub-660298","9001-16704","Unknown",2.1,2025-09-17,"2025-09-17 21:05"
"4346","aquaHub-660298","9001-52029","Male",1.5,2025-09-17,"2025-09-17 21:06"
"4347","aquaHub-660298","9001-52036","Male",161,2025-09-17,"2025-09-17 21:06"
"4348","aquaHub-660298","9001-52039","Male",170,2025-09-17,"2025-09-17 21:09"
"4349","aquaHub-660298","9001-52029","Male",1.5,2025-09-17,"2025-09-17 21:10"
"4350","aquaHub-660298","9001-52036","Male",161,2025-09-17,"2025-09-17 21:13"
"4351","aquaHub-660298","9001-52039","Male",170,2025-09-17,"2025-09-17 21:14"
"4352","aquaHub-660298","9001-52036","Male",161,2025-09-17,"2025-09-17 21:15"
"4353","aquaHub-660298","9001-52036","Male",161,2025-09-17,"2025-09-17 21:17"
"4354","aquaHub-660298","9001-52029","Male",1.5,2025-09-17,"2025-09-17 21:18"
"4355","aquaHub-660298","9001-52036","Male",161,2025-09-17,"2025-09-17 21:19"
"4356","aquaHub-660298","9001-52029","Male",1.5,2025-09-17,"2025-09-17 21:21"
"4357","aquaHub-660298","9001-52036","Male",161,2025-09-17,"2025-09-17 21:21"
"4358","aquaHub-660298","9001-52029","Male",1.5,2025-09-17,"2025-09-17 21:22"
"4359","aquaHub-660298","9001-52036","Male",161,2025-09-17,"2025-09-17 21:23"
"4360","aquaHub-660298","9001-52039","Male",170,2025-09-17,"2025-09-17 21:24"
"4361","aquaHub-660298","9001-52029","Male",1.5,2025-09-17,"2025-09-17 21:25"
"4362","aquaHub-660298","9001-52039","Male",170,2025-09-17,"2025-09-17 21:26"
"4363","aquaHub-660298","9001-52036","Male",161,2025-09-17,"2025-09-17 21:27"
"4364","aquaHub-660298","9001-52029","Male",1.5,2025-09-17,"2025-09-17 21:27"
"4365","aquaHub-660298","9001-52029","Male",1.5,2025-09-17,"2025-09-17 21:30"
"4366","aquaHub-660298","9001-16704","Unknown",2.1,2025-09-17,"2025-09-17 21:31"
"4367","aquaHub-660298","9001-52036","Male",161,2025-09-17,"2025-09-17 21:31"
"4368","aquaHub-660298","9001-52039","Male",170,2025-09-17,"2025-09-17 21:32"
"4369","aquaHub-660298","9001-52029","Male",1.5,2025-09-17,"2025-09-17 21:32"
"4370","aquaHub-660298","9001-16704","Unknown",2.1,2025-09-17,"2025-09-17 21:34"
"4371","aquaHub-660298","9001-52036","Male",161,2025-09-17,"2025-09-17 21:35"
"4372","aquaHub-660298","9001-16704","Unknown",2.1,2025-09-17,"2025-09-17 21:36"
"4373","aquaHub-660298","9001-52029","Male",1.5,2025-09-17,"2025-09-17 21:36"
"4374","aquaHub-660298","9001-52036","Male",161,2025-09-17,"2025-09-17 21:37"
"4375","aquaHub-660298","9001-52039","Male",170,2025-09-17,"2025-09-17 21:38"
"4376","aquaHub-660298","9001-52029","Male",1.5,2025-09-17,"2025-09-17 21:38"
"4377","aquaHub-660298","9001-52036","Male",161,2025-09-17,"2025-09-17 21:40"
"4378","aquaHub-660298","9001-52036","Male",161,2025-09-17,"2025-09-17 21:42"
"4379","aquaHub-660298","9001-52029","Male",1.5,2025-09-17,"2025-09-17 21:43"
"4380","aquaHub-660298","9001-52039","Male",170,2025-09-17,"2025-09-17 21:44"
"4381","aquaHub-660298","9001-52029","Male",1.5,2025-09-17,"2025-09-17 21:45"
"4382","aquaHub-660298","9001-52036","Male",161,2025-09-17,"2025-09-17 21:46"
"4383","aquaHub-660298","9001-16704","Unknown",2.1,2025-09-17,"2025-09-17 21:47"
"4384","aquaHub-660298","9001-52029","Male",1.5,2025-09-17,"2025-09-17 21:48"
"4385","aquaHub-660298","9001-52029","Male",1.5,2025-09-17,"2025-09-17 21:50"
"4386","aquaHub-660298","9001-52039","Male",170,2025-09-17,"2025-09-17 21:50"
"4387","aquaHub-660298","9001-16704","Unknown",2.1,2025-09-17,"2025-09-17 21:52"
"4388","aquaHub-660298","9001-52029","Male",1.5,2025-09-17,"2025-09-17 21:52"
"4389","aquaHub-660298","9001-52029","Male",1.5,2025-09-17,"2025-09-17 21:54"
"4390","aquaHub-660298","9001-52029","Male",1.5,2025-09-17,"2025-09-17 21:56"
"4391","aquaHub-660298","9001-52039","Male",170,2025-09-17,"2025-09-17 21:56"
"4392","aquaHub-660298","9001-16704","Unknown",2.1,2025-09-17,"2025-09-17 21:59"
"4393","aquaHub-660298","9001-16704","Unknown",2.1,2025-09-17,"2025-09-17 22:00"
"4394","aquaHub-660298","9001-52029","Male",1.5,2025-09-17,"2025-09-17 22:00"
"4395","aquaHub-660298","9001-16704","Unknown",2.1,2025-09-17,"2025-09-17 22:02"
"4396","aquaHub-660298","9001-16704","Unknown",2.1,2025-09-17,"2025-09-17 22:03"
"4397","aquaHub-660273","9001-52043","Male",1.5,2025-09-17,"2025-09-17 22:04"
"4398","aquaHub-660298","9001-52036","Male",161,2025-09-17,"2025-09-17 22:06"
"4399","aquaHub-660273","9001-52043","Male",1.5,2025-09-17,"2025-09-17 22:07"
"4400","aquaHub-660298","9001-16704","Unknown",2.1,2025-09-17,"2025-09-17 22:07"
"4401","aquaHub-660273","9001-52043","Male",1.5,2025-09-17,"2025-09-17 22:08"
"4402","aquaHub-660298","9001-52036","Male",161,2025-09-17,"2025-09-17 22:10"
"4403","aquaHub-660298","9001-52036","Male",161,2025-09-17,"2025-09-17 22:12"
"4404","aquaHub-660298","9001-52036","Male",161,2025-09-17,"2025-09-17 22:15"
"4405","aquaHub-660298","9001-52036","Male",161,2025-09-17,"2025-09-17 22:18"
"4406","aquaHub-660298","9001-52039","Male",170,2025-09-17,"2025-09-17 22:18"
"4407","aquaHub-660298","9001-52029","Male",1.5,2025-09-17,"2025-09-17 22:18"
"4408","aquaHub-660298","9001-52039","Male",170,2025-09-17,"2025-09-17 22:20"
"4409","aquaHub-660298","9001-52039","Male",170,2025-09-17,"2025-09-17 22:22"
"4410","aquaHub-660298","9001-52036","Male",161,2025-09-17,"2025-09-17 22:23"
"4411","aquaHub-660298","9001-52029","Male",1.5,2025-09-17,"2025-09-17 22:23"
"4412","aquaHub-660298","9001-52039","Male",170,2025-09-17,"2025-09-17 22:24"
"4413","aquaHub-660298","9001-52036","Male",161,2025-09-17,"2025-09-17 22:25"
"4414","aquaHub-660298","9001-52029","Male",1.5,2025-09-17,"2025-09-17 22:25"
"4415","aquaHub-660273","9001-52022","Male",1.6,2025-09-17,"2025-09-17 22:26"
"4416","aquaHub-660298","9001-16704","Unknown",2.1,2025-09-17,"2025-09-17 22:26"
"4417","aquaHub-660298","9001-52039","Male",170,2025-09-17,"2025-09-17 22:27"
"4418","aquaHub-660298","9001-52036","Male",161,2025-09-17,"2025-09-17 22:27"
"4419","aquaHub-660273","9001-52022","Male",1.6,2025-09-17,"2025-09-17 22:27"
"4420","aquaHub-660298","9001-52029","Male",1.5,2025-09-17,"2025-09-17 22:28"
"4421","aquaHub-660273","9001-52043","Male",1.5,2025-09-17,"2025-09-17 22:29"
"4422","aquaHub-660273","9001-52022","Male",1.6,2025-09-17,"2025-09-17 22:30"
"4423","aquaHub-660298","9001-52036","Male",161,2025-09-17,"2025-09-17 22:30"
"4424","aquaHub-660273","9001-52022","Male",1.6,2025-09-17,"2025-09-17 22:31"
"4425","aquaHub-660298","9001-52029","Male",1.5,2025-09-17,"2025-09-17 22:33"
"4426","aquaHub-660273","9001-52022","Male",1.6,2025-09-17,"2025-09-17 22:33"
"4427","aquaHub-660273","9001-52022","Male",1.6,2025-09-17,"2025-09-17 22:35"
"4428","aquaHub-660298","9001-16704","Unknown",2.1,2025-09-17,"2025-09-17 22:37"
"4429","aquaHub-660298","9001-52029","Male",1.5,2025-09-17,"2025-09-17 22:38"
"4430","aquaHub-660273","9001-28297","Male",1.6,2025-09-17,"2025-09-17 22:39"
"4431","aquaHub-660298","9001-52036","Male",161,2025-09-17,"2025-09-17 22:40"
"4432","aquaHub-660298","9001-52039","Male",170,2025-09-17,"2025-09-17 22:41"
"4433","aquaHub-660298","9001-52036","Male",161,2025-09-17,"2025-09-17 22:42"
"4434","aquaHub-660273","9001-28297","Male",1.6,2025-09-17,"2025-09-17 22:42"
"4435","aquaHub-660298","9001-26747","Male",1.4,2025-09-17,"2025-09-17 22:43"
"4436","aquaHub-660298","9001-16704","Unknown",2.1,2025-09-17,"2025-09-17 22:44"
"4437","aquaHub-660298","9001-52039","Male",170,2025-09-17,"2025-09-17 22:45"
"4438","aquaHub-660273","9001-28297","Male",1.6,2025-09-17,"2025-09-17 22:45"
"4439","aquaHub-660298","9001-16704","Unknown",2.1,2025-09-17,"2025-09-17 22:46"
"4440","aquaHub-660298","9001-52029","Male",1.5,2025-09-17,"2025-09-17 22:46"
"4441","aquaHub-660298","9001-52029","Male",1.5,2025-09-17,"2025-09-17 22:48"
"4442","aquaHub-660273","9001-28297","Male",1.6,2025-09-17,"2025-09-17 22:48"
"4443","aquaHub-660298","9001-52036","Male",161,2025-09-17,"2025-09-17 22:49"
"4444","aquaHub-660298","9001-52039","Male",170,2025-09-17,"2025-09-17 22:50"
"4445","aquaHub-660298","9001-52029","Male",1.5,2025-09-17,"2025-09-17 22:50"
"4446","aquaHub-660273","9001-28297","Male",1.6,2025-09-17,"2025-09-17 22:51"
"4447","aquaHub-660298","9001-52039","Male",170,2025-09-17,"2025-09-17 22:52"
"4448","aquaHub-660298","9001-52029","Male",1.5,2025-09-17,"2025-09-17 22:53"
"4449","aquaHub-660298","9001-52036","Male",161,2025-09-17,"2025-09-17 22:53"
"4450","aquaHub-660298","9001-26747","Male",1.4,2025-09-17,"2025-09-17 22:55"
"4451","aquaHub-660298","9001-52039","Male",170,2025-09-17,"2025-09-17 22:55"
"4452","aquaHub-660298","9001-52029","Male",1.5,2025-09-17,"2025-09-17 22:55"
"4453","aquaHub-660298","9001-16704","Unknown",2.1,2025-09-17,"2025-09-17 22:56"
"4454","aquaHub-660298","9001-52039","Male",170,2025-09-17,"2025-09-17 22:57"
"4455","aquaHub-660298","9001-52029","Male",1.5,2025-09-17,"2025-09-17 22:58"
"4456","aquaHub-660298","9001-52039","Male",170,2025-09-17,"2025-09-17 23:00"
"4457","aquaHub-660298","9001-52036","Male",161,2025-09-17,"2025-09-17 23:00"
"4458","aquaHub-660298","9001-16704","Unknown",2.1,2025-09-17,"2025-09-17 23:01"
"4459","aquaHub-660298","9001-52029","Male",1.5,2025-09-17,"2025-09-17 23:02"
"4460","aquaHub-660298","9001-52039","Male",170,2025-09-17,"2025-09-17 23:02"
"4461","aquaHub-660110","9001-52031","Male",1.6,2025-09-17,"2025-09-17 23:02"
"4462","aquaHub-660298","9001-52036","Male",161,2025-09-17,"2025-09-17 23:03"
"4463","aquaHub-660298","9001-52029","Male",1.5,2025-09-17,"2025-09-17 23:03"
"4464","aquaHub-660298","9001-16704","Unknown",2.1,2025-09-17,"2025-09-17 23:04"
"4465","aquaHub-660298","9001-52036","Male",161,2025-09-17,"2025-09-17 23:05"
"4466","aquaHub-660298","9001-52029","Male",1.5,2025-09-17,"2025-09-17 23:05"
"4467","aquaHub-660110","9001-52043","Male",1.5,2025-09-17,"2025-09-17 23:06"
"4468","aquaHub-660298","9001-52039","Male",170,2025-09-17,"2025-09-17 23:07"
"4469","aquaHub-660298","9001-52036","Male",161,2025-09-17,"2025-09-17 23:08"
"4470","aquaHub-660110","9001-52031","Male",1.6,2025-09-17,"2025-09-17 23:08"
"4471","aquaHub-660298","9001-52029","Male",1.5,2025-09-17,"2025-09-17 23:08"
"4472","aquaHub-660110","9001-52043","Male",1.5,2025-09-17,"2025-09-17 23:08"
"4473","aquaHub-660298","9001-16704","Unknown",2.1,2025-09-17,"2025-09-17 23:10"
"4474","aquaHub-660110","9001-52031","Male",1.6,2025-09-17,"2025-09-17 23:10"
"4475","aquaHub-660110","9001-52043","Male",1.5,2025-09-17,"2025-09-17 23:11"
"4476","aquaHub-660298","9001-52039","Male",170,2025-09-17,"2025-09-17 23:11"
"4477","aquaHub-660298","9001-52029","Male",1.5,2025-09-17,"2025-09-17 23:12"
"4478","aquaHub-660110","9001-52031","Male",1.6,2025-09-17,"2025-09-17 23:13"
"4479","aquaHub-660298","9001-16704","Unknown",2.1,2025-09-17,"2025-09-17 23:13"
"4480","aquaHub-660110","9001-52043","Male",1.5,2025-09-17,"2025-09-17 23:13"
"4481","aquaHub-660298","9001-52039","Male",170,2025-09-17,"2025-09-17 23:14"
"4482","aquaHub-660110","9001-52043","Male",1.5,2025-09-17,"2025-09-17 23:14"
"4483","aquaHub-660110","9001-52031","Male",1.6,2025-09-17,"2025-09-17 23:14"
"4484","aquaHub-660298","9001-16704","Unknown",2.1,2025-09-17,"2025-09-17 23:15"
"4485","aquaHub-660298","9001-52029","Male",1.5,2025-09-17,"2025-09-17 23:15"
"4486","aquaHub-660298","9001-52036","Male",161,2025-09-17,"2025-09-17 23:15"
"4487","aquaHub-660110","9001-52043","Male",1.5,2025-09-17,"2025-09-17 23:16"
"4488","aquaHub-660110","9001-52031","Male",1.6,2025-09-17,"2025-09-17 23:17"
"4489","aquaHub-660110","9001-52043","Male",1.5,2025-09-17,"2025-09-17 23:18"
"4490","aquaHub-660298","9001-52029","Male",1.5,2025-09-17,"2025-09-17 23:18"
"4491","aquaHub-660298","9001-52036","Male",161,2025-09-17,"2025-09-17 23:18"
"4492","aquaHub-660298","9001-16704","Unknown",2.1,2025-09-17,"2025-09-17 23:20"
"4493","aquaHub-660298","9001-52036","Male",161,2025-09-17,"2025-09-17 23:20"
"4494","aquaHub-660298","9001-52029","Male",1.5,2025-09-17,"2025-09-17 23:20"
"4495","aquaHub-660298","9001-52039","Male",170,2025-09-17,"2025-09-17 23:20"
"4496","aquaHub-660110","9001-52043","Male",1.5,2025-09-17,"2025-09-17 23:21"
"4497","aquaHub-660298","9001-16704","Unknown",2.1,2025-09-17,"2025-09-17 23:21"
"4498","aquaHub-660298","9001-52036","Male",161,2025-09-17,"2025-09-17 23:22"
"4499","aquaHub-660110","9001-52043","Male",1.5,2025-09-17,"2025-09-17 23:23"
"4500","aquaHub-660298","9001-16704","Unknown",2.1,2025-09-17,"2025-09-17 23:24"
"4501","aquaHub-660298","9001-52036","Male",161,2025-09-17,"2025-09-17 23:25"
"4502","aquaHub-660298","9001-16704","Unknown",2.1,2025-09-17,"2025-09-17 23:25"
"4503","aquaHub-660298","9001-52039","Male",170,2025-09-17,"2025-09-17 23:26"
"4504","aquaHub-660298","9001-52029","Male",1.5,2025-09-17,"2025-09-17 23:30"
"4505","aquaHub-660298","9001-52039","Male",170,2025-09-17,"2025-09-17 23:32"
"4506","aquaHub-660298","9001-52029","Male",1.5,2025-09-17,"2025-09-17 23:32"
"4507","aquaHub-660298","9001-52039","Male",170,2025-09-17,"2025-09-17 23:34"
"4508","aquaHub-660298","9001-16704","Unknown",2.1,2025-09-17,"2025-09-17 23:35"
"4509","aquaHub-660298","9001-52029","Male",1.5,2025-09-17,"2025-09-17 23:35"
"4510","aquaHub-660298","9001-52039","Male",170,2025-09-17,"2025-09-17 23:36"
"4511","aquaHub-660298","9001-26747","Male",1.4,2025-09-17,"2025-09-17 23:37"
"4512","aquaHub-660298","9001-52036","Male",161,2025-09-17,"2025-09-17 23:38"
"4513","aquaHub-660298","9001-52039","Male",170,2025-09-17,"2025-09-17 23:39"
"4514","aquaHub-660298","9001-52029","Male",1.5,2025-09-17,"2025-09-17 23:40"
"4515","aquaHub-660298","9001-52039","Male",170,2025-09-17,"2025-09-17 23:41"
"4516","aquaHub-660298","9001-52029","Male",1.5,2025-09-17,"2025-09-17 23:43"
"4517","aquaHub-660298","9001-52036","Male",161,2025-09-17,"2025-09-17 23:44"
"4518","aquaHub-660298","9001-26747","Male",1.4,2025-09-17,"2025-09-17 23:46"
"4519","aquaHub-660298","9001-16704","Unknown",2.1,2025-09-17,"2025-09-17 23:46"
"4520","aquaHub-660298","9001-52029","Male",1.5,2025-09-17,"2025-09-17 23:47"
"4521","aquaHub-660298","9001-52039","Male",170,2025-09-17,"2025-09-17 23:47"
"4522","aquaHub-660298","9001-52036","Male",161,2025-09-17,"2025-09-17 23:48"
"4523","aquaHub-660298","9001-16704","Unknown",2.1,2025-09-17,"2025-09-17 23:49"
"4524","aquaHub-660298","9001-52029","Male",1.5,2025-09-17,"2025-09-17 23:49"
"4525","aquaHub-660298","9001-52036","Male",161,2025-09-17,"2025-09-17 23:49"
"4526","aquaHub-660298","9001-52029","Male",1.5,2025-09-17,"2025-09-17 23:51"
"4527","aquaHub-660298","9001-16704","Unknown",2.1,2025-09-17,"2025-09-17 23:52"
"4528","aquaHub-660298","9001-52036","Male",161,2025-09-17,"2025-09-17 23:52"
"4529","aquaHub-660298","9001-52039","Male",170,2025-09-17,"2025-09-17 23:53"
"4530","aquaHub-660298","9001-52029","Male",1.5,2025-09-17,"2025-09-17 23:53"
"4531","aquaHub-660298","9001-52039","Male",170,2025-09-17,"2025-09-17 23:56"
"4532","aquaHub-660298","9001-16704","Unknown",2.1,2025-09-17,"2025-09-17 23:58"
"4533","aquaHub-660298","9001-52029","Male",1.5,2025-09-18,"2025-09-18 0:00"
"4534","aquaHub-660298","9001-52039","Male",170,2025-09-18,"2025-09-18 0:03"
"4535","aquaHub-660298","9001-26747","Male",1.4,2025-09-18,"2025-09-18 0:04"
"4536","aquaHub-660298","9001-16704","Unknown",2.1,2025-09-18,"2025-09-18 0:07"
"4537","aquaHub-660298","9001-52039","Male",170,2025-09-18,"2025-09-18 0:08"
"4538","aquaHub-660298","9001-52029","Male",1.5,2025-09-18,"2025-09-18 0:09"
"4539","aquaHub-660298","9001-52029","Male",1.5,2025-09-18,"2025-09-18 0:11"
"4540","aquaHub-660298","9001-52029","Male",1.5,2025-09-18,"2025-09-18 0:13"
"4541","aquaHub-660298","9001-52039","Male",170,2025-09-18,"2025-09-18 0:15"
"4542","aquaHub-660298","9001-52029","Male",1.5,2025-09-18,"2025-09-18 0:15"
"4543","aquaHub-660298","9001-52036","Male",161,2025-09-18,"2025-09-18 0:15"
"4544","aquaHub-660298","9001-52029","Male",1.5,2025-09-18,"2025-09-18 0:17"
"4545","aquaHub-660298","9001-52039","Male",170,2025-09-18,"2025-09-18 0:17"
"4546","aquaHub-660298","9001-52036","Male",161,2025-09-18,"2025-09-18 0:18"
"4547","aquaHub-660298","9001-52029","Male",1.5,2025-09-18,"2025-09-18 0:18"
"4548","aquaHub-660298","9001-52036","Male",161,2025-09-18,"2025-09-18 0:21"
"4549","aquaHub-660298","9001-52039","Male",170,2025-09-18,"2025-09-18 0:22"
"4550","aquaHub-660298","9001-52036","Male",161,2025-09-18,"2025-09-18 0:23"
"4551","aquaHub-660298","9001-52029","Male",1.5,2025-09-18,"2025-09-18 0:23"
"4552","aquaHub-660298","9001-52039","Male",170,2025-09-18,"2025-09-18 0:24"
"4553","aquaHub-660298","9001-52036","Male",161,2025-09-18,"2025-09-18 0:24"
"4554","aquaHub-660298","9001-52029","Male",1.5,2025-09-18,"2025-09-18 0:26"
"4555","aquaHub-660298","9001-52036","Male",161,2025-09-18,"2025-09-18 0:26"
"4556","aquaHub-660298","9001-52039","Male",170,2025-09-18,"2025-09-18 0:27"
"4557","aquaHub-660298","9001-52039","Male",170,2025-09-18,"2025-09-18 0:29"
"4558","aquaHub-660298","9001-52036","Male",161,2025-09-18,"2025-09-18 0:30"
"4559","aquaHub-660298","9001-52036","Male",161,2025-09-18,"2025-09-18 0:31"
"4560","aquaHub-660298","9001-52039","Male",170,2025-09-18,"2025-09-18 0:32"
"4561","aquaHub-660298","9001-52029","Male",1.5,2025-09-18,"2025-09-18 0:33"
"4562","aquaHub-660298","9001-52036","Male",161,2025-09-18,"2025-09-18 0:33"
"4563","aquaHub-660298","9001-52039","Male",170,2025-09-18,"2025-09-18 0:34"
"4564","aquaHub-660298","9001-52036","Male",161,2025-09-18,"2025-09-18 0:37"
"4565","aquaHub-660298","9001-52039","Male",170,2025-09-18,"2025-09-18 0:37"
"4566","aquaHub-660298","9001-52029","Male",1.5,2025-09-18,"2025-09-18 0:38"
"4567","aquaHub-660298","9001-52039","Male",170,2025-09-18,"2025-09-18 0:39"
"4568","aquaHub-660298","9001-52029","Male",1.5,2025-09-18,"2025-09-18 0:40"
"4569","aquaHub-660247","9001-43284","Male",166,2025-09-18,"2025-09-18 0:40"
"4570","aquaHub-660298","9001-52036","Male",161,2025-09-18,"2025-09-18 0:41"
"4571","aquaHub-660298","9001-52036","Male",161,2025-09-18,"2025-09-18 0:42"
"4572","aquaHub-660298","9001-52029","Male",1.5,2025-09-18,"2025-09-18 0:42"
"4573","aquaHub-660298","9001-52039","Male",170,2025-09-18,"2025-09-18 0:43"
"4574","aquaHub-660247","9001-43284","Male",166,2025-09-18,"2025-09-18 0:43"
"4575","aquaHub-660298","9001-52036","Male",161,2025-09-18,"2025-09-18 0:44"
"4576","aquaHub-660298","9001-52029","Male",1.5,2025-09-18,"2025-09-18 0:44"
"4577","aquaHub-660298","9001-52036","Male",161,2025-09-18,"2025-09-18 0:45"
"4578","aquaHub-660298","9001-52029","Male",1.5,2025-09-18,"2025-09-18 0:45"
"4579","aquaHub-660298","9001-52039","Male",170,2025-09-18,"2025-09-18 0:46"
"4580","aquaHub-660298","9001-52029","Male",1.5,2025-09-18,"2025-09-18 0:48"
"4581","aquaHub-660298","9001-52029","Male",1.5,2025-09-18,"2025-09-18 0:50"
"4582","aquaHub-660298","9001-52036","Male",161,2025-09-18,"2025-09-18 0:50"
"4583","aquaHub-660298","9001-52029","Male",1.5,2025-09-18,"2025-09-18 0:52"
"4584","aquaHub-660298","9001-52029","Male",1.5,2025-09-18,"2025-09-18 0:55"
"4585","aquaHub-660298","9001-52036","Male",161,2025-09-18,"2025-09-18 0:55"
"4586","aquaHub-660298","9001-52039","Male",170,2025-09-18,"2025-09-18 0:57"
"4587","aquaHub-660298","9001-52029","Male",1.5,2025-09-18,"2025-09-18 0:57"
"4588","aquaHub-660298","9001-52036","Male",161,2025-09-18,"2025-09-18 0:58"
"4589","aquaHub-660141","9001-43287","Female",201,2025-09-18,"2025-09-18 1:00"
"4590","aquaHub-660141","9001-43287","Female",201,2025-09-18,"2025-09-18 1:02"
"4591","aquaHub-660298","9001-52036","Male",161,2025-09-18,"2025-09-18 1:02"
"4592","aquaHub-660298","9001-52039","Male",170,2025-09-18,"2025-09-18 1:03"
"4593","aquaHub-660141","9001-43287","Female",201,2025-09-18,"2025-09-18 1:04"
"4594","aquaHub-660298","9001-52036","Male",161,2025-09-18,"2025-09-18 1:05"
"4595","aquaHub-660298","9001-52039","Male",170,2025-09-18,"2025-09-18 1:05"
"4596","aquaHub-660298","9001-52029","Male",1.5,2025-09-18,"2025-09-18 1:07"
"4597","aquaHub-660298","9001-52036","Male",161,2025-09-18,"2025-09-18 1:08"
"4598","aquaHub-660298","9001-52039","Male",170,2025-09-18,"2025-09-18 1:08"
"4599","aquaHub-660141","9001-43287","Female",201,2025-09-18,"2025-09-18 1:08"
"4600","aquaHub-660298","9001-52029","Male",1.5,2025-09-18,"2025-09-18 1:09"
"4601","aquaHub-660298","9001-52036","Male",161,2025-09-18,"2025-09-18 1:10"
"4602","aquaHub-660141","9001-43287","Female",201,2025-09-18,"2025-09-18 1:10"
"4603","aquaHub-660298","9001-52029","Male",1.5,2025-09-18,"2025-09-18 1:11"
"4604","aquaHub-660298","9001-52036","Male",161,2025-09-18,"2025-09-18 1:12"
"4605","aquaHub-660141","9001-43287","Female",201,2025-09-18,"2025-09-18 1:12"
"4606","aquaHub-660298","9001-52036","Male",161,2025-09-18,"2025-09-18 1:13"
"4607","aquaHub-660298","9001-52029","Male",1.5,2025-09-18,"2025-09-18 1:14"
"4608","aquaHub-660298","9001-52039","Male",170,2025-09-18,"2025-09-18 1:17"
"4609","aquaHub-660298","9001-52036","Male",161,2025-09-18,"2025-09-18 1:17"
"4610","aquaHub-660298","9001-52029","Male",1.5,2025-09-18,"2025-09-18 1:18"
"4611","aquaHub-660298","9001-52036","Male",161,2025-09-18,"2025-09-18 1:19"
"4612","aquaHub-660298","9001-52039","Male",170,2025-09-18,"2025-09-18 1:19"
"4613","aquaHub-660298","9001-52029","Male",1.5,2025-09-18,"2025-09-18 1:20"
"4614","aquaHub-660298","9001-52036","Male",161,2025-09-18,"2025-09-18 1:20"
"4615","aquaHub-660298","9001-52039","Male",170,2025-09-18,"2025-09-18 1:21"
"4616","aquaHub-660141","9001-43287","Female",201,2025-09-18,"2025-09-18 1:21"
"4617","aquaHub-660298","9001-52029","Male",1.5,2025-09-18,"2025-09-18 1:22"
"4618","aquaHub-660298","9001-52039","Male",170,2025-09-18,"2025-09-18 1:23"
"4619","aquaHub-660298","9001-52029","Male",1.5,2025-09-18,"2025-09-18 1:25"
"4620","aquaHub-660298","9001-52039","Male",170,2025-09-18,"2025-09-18 1:25"
"4621","aquaHub-660298","9001-52029","Male",1.5,2025-09-18,"2025-09-18 1:27"
"4622","aquaHub-660141","9001-43287","Female",201,2025-09-18,"2025-09-18 1:28"
"4623","aquaHub-660298","9001-52036","Male",161,2025-09-18,"2025-09-18 1:30"
"4624","aquaHub-660141","9001-43287","Female",201,2025-09-18,"2025-09-18 1:30"
"4625","aquaHub-660298","9001-52036","Male",161,2025-09-18,"2025-09-18 1:31"
"4626","aquaHub-660298","9001-52029","Male",1.5,2025-09-18,"2025-09-18 1:31"
"4627","aquaHub-660298","9001-52039","Male",170,2025-09-18,"2025-09-18 1:32"
"4628","aquaHub-660141","9001-43287","Female",201,2025-09-18,"2025-09-18 1:33"
"4629","aquaHub-660298","9001-52029","Male",1.5,2025-09-18,"2025-09-18 1:33"
"4630","aquaHub-660298","9001-52036","Male",161,2025-09-18,"2025-09-18 1:34"
"4631","aquaHub-660298","9001-52029","Male",1.5,2025-09-18,"2025-09-18 1:35"
"4632","aquaHub-660141","9001-43287","Female",201,2025-09-18,"2025-09-18 1:35"
"4633","aquaHub-660298","9001-52036","Male",161,2025-09-18,"2025-09-18 1:36"
"4634","aquaHub-660298","9001-52039","Male",170,2025-09-18,"2025-09-18 1:36"
"4635","aquaHub-660298","9001-52039","Male",170,2025-09-18,"2025-09-18 1:37"
"4636","aquaHub-660298","9001-52036","Male",161,2025-09-18,"2025-09-18 1:37"
"4637","aquaHub-660298","9001-52029","Male",1.5,2025-09-18,"2025-09-18 1:38"
"4638","aquaHub-660298","9001-52039","Male",170,2025-09-18,"2025-09-18 1:39"
"4639","aquaHub-660298","9001-52029","Male",1.5,2025-09-18,"2025-09-18 1:40"
"4640","aquaHub-660298","9001-52039","Male",170,2025-09-18,"2025-09-18 1:42"
"4641","aquaHub-660298","9001-52029","Male",1.5,2025-09-18,"2025-09-18 1:43"
"4642","aquaHub-660298","9001-52029","Male",1.5,2025-09-18,"2025-09-18 1:45"
"4643","aquaHub-660298","9001-52036","Male",161,2025-09-18,"2025-09-18 1:46"
"4644","aquaHub-660298","9001-52029","Male",1.5,2025-09-18,"2025-09-18 1:47"
"4645","aquaHub-660298","9001-52036","Male",161,2025-09-18,"2025-09-18 1:48"
"4646","aquaHub-660298","9001-52039","Male",170,2025-09-18,"2025-09-18 1:48"
"4647","aquaHub-660298","9001-52036","Male",161,2025-09-18,"2025-09-18 1:53"
"4648","aquaHub-660298","9001-52039","Male",170,2025-09-18,"2025-09-18 1:53"
"4649","aquaHub-660298","9001-52036","Male",161,2025-09-18,"2025-09-18 1:55"
"4650","aquaHub-660298","9001-52029","Male",1.5,2025-09-18,"2025-09-18 1:56"
"4651","aquaHub-660298","9001-52036","Male",161,2025-09-18,"2025-09-18 1:57"
"4652","aquaHub-660298","9001-52039","Male",170,2025-09-18,"2025-09-18 1:59"
"4653","aquaHub-660298","9001-52036","Male",161,2025-09-18,"2025-09-18 1:59"
"4654","aquaHub-660298","9001-52029","Male",1.5,2025-09-18,"2025-09-18 2:00"
"4655","aquaHub-660298","9001-52036","Male",161,2025-09-18,"2025-09-18 2:01"
"4656","aquaHub-660298","9001-52039","Male",170,2025-09-18,"2025-09-18 2:02"
"4657","aquaHub-660298","9001-52036","Male",161,2025-09-18,"2025-09-18 2:03"
"4658","aquaHub-660298","9001-52036","Male",161,2025-09-18,"2025-09-18 2:06"
"4659","aquaHub-660298","9001-52039","Male",170,2025-09-18,"2025-09-18 2:07"
"4660","aquaHub-660298","9001-52036","Male",161,2025-09-18,"2025-09-18 2:09"
"4661","aquaHub-660298","9001-52039","Male",170,2025-09-18,"2025-09-18 2:09"
"4662","aquaHub-660298","9001-52039","Male",170,2025-09-18,"2025-09-18 2:11"
"4663","aquaHub-660298","9001-52039","Male",170,2025-09-18,"2025-09-18 2:13"
"4664","aquaHub-660298","9001-52036","Male",161,2025-09-18,"2025-09-18 2:13"
"4665","aquaHub-660298","9001-52039","Male",170,2025-09-18,"2025-09-18 2:15"
"4666","aquaHub-660298","9001-52036","Male",161,2025-09-18,"2025-09-18 2:16"
"4667","aquaHub-660298","9001-52036","Male",161,2025-09-18,"2025-09-18 2:18"
"4668","aquaHub-660298","9001-52029","Male",1.5,2025-09-18,"2025-09-18 2:19"
"4669","aquaHub-660298","9001-52039","Male",170,2025-09-18,"2025-09-18 2:20"
"4670","aquaHub-660298","9001-52039","Male",170,2025-09-18,"2025-09-18 2:24"
"4671","aquaHub-660298","9001-52036","Male",161,2025-09-18,"2025-09-18 2:25"
"4672","aquaHub-660298","9001-52039","Male",170,2025-09-18,"2025-09-18 2:27"
"4673","aquaHub-660298","9001-52036","Male",161,2025-09-18,"2025-09-18 2:28"
"4674","aquaHub-660298","9001-52029","Male",1.5,2025-09-18,"2025-09-18 2:29"
"4675","aquaHub-660298","9001-52039","Male",170,2025-09-18,"2025-09-18 2:30"
"4676","aquaHub-660298","9001-52036","Male",161,2025-09-18,"2025-09-18 2:30"
"4677","aquaHub-660298","9001-52036","Male",161,2025-09-18,"2025-09-18 2:32"
"4678","aquaHub-660298","9001-52039","Male",170,2025-09-18,"2025-09-18 2:32"
"4679","aquaHub-660298","9001-52029","Male",1.5,2025-09-18,"2025-09-18 2:34"
"4680","aquaHub-660298","9001-52039","Male",170,2025-09-18,"2025-09-18 2:36"
"4681","aquaHub-660298","9001-52036","Male",161,2025-09-18,"2025-09-18 2:37"
"4682","aquaHub-660298","9001-52029","Male",1.5,2025-09-18,"2025-09-18 2:38"
"4683","aquaHub-660298","9001-26756","Male",1.6,2025-09-18,"2025-09-18 2:38"
"4684","aquaHub-660298","9001-52039","Male",170,2025-09-18,"2025-09-18 2:38"
"4685","aquaHub-660298","9001-52036","Male",161,2025-09-18,"2025-09-18 2:39"
"4686","aquaHub-660298","9001-52039","Male",170,2025-09-18,"2025-09-18 2:42"
"4687","aquaHub-660298","9001-52036","Male",161,2025-09-18,"2025-09-18 2:43"
"4688","aquaHub-660298","9001-52029","Male",1.5,2025-09-18,"2025-09-18 2:44"
"4689","aquaHub-660298","9001-52039","Male",170,2025-09-18,"2025-09-18 2:47"
"4690","aquaHub-660298","9001-52029","Male",1.5,2025-09-18,"2025-09-18 2:48"
"4691","aquaHub-660298","9001-52036","Male",161,2025-09-18,"2025-09-18 2:48"
"4692","aquaHub-660298","9001-26756","Male",1.6,2025-09-18,"2025-09-18 2:49"
"4693","aquaHub-660298","9001-52029","Male",1.5,2025-09-18,"2025-09-18 2:50"
"4694","aquaHub-660298","9001-52029","Male",1.5,2025-09-18,"2025-09-18 2:52"
"4695","aquaHub-660298","9001-52036","Male",161,2025-09-18,"2025-09-18 2:54"
"4696","aquaHub-660298","9001-52029","Male",1.5,2025-09-18,"2025-09-18 2:55"
"4697","aquaHub-660298","9001-52036","Male",161,2025-09-18,"2025-09-18 2:55"
"4698","aquaHub-660298","9001-52039","Male",170,2025-09-18,"2025-09-18 2:57"
"4699","aquaHub-660298","9001-52036","Male",161,2025-09-18,"2025-09-18 2:58"
"4700","aquaHub-660298","9001-52029","Male",1.5,2025-09-18,"2025-09-18 2:58"
"4701","aquaHub-660298","9001-52039","Male",170,2025-09-18,"2025-09-18 2:59"
"4702","aquaHub-660298","9001-26756","Male",1.6,2025-09-18,"2025-09-18 3:01"
"4703","aquaHub-660298","9001-52036","Male",161,2025-09-18,"2025-09-18 3:01"
"4704","aquaHub-660298","9001-52029","Male",1.5,2025-09-18,"2025-09-18 3:03"
"4705","aquaHub-660298","9001-52039","Male",170,2025-09-18,"2025-09-18 3:04"
"4706","aquaHub-660298","9001-52036","Male",161,2025-09-18,"2025-09-18 3:05"
"4707","aquaHub-660298","9001-52029","Male",1.5,2025-09-18,"2025-09-18 3:07"
"4708","aquaHub-660298","9001-52036","Male",161,2025-09-18,"2025-09-18 3:08"
"4709","aquaHub-660298","9001-26756","Male",1.6,2025-09-18,"2025-09-18 3:08"
"4710","aquaHub-660298","9001-52039","Male",170,2025-09-18,"2025-09-18 3:09"
"4711","aquaHub-660298","9001-52036","Male",161,2025-09-18,"2025-09-18 3:09"
"4712","aquaHub-660298","9001-52029","Male",1.5,2025-09-18,"2025-09-18 3:10"
"4713","aquaHub-660298","9001-26756","Male",1.6,2025-09-18,"2025-09-18 3:11"
"4714","aquaHub-660298","9001-52036","Male",161,2025-09-18,"2025-09-18 3:13"
"4715","aquaHub-660298","9001-52039","Male",170,2025-09-18,"2025-09-18 3:14"
"4716","aquaHub-660298","9001-52036","Male",161,2025-09-18,"2025-09-18 3:15"
"4717","aquaHub-660298","9001-52039","Male",170,2025-09-18,"2025-09-18 3:16"
"4718","aquaHub-660298","9001-52029","Male",1.5,2025-09-18,"2025-09-18 3:17"
"4719","aquaHub-660298","9001-52029","Male",1.5,2025-09-18,"2025-09-18 3:19"
"4720","aquaHub-660298","9001-52036","Male",161,2025-09-18,"2025-09-18 3:19"
"4721","aquaHub-660298","9001-52039","Male",170,2025-09-18,"2025-09-18 3:19"
"4722","aquaHub-660298","9001-52036","Male",161,2025-09-18,"2025-09-18 3:22"
"4723","aquaHub-660298","9001-52039","Male",170,2025-09-18,"2025-09-18 3:22"
"4724","aquaHub-660298","9001-52036","Male",161,2025-09-18,"2025-09-18 3:24"
"4725","aquaHub-660298","9001-52039","Male",170,2025-09-18,"2025-09-18 3:24"
"4726","aquaHub-660298","9001-52029","Male",1.5,2025-09-18,"2025-09-18 3:25"
"4727","aquaHub-660298","9001-52039","Male",170,2025-09-18,"2025-09-18 3:26"
"4728","aquaHub-660298","9001-52029","Male",1.5,2025-09-18,"2025-09-18 3:28"
"4729","aquaHub-660298","9001-52039","Male",170,2025-09-18,"2025-09-18 3:29"
"4730","aquaHub-660298","9001-52029","Male",1.5,2025-09-18,"2025-09-18 3:30"
"4731","aquaHub-660298","9001-52036","Male",161,2025-09-18,"2025-09-18 3:31"
"4732","aquaHub-660298","9001-52029","Male",1.5,2025-09-18,"2025-09-18 3:31"
"4733","aquaHub-660298","9001-52039","Male",170,2025-09-18,"2025-09-18 3:32"
"4734","aquaHub-660298","9001-52039","Male",170,2025-09-18,"2025-09-18 3:34"
"4735","aquaHub-660298","9001-52039","Male",170,2025-09-18,"2025-09-18 3:36"
"4736","aquaHub-660298","9001-52036","Male",161,2025-09-18,"2025-09-18 3:37"
"4737","aquaHub-660298","9001-52029","Male",1.5,2025-09-18,"2025-09-18 3:38"
"4738","aquaHub-660298","9001-16704","Unknown",2.1,2025-09-18,"2025-09-18 3:40"
"4739","aquaHub-660298","9001-52029","Male",1.5,2025-09-18,"2025-09-18 3:40"
"4740","aquaHub-660298","9001-16704","Unknown",2.1,2025-09-18,"2025-09-18 3:42"
"4741","aquaHub-660298","9001-52029","Male",1.5,2025-09-18,"2025-09-18 3:48"
"4742","aquaHub-660298","9001-52036","Male",161,2025-09-18,"2025-09-18 3:48"
"4743","aquaHub-660298","9001-52029","Male",1.5,2025-09-18,"2025-09-18 3:50"
"4744","aquaHub-660298","9001-52036","Male",161,2025-09-18,"2025-09-18 3:51"
"4745","aquaHub-660298","9001-52029","Male",1.5,2025-09-18,"2025-09-18 3:52"
"4746","aquaHub-660298","9001-52036","Male",161,2025-09-18,"2025-09-18 3:53"
"4747","aquaHub-660298","9001-52036","Male",161,2025-09-18,"2025-09-18 3:56"
"4748","aquaHub-660298","9001-52036","Male",161,2025-09-18,"2025-09-18 3:58"
"4749","aquaHub-660298","9001-52029","Male",1.5,2025-09-18,"2025-09-18 3:59"
"4750","aquaHub-660247","9001-43284","Male",166,2025-09-18,"2025-09-18 4:01"
"4751","aquaHub-660298","9001-52036","Male",161,2025-09-18,"2025-09-18 4:03"
"4752","aquaHub-660298","9001-52029","Male",1.5,2025-09-18,"2025-09-18 4:05"
"4753","aquaHub-660298","9001-52039","Male",170,2025-09-18,"2025-09-18 4:05"
"4754","aquaHub-660298","9001-52029","Male",1.5,2025-09-18,"2025-09-18 4:07"
"4755","aquaHub-660298","9001-52039","Male",170,2025-09-18,"2025-09-18 4:07"
"4756","aquaHub-660298","9001-52036","Male",161,2025-09-18,"2025-09-18 4:08"
"4757","aquaHub-660247","9001-43284","Male",166,2025-09-18,"2025-09-18 4:08"
"4758","aquaHub-660298","9001-16704","Unknown",2.1,2025-09-18,"2025-09-18 4:08"
"4759","aquaHub-660298","9001-52036","Male",161,2025-09-18,"2025-09-18 4:12"
"4760","aquaHub-660298","9001-16704","Unknown",2.1,2025-09-18,"2025-09-18 4:13"
"4761","aquaHub-660298","9001-16704","Unknown",2.1,2025-09-18,"2025-09-18 4:15"
"4762","aquaHub-660298","9001-52036","Male",161,2025-09-18,"2025-09-18 4:16"
"4763","aquaHub-660298","9001-52036","Male",161,2025-09-18,"2025-09-18 4:18"
"4764","aquaHub-660298","9001-52029","Male",1.5,2025-09-18,"2025-09-18 4:19"
"4765","aquaHub-660298","9001-16704","Unknown",2.1,2025-09-18,"2025-09-18 4:19"
"4766","aquaHub-660298","9001-52036","Male",161,2025-09-18,"2025-09-18 4:19"
"4767","aquaHub-660298","9001-16704","Unknown",2.1,2025-09-18,"2025-09-18 4:21"
"4768","aquaHub-660298","9001-52036","Male",161,2025-09-18,"2025-09-18 4:22"
"4769","aquaHub-660298","9001-16704","Unknown",2.1,2025-09-18,"2025-09-18 4:22"
"4770","aquaHub-660298","9001-52029","Male",1.5,2025-09-18,"2025-09-18 4:23"
"4771","aquaHub-660298","9001-52036","Male",161,2025-09-18,"2025-09-18 4:31"
"4772","aquaHub-660298","9001-52036","Male",161,2025-09-18,"2025-09-18 4:33"
"4773","aquaHub-660273","9001-52022","Male",1.6,2025-09-18,"2025-09-18 4:36"
"4774","aquaHub-660298","9001-52036","Male",161,2025-09-18,"2025-09-18 4:36"
"4775","aquaHub-660298","9001-52036","Male",161,2025-09-18,"2025-09-18 4:38"
"4776","aquaHub-660273","9001-52022","Male",1.6,2025-09-18,"2025-09-18 4:40"
"4777","aquaHub-660298","9001-52036","Male",161,2025-09-18,"2025-09-18 4:41"
"4778","aquaHub-660273","9001-52022","Male",1.6,2025-09-18,"2025-09-18 4:42"
"4779","aquaHub-660298","9001-52036","Male",161,2025-09-18,"2025-09-18 4:43"
"4780","aquaHub-660298","9001-52036","Male",161,2025-09-18,"2025-09-18 4:45"
"4781","aquaHub-660247","9001-43149","Male",165,2025-09-18,"2025-09-18 4:46"
"4782","aquaHub-660298","9001-52036","Male",161,2025-09-18,"2025-09-18 4:48"
"4783","aquaHub-660298","9001-52036","Male",161,2025-09-18,"2025-09-18 4:50"
"4784","aquaHub-660298","9001-52036","Male",161,2025-09-18,"2025-09-18 4:52"
"4785","aquaHub-660298","9001-26747","Male",1.4,2025-09-18,"2025-09-18 4:55"
"4786","aquaHub-660298","9001-52036","Male",161,2025-09-18,"2025-09-18 4:56"
"4787","aquaHub-660298","9001-52029","Male",1.5,2025-09-18,"2025-09-18 5:00"
"4788","aquaHub-660143","9001-43287","Female",201,2025-09-18,"2025-09-18 5:02"
"4789","aquaHub-660298","9001-26747","Male",1.4,2025-09-18,"2025-09-18 5:05"
"4790","aquaHub-660298","9001-52036","Male",161,2025-09-18,"2025-09-18 5:08"
"4791","aquaHub-660298","9001-52036","Male",161,2025-09-18,"2025-09-18 5:10"
"4792","aquaHub-660298","9001-52036","Male",161,2025-09-18,"2025-09-18 5:16"
"4793","aquaHub-660298","9001-52036","Male",161,2025-09-18,"2025-09-18 5:20"
"4794","aquaHub-660298","9001-52029","Male",1.5,2025-09-18,"2025-09-18 5:23"
"4795","aquaHub-660298","9001-52036","Male",161,2025-09-18,"2025-09-18 5:28"
"4796","aquaHub-660298","9001-52029","Male",1.5,2025-09-18,"2025-09-18 5:29"
"4797","aquaHub-660143","9001-43287","Female",201,2025-09-18,"2025-09-18 5:31"
"4798","aquaHub-660298","9001-52029","Male",1.5,2025-09-18,"2025-09-18 5:34"
"4799","aquaHub-660298","9001-52029","Male",1.5,2025-09-18,"2025-09-18 5:38"
"4800","aquaHub-660143","9001-43287","Female",201,2025-09-18,"2025-09-18 5:38"
"4801","aquaHub-660298","9001-52029","Male",1.5,2025-09-18,"2025-09-18 5:40"
"4802","aquaHub-660298","9001-52029","Male",1.5,2025-09-18,"2025-09-18 5:42"
"4803","aquaHub-660298","9001-52036","Male",161,2025-09-18,"2025-09-18 5:43"
"4804","aquaHub-660298","9001-52029","Male",1.5,2025-09-18,"2025-09-18 5:44"
"4805","aquaHub-660298","9001-52036","Male",161,2025-09-18,"2025-09-18 5:45"
"4806","aquaHub-660143","9001-43287","Female",201,2025-09-18,"2025-09-18 5:45"
"4807","aquaHub-660298","9001-52029","Male",1.5,2025-09-18,"2025-09-18 5:46"
"4808","aquaHub-660298","9001-52029","Male",1.5,2025-09-18,"2025-09-18 5:48"
"4809","aquaHub-660298","9001-52036","Male",161,2025-09-18,"2025-09-18 5:49"
"4810","aquaHub-660298","9001-52036","Male",161,2025-09-18,"2025-09-18 5:51"
"4811","aquaHub-660298","9001-16704","Unknown",2.1,2025-09-18,"2025-09-18 5:56"
"4812","aquaHub-660298","9001-16704","Unknown",2.1,2025-09-18,"2025-09-18 5:59"
"4813","aquaHub-660298","9001-52031","Male",1.6,2025-09-18,"2025-09-18 5:59"
"4814","aquaHub-660298","9001-52036","Male",161,2025-09-18,"2025-09-18 6:00"
"4815","aquaHub-660298","9001-52031","Male",1.6,2025-09-18,"2025-09-18 6:01"
"4816","aquaHub-660298","9001-16704","Unknown",2.1,2025-09-18,"2025-09-18 6:01"
"4817","aquaHub-660298","9001-52036","Male",161,2025-09-18,"2025-09-18 6:03"
"4818","aquaHub-660298","9001-52031","Male",1.6,2025-09-18,"2025-09-18 6:03"
"4819","aquaHub-660298","9001-52036","Male",161,2025-09-18,"2025-09-18 6:05"
"4820","aquaHub-660298","9001-52031","Male",1.6,2025-09-18,"2025-09-18 6:05"
"4821","aquaHub-660298","9001-16704","Unknown",2.1,2025-09-18,"2025-09-18 6:06"
"4822","aquaHub-660298","9001-52036","Male",161,2025-09-18,"2025-09-18 6:07"
"4823","aquaHub-660298","9001-52031","Male",1.6,2025-09-18,"2025-09-18 6:07"
"4824","aquaHub-660298","9001-16704","Unknown",2.1,2025-09-18,"2025-09-18 6:07"
"4825","aquaHub-660298","9001-52036","Male",161,2025-09-18,"2025-09-18 6:09"
"4826","aquaHub-660298","9001-52031","Male",1.6,2025-09-18,"2025-09-18 6:09"
"4827","aquaHub-660298","9001-52031","Male",1.6,2025-09-18,"2025-09-18 6:10"
"4828","aquaHub-660298","9001-52031","Male",1.6,2025-09-18,"2025-09-18 6:12"
"4829","aquaHub-660298","9001-52036","Male",161,2025-09-18,"2025-09-18 6:16"
"4830","aquaHub-660298","9001-52031","Male",1.6,2025-09-18,"2025-09-18 6:22"
"4831","aquaHub-660298","9001-52031","Male",1.6,2025-09-18,"2025-09-18 6:28"
"4832","aquaHub-660298","9001-52031","Male",1.6,2025-09-18,"2025-09-18 6:32"
"4833","aquaHub-660298","9001-52031","Male",1.6,2025-09-18,"2025-09-18 6:37"
"4834","aquaHub-660298","9001-52031","Male",1.6,2025-09-18,"2025-09-18 6:39"
"4835","aquaHub-660298","9001-26747","Male",1.4,2025-09-18,"2025-09-18 6:40"
"4836","aquaHub-660298","9001-52031","Male",1.6,2025-09-18,"2025-09-18 6:46"
"4837","aquaHub-660298","9001-16704","Unknown",2.1,2025-09-18,"2025-09-18 7:00"
"4838","aquaHub-660298","9001-16704","Unknown",2.1,2025-09-18,"2025-09-18 7:04"
"4839","aquaHub-660298","9001-16704","Unknown",2.1,2025-09-18,"2025-09-18 7:07"
"4840","aquaHub-660298","9001-52039","Male",170,2025-09-18,"2025-09-18 7:07"
"4841","aquaHub-660298","9001-52039","Male",170,2025-09-18,"2025-09-18 7:09"
"4842","aquaHub-660298","9001-52039","Male",170,2025-09-18,"2025-09-18 7:14"
"4843","aquaHub-660298","9001-52039","Male",170,2025-09-18,"2025-09-18 7:19"
"4844","aquaHub-660143","9001-43287","Female",201,2025-09-18,"2025-09-18 7:32"
"4845","aquaHub-660298","9001-52039","Male",170,2025-09-18,"2025-09-18 7:38"
"4846","aquaHub-660298","9001-52039","Male",170,2025-09-18,"2025-09-18 7:41"
"4847","aquaHub-660298","9001-52039","Male",170,2025-09-18,"2025-09-18 7:46"
"4848","aquaHub-660298","9001-52031","Male",1.6,2025-09-18,"2025-09-18 7:49"
"4849","aquaHub-660298","9001-52031","Male",1.6,2025-09-18,"2025-09-18 7:50"
"4850","aquaHub-660298","9001-52039","Male",170,2025-09-18,"2025-09-18 7:52"
"4851","aquaHub-660298","9001-52036","Male",161,2025-09-18,"2025-09-18 8:28"
"4852","aquaHub-660143","9001-43287","Female",201,2025-09-18,"2025-09-18 8:35"
"4853","aquaHub-660143","9001-43287","Female",201,2025-09-18,"2025-09-18 8:42"
"4854","aquaHub-660143","9001-43287","Female",201,2025-09-18,"2025-09-18 8:45"
"4855","aquaHub-660143","9001-43287","Female",201,2025-09-18,"2025-09-18 8:47"
"4856","aquaHub-660143","9001-43287","Female",201,2025-09-18,"2025-09-18 8:51"
"4857","aquaHub-660143","9001-43287","Female",201,2025-09-18,"2025-09-18 8:53"
"4858","aquaHub-660143","9001-43287","Female",201,2025-09-18,"2025-09-18 8:56"
"4859","aquaHub-660143","9001-43287","Female",201,2025-09-18,"2025-09-18 8:57"
"4860","aquaHub-660143","9001-43287","Female",201,2025-09-18,"2025-09-18 8:59"
"4861","aquaHub-660143","9001-43287","Female",201,2025-09-18,"2025-09-18 9:01"
"4862","aquaHub-660298","9001-52036","Male",161,2025-09-18,"2025-09-18 9:05"
"4863","aquaHub-660298","9001-52036","Male",161,2025-09-18,"2025-09-18 9:13"
"4864","aquaHub-660298","9001-52039","Male",170,2025-09-18,"2025-09-18 9:17"
"4865","aquaHub-660298","9001-52036","Male",161,2025-09-18,"2025-09-18 9:19"
"4866","aquaHub-660298","9001-52036","Male",161,2025-09-18,"2025-09-18 9:22"
"4867","aquaHub-660298","9001-52036","Male",161,2025-09-18,"2025-09-18 9:24"
"4868","aquaHub-660298","9001-52039","Male",170,2025-09-18,"2025-09-18 9:25"
"4869","aquaHub-660298","9001-52036","Male",161,2025-09-18,"2025-09-18 9:26"
"4870","aquaHub-660298","9001-52039","Male",170,2025-09-18,"2025-09-18 9:27"
"4871","aquaHub-660298","9001-52036","Male",161,2025-09-18,"2025-09-18 9:28"
"4872","aquaHub-660298","9001-52039","Male",170,2025-09-18,"2025-09-18 9:30"
"4873","aquaHub-660298","9001-16704","Unknown",2.1,2025-09-18,"2025-09-18 9:30"
"4874","aquaHub-660298","9001-52036","Male",161,2025-09-18,"2025-09-18 9:31"
"4875","aquaHub-660298","9001-52036","Male",161,2025-09-18,"2025-09-18 9:33"
"4876","aquaHub-660298","9001-52039","Male",170,2025-09-18,"2025-09-18 9:34"
"4877","aquaHub-660298","9001-52036","Male",161,2025-09-18,"2025-09-18 9:35"
"4878","aquaHub-660298","9001-52039","Male",170,2025-09-18,"2025-09-18 9:36"
"4879","aquaHub-660298","9001-52039","Male",170,2025-09-18,"2025-09-18 9:38"
"4880","aquaHub-660298","9001-52039","Male",170,2025-09-18,"2025-09-18 9:39"
"4881","aquaHub-660298","9001-52036","Male",161,2025-09-18,"2025-09-18 9:41"
"4882","aquaHub-660298","9001-52039","Male",170,2025-09-18,"2025-09-18 9:41"
"4883","aquaHub-660298","9001-52039","Male",170,2025-09-18,"2025-09-18 9:44"
"4884","aquaHub-660298","9001-16704","Unknown",2.1,2025-09-18,"2025-09-18 9:45"
"4885","aquaHub-660298","9001-52036","Male",161,2025-09-18,"2025-09-18 9:46"
"4886","aquaHub-660298","9001-52039","Male",170,2025-09-18,"2025-09-18 9:46"
"4887","aquaHub-660298","9001-16704","Unknown",2.1,2025-09-18,"2025-09-18 9:47"
"4888","aquaHub-660298","9001-52036","Male",161,2025-09-18,"2025-09-18 9:48"
"4889","aquaHub-660298","9001-52039","Male",170,2025-09-18,"2025-09-18 9:49"
"4890","aquaHub-660298","9001-52039","Male",170,2025-09-18,"2025-09-18 9:52"
"4891","aquaHub-660298","9001-52039","Male",170,2025-09-18,"2025-09-18 9:53"
"4892","aquaHub-660298","9001-52036","Male",161,2025-09-18,"2025-09-18 9:55"
"4893","aquaHub-660298","9001-52036","Male",161,2025-09-18,"2025-09-18 9:57"
"4894","aquaHub-660298","9001-52039","Male",170,2025-09-18,"2025-09-18 9:57"
"4895","aquaHub-660298","9001-16704","Unknown",2.1,2025-09-18,"2025-09-18 10:00"
"4896","aquaHub-660298","9001-16704","Unknown",2.1,2025-09-18,"2025-09-18 10:05"
"4897","aquaHub-660298","9001-52039","Male",170,2025-09-18,"2025-09-18 10:06"
"4898","aquaHub-660298","9001-52039","Male",170,2025-09-18,"2025-09-18 10:08"
"4899","aquaHub-660298","9001-52039","Male",170,2025-09-18,"2025-09-18 10:10"
"4900","aquaHub-660298","9001-52039","Male",170,2025-09-18,"2025-09-18 10:11"
"4901","aquaHub-660298","9001-52039","Male",170,2025-09-18,"2025-09-18 10:13"
"4902","aquaHub-660298","9001-52039","Male",170,2025-09-18,"2025-09-18 10:15"
"4903","aquaHub-660298","9001-52039","Male",170,2025-09-18,"2025-09-18 10:19"
"4904","aquaHub-660298","9001-52039","Male",170,2025-09-18,"2025-09-18 10:21"
"4905","aquaHub-660298","9001-52039","Male",170,2025-09-18,"2025-09-18 10:22"
"4906","aquaHub-660298","9001-52039","Male",170,2025-09-18,"2025-09-18 10:24"
"4907","aquaHub-660298","9001-52039","Male",170,2025-09-18,"2025-09-18 10:31"
"4908","aquaHub-660298","9001-52039","Male",170,2025-09-18,"2025-09-18 10:33"
"4909","aquaHub-660298","9001-52039","Male",170,2025-09-18,"2025-09-18 10:35"
"4910","aquaHub-660298","9001-52039","Male",170,2025-09-18,"2025-09-18 10:39"
"4911","aquaHub-660298","9001-52039","Male",170,2025-09-18,"2025-09-18 10:41"
"4912","aquaHub-660298","9001-52039","Male",170,2025-09-18,"2025-09-18 10:43"
"4913","aquaHub-660298","9001-52039","Male",170,2025-09-18,"2025-09-18 10:45"
"4914","aquaHub-660247","9001-43149","Male",165,2025-09-18,"2025-09-18 10:46"
"4915","aquaHub-660298","9001-52039","Male",170,2025-09-18,"2025-09-18 10:48"
"4916","aquaHub-660298","9001-52039","Male",170,2025-09-18,"2025-09-18 10:51"
"4917","aquaHub-660298","9001-52039","Male",170,2025-09-18,"2025-09-18 10:58"
"4918","aquaHub-660298","9001-16704","Unknown",2.1,2025-09-18,"2025-09-18 11:08"
"4919","aquaHub-660298","9001-52039","Male",170,2025-09-18,"2025-09-18 11:08"
"4920","aquaHub-660298","9001-52039","Male",170,2025-09-18,"2025-09-18 11:10"
"4921","aquaHub-660298","9001-52039","Male",170,2025-09-18,"2025-09-18 11:11"
"4922","aquaHub-660298","9001-16704","Unknown",2.1,2025-09-18,"2025-09-18 11:14"
"4923","aquaHub-660298","9001-52039","Male",170,2025-09-18,"2025-09-18 11:14"
"4924","aquaHub-660298","9001-52039","Male",170,2025-09-18,"2025-09-18 11:16"
"4925","aquaHub-660298","9001-52039","Male",170,2025-09-18,"2025-09-18 11:21"
"4926","aquaHub-660298","9001-16704","Unknown",2.1,2025-09-18,"2025-09-18 11:23"
"4927","aquaHub-660298","9001-52039","Male",170,2025-09-18,"2025-09-18 11:24"
"4928","aquaHub-660298","9001-52036","Male",161,2025-09-18,"2025-09-18 11:25"
"4929","aquaHub-660298","9001-52036","Male",161,2025-09-18,"2025-09-18 11:27"
"4930","aquaHub-660298","9001-52036","Male",161,2025-09-18,"2025-09-18 11:29"
"4931","aquaHub-660298","9001-52039","Male",170,2025-09-18,"2025-09-18 11:30"
"4932","aquaHub-660298","9001-52036","Male",161,2025-09-18,"2025-09-18 11:31"
"4933","aquaHub-660298","9001-52039","Male",170,2025-09-18,"2025-09-18 11:31"
"4934","aquaHub-660298","9001-16704","Unknown",2.1,2025-09-18,"2025-09-18 11:32"
"4935","aquaHub-660298","9001-52039","Male",170,2025-09-18,"2025-09-18 11:33"
"4936","aquaHub-660298","9001-52036","Male",161,2025-09-18,"2025-09-18 11:34"
"4937","aquaHub-660298","9001-52036","Male",161,2025-09-18,"2025-09-18 11:36"
"4938","aquaHub-660298","9001-52039","Male",170,2025-09-18,"2025-09-18 11:37"
"4939","aquaHub-660298","9001-52036","Male",161,2025-09-18,"2025-09-18 11:39"
"4940","aquaHub-660298","9001-52039","Male",170,2025-09-18,"2025-09-18 11:39"
"4941","aquaHub-660298","9001-16704","Unknown",2.1,2025-09-18,"2025-09-18 11:41"
"4942","aquaHub-660298","9001-52036","Male",161,2025-09-18,"2025-09-18 11:42"
"4943","aquaHub-660298","9001-52039","Male",170,2025-09-18,"2025-09-18 11:42"
"4944","aquaHub-660298","9001-16704","Unknown",2.1,2025-09-18,"2025-09-18 11:43"
"4945","aquaHub-660298","9001-52036","Male",161,2025-09-18,"2025-09-18 11:44"
"4946","aquaHub-660298","9001-52036","Male",161,2025-09-18,"2025-09-18 11:46"
"4947","aquaHub-660298","9001-52036","Male",161,2025-09-18,"2025-09-18 11:48"
"4948","aquaHub-660298","9001-52039","Male",170,2025-09-18,"2025-09-18 11:50"
"4949","aquaHub-660298","9001-52036","Male",161,2025-09-18,"2025-09-18 11:51"
"4950","aquaHub-660298","9001-16704","Unknown",2.1,2025-09-18,"2025-09-18 11:52"
"4951","aquaHub-660298","9001-52036","Male",161,2025-09-18,"2025-09-18 11:54"
"4952","aquaHub-660298","9001-52036","Male",161,2025-09-18,"2025-09-18 11:56"
"4953","aquaHub-660298","9001-52036","Male",161,2025-09-18,"2025-09-18 11:58"
"4954","aquaHub-660298","9001-16704","Unknown",2.1,2025-09-18,"2025-09-18 11:58"
"4955","aquaHub-660298","9001-52036","Male",161,2025-09-18,"2025-09-18 12:00"
"4956","aquaHub-660298","9001-52036","Male",161,2025-09-18,"2025-09-18 12:02"
"4957","aquaHub-660298","9001-16704","Unknown",2.1,2025-09-18,"2025-09-18 12:03"
"4958","aquaHub-660298","9001-52039","Male",170,2025-09-18,"2025-09-18 12:04"
"4959","aquaHub-660298","9001-52036","Male",161,2025-09-18,"2025-09-18 12:05"
"4960","aquaHub-660298","9001-16704","Unknown",2.1,2025-09-18,"2025-09-18 12:06"
"4961","aquaHub-660298","9001-52036","Male",161,2025-09-18,"2025-09-18 12:06"
"4962","aquaHub-660298","9001-52039","Male",170,2025-09-18,"2025-09-18 12:07"
"4963","aquaHub-660298","9001-52036","Male",161,2025-09-18,"2025-09-18 12:09"
"4964","aquaHub-660298","9001-52036","Male",161,2025-09-18,"2025-09-18 12:10"
"4965","aquaHub-660298","9001-52039","Male",170,2025-09-18,"2025-09-18 12:11"
"4966","aquaHub-660298","9001-52036","Male",161,2025-09-18,"2025-09-18 12:12"
"4967","aquaHub-660298","9001-16704","Unknown",2.1,2025-09-18,"2025-09-18 12:13"
"4968","aquaHub-660298","9001-52036","Male",161,2025-09-18,"2025-09-18 12:14"
"4969","aquaHub-660298","9001-52036","Male",161,2025-09-18,"2025-09-18 12:17"
"4970","aquaHub-660298","9001-52039","Male",170,2025-09-18,"2025-09-18 12:18"
"4971","aquaHub-660298","9001-16704","Unknown",2.1,2025-09-18,"2025-09-18 12:18"
"4972","aquaHub-660298","9001-52039","Male",170,2025-09-18,"2025-09-18 12:22"
"4973","aquaHub-660298","9001-52039","Male",170,2025-09-18,"2025-09-18 12:26"
"4974","aquaHub-660298","9001-52039","Male",170,2025-09-18,"2025-09-18 12:28"
"4975","aquaHub-660298","9001-52039","Male",170,2025-09-18,"2025-09-18 12:30"
"4976","aquaHub-660298","9001-52039","Male",170,2025-09-18,"2025-09-18 12:32"
"4977","aquaHub-660298","9001-52039","Male",170,2025-09-18,"2025-09-18 12:35"
"4978","aquaHub-660298","9001-52039","Male",170,2025-09-18,"2025-09-18 12:37"
"4979","aquaHub-660298","9001-52039","Male",170,2025-09-18,"2025-09-18 12:40"
"4980","aquaHub-660298","9001-52039","Male",170,2025-09-18,"2025-09-18 12:42"
"4981","aquaHub-660298","9001-16704","Unknown",2.1,2025-09-18,"2025-09-18 12:45"
"4982","aquaHub-660298","9001-16704","Unknown",2.1,2025-09-18,"2025-09-18 12:46"
"4983","aquaHub-660143","9001-43287","Female",201,2025-09-18,"2025-09-18 12:48"
"4984","aquaHub-660298","9001-16704","Unknown",2.1,2025-09-18,"2025-09-18 12:49"
"4985","aquaHub-660298","9001-16704","Unknown",2.1,2025-09-18,"2025-09-18 12:50"
"4986","aquaHub-660143","9001-43287","Female",201,2025-09-18,"2025-09-18 12:53"
"4987","aquaHub-660298","9001-16704","Unknown",2.1,2025-09-18,"2025-09-18 12:55"
"4988","aquaHub-660298","9001-52039","Male",170,2025-09-18,"2025-09-18 13:00"
"4989","aquaHub-660298","9001-16704","Unknown",2.1,2025-09-18,"2025-09-18 13:01"
"4990","aquaHub-660298","9001-16704","Unknown",2.1,2025-09-18,"2025-09-18 13:02"
"4991","aquaHub-660298","9001-52039","Male",170,2025-09-18,"2025-09-18 13:02"
"4992","aquaHub-660273","9001-52022","Male",1.6,2025-09-18,"2025-09-18 13:03"
"4993","aquaHub-660298","9001-16704","Unknown",2.1,2025-09-18,"2025-09-18 13:03"
"4994","aquaHub-660298","9001-52039","Male",170,2025-09-18,"2025-09-18 13:05"
"4995","aquaHub-660273","9001-52022","Male",1.6,2025-09-18,"2025-09-18 13:05"
"4996","aquaHub-660273","9001-52022","Male",1.6,2025-09-18,"2025-09-18 13:08"
"4997","aquaHub-660298","9001-52036","Male",161,2025-09-18,"2025-09-18 13:10"
"4998","aquaHub-660298","9001-52036","Male",161,2025-09-18,"2025-09-18 13:12"
"4999","aquaHub-660298","9001-52036","Male",161,2025-09-18,"2025-09-18 13:14"
"5000","aquaHub-660298","9001-52036","Male",161,2025-09-18,"2025-09-18 13:18"
"5001","aquaHub-660298","9001-52036","Male",161,2025-09-18,"2025-09-18 13:21"
"5002","aquaHub-660298","9001-52036","Male",161,2025-09-18,"2025-09-18 13:24"
"5003","aquaHub-660298","9001-52036","Male",161,2025-09-18,"2025-09-18 13:26"
"5004","aquaHub-660298","9001-52036","Male",161,2025-09-18,"2025-09-18 13:28"
"5005","aquaHub-660298","9001-52036","Male",161,2025-09-18,"2025-09-18 13:30"
"5006","aquaHub-660298","9001-52036","Male",161,2025-09-18,"2025-09-18 13:35"
"5007","aquaHub-660298","9001-52036","Male",161,2025-09-18,"2025-09-18 13:41"
"5008","aquaHub-660298","9001-52036","Male",161,2025-09-18,"2025-09-18 13:45"
"5009","aquaHub-660298","9001-52036","Male",161,2025-09-18,"2025-09-18 13:47"
"5010","aquaHub-660298","9001-26756","Male",1.6,2025-09-18,"2025-09-18 13:51"
"5011","aquaHub-660298","9001-52039","Male",170,2025-09-18,"2025-09-18 14:01"
"5012","aquaHub-660298","9001-52039","Male",170,2025-09-18,"2025-09-18 14:05"
"5013","aquaHub-660298","9001-26756","Male",1.6,2025-09-18,"2025-09-18 14:07"
"5014","aquaHub-660298","9001-52039","Male",170,2025-09-18,"2025-09-18 14:08"
"5015","aquaHub-660298","9001-52029","Male",1.5,2025-09-18,"2025-09-18 14:11"
"5016","aquaHub-660298","9001-52036","Male",161,2025-09-18,"2025-09-18 14:11"
"5017","aquaHub-660298","9001-52029","Male",1.5,2025-09-18,"2025-09-18 14:13"
"5018","aquaHub-660298","9001-52036","Male",161,2025-09-18,"2025-09-18 14:16"
"5019","aquaHub-660298","9001-52029","Male",1.5,2025-09-18,"2025-09-18 14:17"
"5020","aquaHub-660298","9001-52039","Male",170,2025-09-18,"2025-09-18 14:18"
"5021","aquaHub-660298","9001-52029","Male",1.5,2025-09-18,"2025-09-18 14:21"
"5022","aquaHub-660143","9001-43287","Female",201,2025-09-18,"2025-09-18 14:22"
"5023","aquaHub-660298","9001-52029","Male",1.5,2025-09-18,"2025-09-18 14:26"
"5024","aquaHub-660298","9001-52039","Male",170,2025-09-18,"2025-09-18 14:27"
"5025","aquaHub-660298","9001-52029","Male",1.5,2025-09-18,"2025-09-18 14:28"
"5026","aquaHub-660298","9001-26756","Male",1.6,2025-09-18,"2025-09-18 14:28"
"5027","aquaHub-660143","9001-43287","Female",201,2025-09-18,"2025-09-18 14:29"
"5028","aquaHub-660298","9001-52039","Male",170,2025-09-18,"2025-09-18 14:30"
"5029","aquaHub-660298","9001-52029","Male",1.5,2025-09-18,"2025-09-18 14:31"
"5030","aquaHub-660298","9001-52029","Male",1.5,2025-09-18,"2025-09-18 14:33"
"5031","aquaHub-660143","9001-43287","Female",201,2025-09-18,"2025-09-18 14:33"
"5032","aquaHub-660298","9001-52039","Male",170,2025-09-18,"2025-09-18 14:34"
"5033","aquaHub-660143","9001-43287","Female",201,2025-09-18,"2025-09-18 14:35"
"5034","aquaHub-660298","9001-52029","Male",1.5,2025-09-18,"2025-09-18 14:36"
"5035","aquaHub-660143","9001-43287","Female",201,2025-09-18,"2025-09-18 14:37"
"5036","aquaHub-660298","9001-52029","Male",1.5,2025-09-18,"2025-09-18 14:38"
"5037","aquaHub-660143","9001-43287","Female",201,2025-09-18,"2025-09-18 14:39"
"5038","aquaHub-660298","9001-52029","Male",1.5,2025-09-18,"2025-09-18 14:40"
"5039","aquaHub-660298","9001-52039","Male",170,2025-09-18,"2025-09-18 14:41"
"5040","aquaHub-660298","9001-52029","Male",1.5,2025-09-18,"2025-09-18 14:42"
"5041","aquaHub-660298","9001-52029","Male",1.5,2025-09-18,"2025-09-18 14:43"
"5042","aquaHub-660298","9001-52039","Male",170,2025-09-18,"2025-09-18 14:44"
"5043","aquaHub-660298","9001-52029","Male",1.5,2025-09-18,"2025-09-18 14:46"
"5044","aquaHub-660298","9001-52029","Male",1.5,2025-09-18,"2025-09-18 14:47"
"5045","aquaHub-660143","9001-43287","Female",201,2025-09-18,"2025-09-18 14:50"
"5046","aquaHub-660298","9001-52029","Male",1.5,2025-09-18,"2025-09-18 14:50"
"5047","aquaHub-660143","9001-43287","Female",201,2025-09-18,"2025-09-18 14:51"
"5048","aquaHub-660298","9001-52039","Male",170,2025-09-18,"2025-09-18 14:53"
"5049","aquaHub-660143","9001-43287","Female",201,2025-09-18,"2025-09-18 14:53"
"5050","aquaHub-660298","9001-52029","Male",1.5,2025-09-18,"2025-09-18 14:54"
"5051","aquaHub-660298","9001-52039","Male",170,2025-09-18,"2025-09-18 14:55"
"5052","aquaHub-660298","9001-52036","Male",161,2025-09-18,"2025-09-18 14:55"
"5053","aquaHub-660143","9001-43287","Female",201,2025-09-18,"2025-09-18 14:56"
"5054","aquaHub-660298","9001-52039","Male",170,2025-09-18,"2025-09-18 14:56"
"5055","aquaHub-660298","9001-52029","Male",1.5,2025-09-18,"2025-09-18 14:56"
"5056","aquaHub-660298","9001-52036","Male",161,2025-09-18,"2025-09-18 14:58"
"5057","aquaHub-660143","9001-43287","Female",201,2025-09-18,"2025-09-18 14:58"
"5058","aquaHub-660298","9001-52029","Male",1.5,2025-09-18,"2025-09-18 14:59"
"5059","aquaHub-660298","9001-52036","Male",161,2025-09-18,"2025-09-18 15:00"
"5060","aquaHub-660143","9001-43287","Female",201,2025-09-18,"2025-09-18 15:01"
"5061","aquaHub-660298","9001-52039","Male",170,2025-09-18,"2025-09-18 15:01"
"5062","aquaHub-660298","9001-52029","Male",1.5,2025-09-18,"2025-09-18 15:01"
"5063","aquaHub-660143","9001-43287","Female",201,2025-09-18,"2025-09-18 15:02"
"5064","aquaHub-660143","9001-43287","Female",201,2025-09-18,"2025-09-18 15:04"
"5065","aquaHub-660298","9001-52029","Male",1.5,2025-09-18,"2025-09-18 15:05"
"5066","aquaHub-660298","9001-52036","Male",161,2025-09-18,"2025-09-18 15:05"
"5067","aquaHub-660143","9001-43287","Female",201,2025-09-18,"2025-09-18 15:09"
"5068","aquaHub-660298","9001-52029","Male",1.5,2025-09-18,"2025-09-18 15:09"
"5069","aquaHub-660298","9001-52029","Male",1.5,2025-09-18,"2025-09-18 15:11"
"5070","aquaHub-660298","9001-52039","Male",170,2025-09-18,"2025-09-18 15:11"
"5071","aquaHub-660298","9001-52029","Male",1.5,2025-09-18,"2025-09-18 15:12"
"5072","aquaHub-660298","9001-52039","Male",170,2025-09-18,"2025-09-18 15:13"
"5073","aquaHub-660298","9001-52029","Male",1.5,2025-09-18,"2025-09-18 15:14"
"5074","aquaHub-660298","9001-52036","Male",161,2025-09-18,"2025-09-18 15:14"
"5075","aquaHub-660143","9001-43287","Female",201,2025-09-18,"2025-09-18 15:14"
"5076","aquaHub-660298","9001-52029","Male",1.5,2025-09-18,"2025-09-18 15:15"
"5077","aquaHub-660298","9001-52039","Male",170,2025-09-18,"2025-09-18 15:17"
"5078","aquaHub-660298","9001-52039","Male",170,2025-09-18,"2025-09-18 15:18"
"5079","aquaHub-660298","9001-52039","Male",170,2025-09-18,"2025-09-18 15:20"
"5080","aquaHub-660298","9001-52029","Male",1.5,2025-09-18,"2025-09-18 15:23"
"5081","aquaHub-660298","9001-52039","Male",170,2025-09-18,"2025-09-18 15:23"
"5082","aquaHub-660298","9001-26756","Male",1.6,2025-09-18,"2025-09-18 15:24"
"5083","aquaHub-660298","9001-52029","Male",1.5,2025-09-18,"2025-09-18 15:25"
"5084","aquaHub-660143","9001-43287","Female",201,2025-09-18,"2025-09-18 15:26"
"5085","aquaHub-660298","9001-52039","Male",170,2025-09-18,"2025-09-18 15:26"
"5086","aquaHub-660298","9001-52029","Male",1.5,2025-09-18,"2025-09-18 15:27"
"5087","aquaHub-660298","9001-52036","Male",161,2025-09-18,"2025-09-18 15:27"
"5088","aquaHub-660143","9001-43287","Female",201,2025-09-18,"2025-09-18 15:28"
"5089","aquaHub-660298","9001-26756","Male",1.6,2025-09-18,"2025-09-18 15:28"
"5090","aquaHub-660298","9001-52039","Male",170,2025-09-18,"2025-09-18 15:29"
"5091","aquaHub-660298","9001-52036","Male",161,2025-09-18,"2025-09-18 15:30"
"5092","aquaHub-660143","9001-43287","Female",201,2025-09-18,"2025-09-18 15:30"
"5093","aquaHub-660298","9001-26756","Male",1.6,2025-09-18,"2025-09-18 15:31"
"5094","aquaHub-660298","9001-52029","Male",1.5,2025-09-18,"2025-09-18 15:31"
"5095","aquaHub-660298","9001-52036","Male",161,2025-09-18,"2025-09-18 15:32"
"5096","aquaHub-660143","9001-43287","Female",201,2025-09-18,"2025-09-18 15:32"
"5097","aquaHub-660298","9001-52029","Male",1.5,2025-09-18,"2025-09-18 15:33"
"5098","aquaHub-660143","9001-43287","Female",201,2025-09-18,"2025-09-18 15:34"
"5099","aquaHub-660298","9001-52039","Male",170,2025-09-18,"2025-09-18 15:34"
"5100","aquaHub-660298","9001-52036","Male",161,2025-09-18,"2025-09-18 15:34"
"5101","aquaHub-660143","9001-43287","Female",201,2025-09-18,"2025-09-18 15:35"
"5102","aquaHub-660298","9001-52029","Male",1.5,2025-09-18,"2025-09-18 15:36"
"5103","aquaHub-660298","9001-52039","Male",170,2025-09-18,"2025-09-18 15:36"
"5104","aquaHub-660298","9001-52036","Male",161,2025-09-18,"2025-09-18 15:36"
"5105","aquaHub-660143","9001-43287","Female",201,2025-09-18,"2025-09-18 15:38"
"5106","aquaHub-660298","9001-52039","Male",170,2025-09-18,"2025-09-18 15:38"
"5107","aquaHub-660298","9001-26756","Male",1.6,2025-09-18,"2025-09-18 15:39"
"5108","aquaHub-660298","9001-52036","Male",161,2025-09-18,"2025-09-18 15:39"
"5109","aquaHub-660298","9001-52039","Male",170,2025-09-18,"2025-09-18 15:40"
"5110","aquaHub-660143","9001-43287","Female",201,2025-09-18,"2025-09-18 15:41"
"5111","aquaHub-660298","9001-52029","Male",1.5,2025-09-18,"2025-09-18 15:41"
"5112","aquaHub-660298","9001-52036","Male",161,2025-09-18,"2025-09-18 15:41"
"5113","aquaHub-660298","9001-52039","Male",170,2025-09-18,"2025-09-18 15:42"
"5114","aquaHub-660298","9001-52039","Male",170,2025-09-18,"2025-09-18 15:43"
"5115","aquaHub-660298","9001-52036","Male",161,2025-09-18,"2025-09-18 15:43"
"5116","aquaHub-660143","9001-43287","Female",201,2025-09-18,"2025-09-18 15:43"
"5117","aquaHub-660298","9001-52029","Male",1.5,2025-09-18,"2025-09-18 15:44"
"5118","aquaHub-660143","9001-43287","Female",201,2025-09-18,"2025-09-18 15:45"
"5119","aquaHub-660298","9001-52029","Male",1.5,2025-09-18,"2025-09-18 15:46"
"5120","aquaHub-660298","9001-52039","Male",170,2025-09-18,"2025-09-18 15:47"
"5121","aquaHub-660143","9001-43287","Female",201,2025-09-18,"2025-09-18 15:47"
"5122","aquaHub-660298","9001-52036","Male",161,2025-09-18,"2025-09-18 15:48"
"5123","aquaHub-660298","9001-52029","Male",1.5,2025-09-18,"2025-09-18 15:48"
"5124","aquaHub-660298","9001-52039","Male",170,2025-09-18,"2025-09-18 15:49"
"5125","aquaHub-660298","9001-52036","Male",161,2025-09-18,"2025-09-18 15:50"
"5126","aquaHub-660143","9001-43287","Female",201,2025-09-18,"2025-09-18 15:52"
"5127","aquaHub-660298","9001-52036","Male",161,2025-09-18,"2025-09-18 15:53"
"5128","aquaHub-660298","9001-52039","Male",170,2025-09-18,"2025-09-18 15:54"
"5129","aquaHub-660143","9001-43287","Female",201,2025-09-18,"2025-09-18 15:54"
"5130","aquaHub-660298","9001-52036","Male",161,2025-09-18,"2025-09-18 15:55"
"5131","aquaHub-660298","9001-52036","Male",161,2025-09-18,"2025-09-18 15:56"
"5132","aquaHub-660298","9001-52039","Male",170,2025-09-18,"2025-09-18 15:56"
"5133","aquaHub-660298","9001-52036","Male",161,2025-09-18,"2025-09-18 15:58"
"5134","aquaHub-660298","9001-52029","Male",1.5,2025-09-18,"2025-09-18 15:58"
"5135","aquaHub-660298","9001-52039","Male",170,2025-09-18,"2025-09-18 15:59"
"5136","aquaHub-660298","9001-52036","Male",161,2025-09-18,"2025-09-18 16:00"
"5137","aquaHub-660298","9001-52039","Male",170,2025-09-18,"2025-09-18 16:01"
"5138","aquaHub-660298","9001-52029","Male",1.5,2025-09-18,"2025-09-18 16:02"
"5139","aquaHub-660298","9001-52036","Male",161,2025-09-18,"2025-09-18 16:03"
"5140","aquaHub-660143","9001-43287","Female",201,2025-09-18,"2025-09-18 16:06"
"5141","aquaHub-660298","9001-26756","Male",1.6,2025-09-18,"2025-09-18 16:08"
"5142","aquaHub-660298","9001-52031","Male",1.6,2025-09-18,"2025-09-18 16:09"
"5143","aquaHub-660143","9001-43287","Female",201,2025-09-18,"2025-09-18 16:10"
"5144","aquaHub-660298","9001-52039","Male",170,2025-09-18,"2025-09-18 16:11"
"5145","aquaHub-660143","9001-43287","Female",201,2025-09-18,"2025-09-18 16:12"
"5146","aquaHub-660298","9001-52039","Male",170,2025-09-18,"2025-09-18 16:12"
"5147","aquaHub-660143","9001-43287","Female",201,2025-09-18,"2025-09-18 16:14"
"5148","aquaHub-660298","9001-52036","Male",161,2025-09-18,"2025-09-18 16:14"
"5149","aquaHub-660298","9001-26747","Male",1.4,2025-09-18,"2025-09-18 16:15"
"5150","aquaHub-660143","9001-43287","Female",201,2025-09-18,"2025-09-18 16:16"
"5151","aquaHub-660298","9001-52036","Male",161,2025-09-18,"2025-09-18 16:16"
"5152","aquaHub-660298","9001-52036","Male",161,2025-09-18,"2025-09-18 16:18"
"5153","aquaHub-660143","9001-43287","Female",201,2025-09-18,"2025-09-18 16:18"
"5154","aquaHub-660298","9001-52039","Male",170,2025-09-18,"2025-09-18 16:19"
"5155","aquaHub-660298","9001-52036","Male",161,2025-09-18,"2025-09-18 16:20"
"5156","aquaHub-660143","9001-43287","Female",201,2025-09-18,"2025-09-18 16:20"
"5157","aquaHub-660298","9001-52039","Male",170,2025-09-18,"2025-09-18 16:21"
"5158","aquaHub-660143","9001-43287","Female",201,2025-09-18,"2025-09-18 16:22"
"5159","aquaHub-660298","9001-52039","Male",170,2025-09-18,"2025-09-18 16:22"
"5160","aquaHub-660298","9001-52036","Male",161,2025-09-18,"2025-09-18 16:23"
"5161","aquaHub-660298","9001-52036","Male",161,2025-09-18,"2025-09-18 16:24"
"5162","aquaHub-660143","9001-43287","Female",201,2025-09-18,"2025-09-18 16:24"
"5163","aquaHub-660298","9001-52039","Male",170,2025-09-18,"2025-09-18 16:25"
"5164","aquaHub-660298","9001-52036","Male",161,2025-09-18,"2025-09-18 16:26"
"5165","aquaHub-660143","9001-43287","Female",201,2025-09-18,"2025-09-18 16:26"
"5166","aquaHub-660298","9001-16704","Unknown",2.1,2025-09-18,"2025-09-18 16:26"
"5167","aquaHub-660143","9001-43287","Female",201,2025-09-18,"2025-09-18 16:28"
"5168","aquaHub-660298","9001-16704","Unknown",2.1,2025-09-18,"2025-09-18 16:32"
"5169","aquaHub-660298","9001-52039","Male",170,2025-09-18,"2025-09-18 16:32"
"5170","aquaHub-660298","9001-52036","Male",161,2025-09-18,"2025-09-18 16:33"
"5171","aquaHub-660298","9001-26747","Male",1.4,2025-09-18,"2025-09-18 16:34"
"5172","aquaHub-660298","9001-16704","Unknown",2.1,2025-09-18,"2025-09-18 16:35"
"5173","aquaHub-660298","9001-52036","Male",161,2025-09-18,"2025-09-18 16:35"
"5174","aquaHub-660143","9001-43287","Female",201,2025-09-18,"2025-09-18 16:39"
"5175","aquaHub-660298","9001-52036","Male",161,2025-09-18,"2025-09-18 16:39"
"5176","aquaHub-660298","9001-52036","Male",161,2025-09-18,"2025-09-18 16:42"
"5177","aquaHub-660298","9001-16704","Unknown",2.1,2025-09-18,"2025-09-18 16:43"
"5178","aquaHub-660298","9001-52036","Male",161,2025-09-18,"2025-09-18 16:47"
"5179","aquaHub-660298","9001-52036","Male",161,2025-09-18,"2025-09-18 16:52"
"5180","aquaHub-660143","9001-43287","Female",201,2025-09-18,"2025-09-18 16:54"
"5181","aquaHub-660298","9001-52031","Male",1.6,2025-09-18,"2025-09-18 16:55"
"5182","aquaHub-660143","9001-43287","Female",201,2025-09-18,"2025-09-18 17:00"
"5183","aquaHub-660298","9001-16704","Unknown",2.1,2025-09-18,"2025-09-18 17:02"
"5184","aquaHub-660273","9001-52022","Male",1.6,2025-09-18,"2025-09-18 17:03"
"5185","aquaHub-660298","9001-16704","Unknown",2.1,2025-09-18,"2025-09-18 17:03"
"5186","aquaHub-660273","9001-52022","Male",1.6,2025-09-18,"2025-09-18 17:06"
"5187","aquaHub-660298","9001-16704","Unknown",2.1,2025-09-18,"2025-09-18 17:06"
"5188","aquaHub-660273","9001-52022","Male",1.6,2025-09-18,"2025-09-18 17:07"
"5189","aquaHub-660273","9001-52022","Male",1.6,2025-09-18,"2025-09-18 17:09"
"5190","aquaHub-660298","9001-26747","Male",1.4,2025-09-18,"2025-09-18 17:09"
"5191","aquaHub-660298","9001-16704","Unknown",2.1,2025-09-18,"2025-09-18 17:11"
"5192","aquaHub-660273","9001-52022","Male",1.6,2025-09-18,"2025-09-18 17:11"
"5193","aquaHub-660298","9001-52031","Male",1.6,2025-09-18,"2025-09-18 17:13"
"5194","aquaHub-660273","9001-52022","Male",1.6,2025-09-18,"2025-09-18 17:15"
"5195","aquaHub-660298","9001-52036","Male",161,2025-09-18,"2025-09-18 17:15"
"5196","aquaHub-660298","9001-16704","Unknown",2.1,2025-09-18,"2025-09-18 17:16"
"5197","aquaHub-660298","9001-52036","Male",161,2025-09-18,"2025-09-18 17:17"
"5198","aquaHub-660298","9001-52031","Male",1.6,2025-09-18,"2025-09-18 17:18"
"5199","aquaHub-660298","9001-16704","Unknown",2.1,2025-09-18,"2025-09-18 17:18"
"5200","aquaHub-660298","9001-52036","Male",161,2025-09-18,"2025-09-18 17:19"
"5201","aquaHub-660298","9001-52031","Male",1.6,2025-09-18,"2025-09-18 17:20"
"5202","aquaHub-660298","9001-16704","Unknown",2.1,2025-09-18,"2025-09-18 17:21"
"5203","aquaHub-660298","9001-52036","Male",161,2025-09-18,"2025-09-18 17:21"
"5204","aquaHub-660298","9001-52031","Male",1.6,2025-09-18,"2025-09-18 17:22"
"5205","aquaHub-660298","9001-16704","Unknown",2.1,2025-09-18,"2025-09-18 17:23"
"5206","aquaHub-660298","9001-52031","Male",1.6,2025-09-18,"2025-09-18 17:23"
"5207","aquaHub-660298","9001-52029","Male",1.5,2025-09-18,"2025-09-18 17:26"
"5208","aquaHub-660298","9001-52031","Male",1.6,2025-09-18,"2025-09-18 17:28"
"5209","aquaHub-660298","9001-52029","Male",1.5,2025-09-18,"2025-09-18 17:28"
"5210","aquaHub-660298","9001-16704","Unknown",2.1,2025-09-18,"2025-09-18 17:29"
"5211","aquaHub-660298","9001-52029","Male",1.5,2025-09-18,"2025-09-18 17:31"
"5212","aquaHub-660298","9001-52029","Male",1.5,2025-09-18,"2025-09-18 17:32"
"5213","aquaHub-660298","9001-16704","Unknown",2.1,2025-09-18,"2025-09-18 17:35"
"5214","aquaHub-660298","9001-52039","Male",170,2025-09-18,"2025-09-18 17:36"
"5215","aquaHub-660298","9001-52029","Male",1.5,2025-09-18,"2025-09-18 17:36"
"5216","aquaHub-660298","9001-52039","Male",170,2025-09-18,"2025-09-18 17:38"
"5217","aquaHub-660298","9001-52029","Male",1.5,2025-09-18,"2025-09-18 17:39"
"5218","aquaHub-660298","9001-52036","Male",161,2025-09-18,"2025-09-18 17:39"
"5219","aquaHub-660298","9001-52039","Male",170,2025-09-18,"2025-09-18 17:41"
"5220","aquaHub-660298","9001-52039","Male",170,2025-09-18,"2025-09-18 17:45"
"5221","aquaHub-660298","9001-16704","Unknown",2.1,2025-09-18,"2025-09-18 17:47"
"5222","aquaHub-660298","9001-52039","Male",170,2025-09-18,"2025-09-18 17:48"
"5223","aquaHub-660298","9001-52029","Male",1.5,2025-09-18,"2025-09-18 17:51"
"5224","aquaHub-660298","9001-16704","Unknown",2.1,2025-09-18,"2025-09-18 17:53"
"5225","aquaHub-660298","9001-52039","Male",170,2025-09-18,"2025-09-18 17:55"
"5226","aquaHub-660298","9001-52031","Male",1.6,2025-09-18,"2025-09-18 17:55"
"5227","aquaHub-660298","9001-52031","Male",1.6,2025-09-18,"2025-09-18 17:58"
"5228","aquaHub-660298","9001-52039","Male",170,2025-09-18,"2025-09-18 17:59"
"5229","aquaHub-660298","9001-52031","Male",1.6,2025-09-18,"2025-09-18 18:00"
"5230","aquaHub-660110","9001-52022","Male",1.6,2025-09-18,"2025-09-18 18:01"
"5231","aquaHub-660298","9001-52031","Male",1.6,2025-09-18,"2025-09-18 18:02"
"5232","aquaHub-660110","9001-52022","Male",1.6,2025-09-18,"2025-09-18 18:03"
"5233","aquaHub-660110","9001-52022","Male",1.6,2025-09-18,"2025-09-18 18:06"
"5234","aquaHub-660298","9001-52039","Male",170,2025-09-18,"2025-09-18 18:07"
"5235","aquaHub-660298","9001-52031","Male",1.6,2025-09-18,"2025-09-18 18:10"
"5236","aquaHub-660110","9001-52022","Male",1.6,2025-09-18,"2025-09-18 18:10"
"5237","aquaHub-660298","9001-52031","Male",1.6,2025-09-18,"2025-09-18 18:18"
"5238","aquaHub-660298","9001-52031","Male",1.6,2025-09-18,"2025-09-18 18:21"
"5239","aquaHub-660298","9001-52031","Male",1.6,2025-09-18,"2025-09-18 18:23"
"5240","aquaHub-660298","9001-52031","Male",1.6,2025-09-18,"2025-09-18 18:33"
"5241","aquaHub-660298","9001-52031","Male",1.6,2025-09-18,"2025-09-18 18:35"
"5242","aquaHub-660298","9001-52031","Male",1.6,2025-09-18,"2025-09-18 18:36"
"5243","aquaHub-660298","9001-52031","Male",1.6,2025-09-18,"2025-09-18 18:38"
"5244","aquaHub-660298","9001-52031","Male",1.6,2025-09-18,"2025-09-18 18:40"
"5245","aquaHub-660298","9001-52031","Male",1.6,2025-09-18,"2025-09-18 18:42"
"5246","aquaHub-660298","9001-43282","Male",162,2025-09-18,"2025-09-18 18:51"
"5247","aquaHub-660298","9001-43282","Male",162,2025-09-18,"2025-09-18 18:52"
"5248","aquaHub-660298","9001-52039","Male",170,2025-09-18,"2025-09-18 18:54"
"5249","aquaHub-660298","9001-43282","Male",162,2025-09-18,"2025-09-18 18:54"
"5250","aquaHub-660298","9001-43282","Male",162,2025-09-18,"2025-09-18 18:58"
"5251","aquaHub-660298","9001-52039","Male",170,2025-09-18,"2025-09-18 18:59"
"5252","aquaHub-660298","9001-43282","Male",162,2025-09-18,"2025-09-18 19:00"
"5253","aquaHub-660298","9001-43282","Male",162,2025-09-18,"2025-09-18 19:02"
"5254","aquaHub-660298","9001-43282","Male",162,2025-09-18,"2025-09-18 19:05"
"5255","aquaHub-660298","9001-43282","Male",162,2025-09-18,"2025-09-18 19:07"
"5256","aquaHub-660298","9001-43282","Male",162,2025-09-18,"2025-09-18 19:09"
"5257","aquaHub-660298","9001-43282","Male",162,2025-09-18,"2025-09-18 19:10"
"5258","aquaHub-660298","9001-43282","Male",162,2025-09-18,"2025-09-18 19:12"
"5259","aquaHub-660298","9001-43282","Male",162,2025-09-18,"2025-09-18 19:15"
"5260","aquaHub-660298","9001-52039","Male",170,2025-09-18,"2025-09-18 19:36"
"5261","aquaHub-660298","9001-52039","Male",170,2025-09-18,"2025-09-18 19:41"
"5262","aquaHub-660298","9001-52039","Male",170,2025-09-18,"2025-09-18 19:43"
"5263","aquaHub-660298","9001-52039","Male",170,2025-09-18,"2025-09-18 19:46"
"5264","aquaHub-660298","9001-52039","Male",170,2025-09-18,"2025-09-18 19:48"
"5265","aquaHub-660298","9001-52039","Male",170,2025-09-18,"2025-09-18 19:50"
"5266","aquaHub-660298","9001-52039","Male",170,2025-09-18,"2025-09-18 19:52"
"5267","aquaHub-660298","9001-52039","Male",170,2025-09-18,"2025-09-18 19:54"
"5268","aquaHub-660298","9001-52039","Male",170,2025-09-18,"2025-09-18 19:57"
"5269","aquaHub-660298","9001-52039","Male",170,2025-09-18,"2025-09-18 20:02"
"5270","aquaHub-660298","9001-52039","Male",170,2025-09-18,"2025-09-18 20:08"
"5271","aquaHub-660298","9001-52039","Male",170,2025-09-18,"2025-09-18 20:10"
"5272","aquaHub-660298","9001-52039","Male",170,2025-09-18,"2025-09-18 20:12"
"5273","aquaHub-660298","9001-52039","Male",170,2025-09-18,"2025-09-18 20:15"
"5274","aquaHub-660298","9001-52039","Male",170,2025-09-18,"2025-09-18 20:17"
"5275","aquaHub-660298","9001-52039","Male",170,2025-09-18,"2025-09-18 20:24"
"5276","aquaHub-660298","9001-52039","Male",170,2025-09-18,"2025-09-18 20:28"
"5277","aquaHub-660298","9001-43282","Male",162,2025-09-18,"2025-09-18 20:28"
"5278","aquaHub-660298","9001-43282","Male",162,2025-09-18,"2025-09-18 20:30"
"5279","aquaHub-660298","9001-52039","Male",170,2025-09-18,"2025-09-18 20:30"
"5280","aquaHub-660298","9001-52039","Male",170,2025-09-18,"2025-09-18 20:33"
"5281","aquaHub-660298","9001-52039","Male",170,2025-09-18,"2025-09-18 20:35"
"5282","aquaHub-660298","9001-52039","Male",170,2025-09-18,"2025-09-18 20:39"
"5283","aquaHub-660298","9001-52031","Male",1.6,2025-09-18,"2025-09-18 20:39"
"5284","aquaHub-660298","9001-52039","Male",170,2025-09-18,"2025-09-18 20:44"
"5285","aquaHub-660298","9001-52031","Male",1.6,2025-09-18,"2025-09-18 20:44"
"5286","aquaHub-660298","9001-52039","Male",170,2025-09-18,"2025-09-18 20:46"
"5287","aquaHub-660298","9001-52031","Male",1.6,2025-09-18,"2025-09-18 20:46"
"5288","aquaHub-660298","9001-52039","Male",170,2025-09-18,"2025-09-18 20:48"
"5289","aquaHub-660298","9001-43282","Male",162,2025-09-18,"2025-09-18 20:48"
"5290","aquaHub-660298","9001-52039","Male",170,2025-09-18,"2025-09-18 20:50"
"5291","aquaHub-660298","9001-43282","Male",162,2025-09-18,"2025-09-18 20:51"
"5292","aquaHub-660298","9001-52031","Male",1.6,2025-09-18,"2025-09-18 20:51"
"5293","aquaHub-660298","9001-43282","Male",162,2025-09-18,"2025-09-18 20:53"
"5294","aquaHub-660298","9001-52031","Male",1.6,2025-09-18,"2025-09-18 20:54"
"5295","aquaHub-660298","9001-43282","Male",162,2025-09-18,"2025-09-18 20:56"
"5296","aquaHub-660298","9001-43282","Male",162,2025-09-18,"2025-09-18 20:58"
"5297","aquaHub-660298","9001-52031","Male",1.6,2025-09-18,"2025-09-18 20:59"
"5298","aquaHub-660298","9001-43282","Male",162,2025-09-18,"2025-09-18 21:00"
"5299","aquaHub-660298","9001-52031","Male",1.6,2025-09-18,"2025-09-18 21:01"
"5300","aquaHub-660298","9001-43282","Male",162,2025-09-18,"2025-09-18 21:02"
"5301","aquaHub-660298","9001-43282","Male",162,2025-09-18,"2025-09-18 21:04"
"5302","aquaHub-660298","9001-43282","Male",162,2025-09-18,"2025-09-18 21:06"
"5303","aquaHub-660298","9001-52031","Male",1.6,2025-09-18,"2025-09-18 21:07"
"5304","aquaHub-660298","9001-43282","Male",162,2025-09-18,"2025-09-18 21:08"
"5305","aquaHub-660298","9001-43282","Male",162,2025-09-18,"2025-09-18 21:10"
"5306","aquaHub-660298","9001-52039","Male",170,2025-09-18,"2025-09-18 21:13"
"5307","aquaHub-660247","9001-28297","Male",1.6,2025-09-18,"2025-09-18 21:15"
"5308","aquaHub-660298","9001-43282","Male",162,2025-09-18,"2025-09-18 21:15"
"5309","aquaHub-660298","9001-43282","Male",162,2025-09-18,"2025-09-18 21:18"
"5310","aquaHub-660247","9001-28297","Male",1.6,2025-09-18,"2025-09-18 21:19"
"5311","aquaHub-660298","9001-52039","Male",170,2025-09-18,"2025-09-18 21:20"
"5312","aquaHub-660298","9001-43282","Male",162,2025-09-18,"2025-09-18 21:20"
"5313","aquaHub-660298","9001-52039","Male",170,2025-09-18,"2025-09-18 21:23"
"5314","aquaHub-660298","9001-43282","Male",162,2025-09-18,"2025-09-18 21:23"
"5315","aquaHub-660298","9001-52039","Male",170,2025-09-18,"2025-09-18 21:25"
"5316","aquaHub-660298","9001-43282","Male",162,2025-09-18,"2025-09-18 21:26"
"5317","aquaHub-660298","9001-52039","Male",170,2025-09-18,"2025-09-18 21:29"
"5318","aquaHub-660298","9001-52039","Male",170,2025-09-18,"2025-09-18 21:31"
"5319","aquaHub-660298","9001-52039","Male",170,2025-09-18,"2025-09-18 21:33"
"5320","aquaHub-660298","9001-52039","Male",170,2025-09-18,"2025-09-18 21:34"
"5321","aquaHub-660298","9001-52039","Male",170,2025-09-18,"2025-09-18 21:36"
"5322","aquaHub-660298","9001-52039","Male",170,2025-09-18,"2025-09-18 21:38"
"5323","aquaHub-660298","9001-52039","Male",170,2025-09-18,"2025-09-18 21:40"
"5324","aquaHub-660298","9001-52039","Male",170,2025-09-18,"2025-09-18 21:42"
"5325","aquaHub-660247","9001-28297","Male",1.6,2025-09-18,"2025-09-18 21:43"
"5326","aquaHub-660298","9001-52039","Male",170,2025-09-18,"2025-09-18 21:45"
"5327","aquaHub-660298","9001-52039","Male",170,2025-09-18,"2025-09-18 21:50"
"5328","aquaHub-660298","9001-52039","Male",170,2025-09-18,"2025-09-18 21:53"
"5329","aquaHub-660247","9001-28297","Male",1.6,2025-09-18,"2025-09-18 22:00"
"5330","aquaHub-660247","9001-28297","Male",1.6,2025-09-18,"2025-09-18 22:02"
"5331","aquaHub-660247","9001-28297","Male",1.6,2025-09-18,"2025-09-18 22:06"
"5332","aquaHub-660247","9001-28297","Male",1.6,2025-09-18,"2025-09-18 22:09"
"5333","aquaHub-660247","9001-28297","Male",1.6,2025-09-18,"2025-09-18 22:12"
"5334","aquaHub-660298","9001-16704","Unknown",2.1,2025-09-18,"2025-09-18 22:16"
"5335","aquaHub-660247","9001-28297","Male",1.6,2025-09-18,"2025-09-18 22:17"
"5336","aquaHub-660273","9001-52032","Female",1.8,2025-09-18,"2025-09-18 22:18"
"5337","aquaHub-660273","9001-52032","Female",1.8,2025-09-18,"2025-09-18 22:22"
"5338","aquaHub-660247","9001-28297","Male",1.6,2025-09-18,"2025-09-18 22:23"
"5339","aquaHub-660273","9001-52032","Female",1.8,2025-09-18,"2025-09-18 22:24"
"5340","aquaHub-660247","9001-28297","Male",1.6,2025-09-18,"2025-09-18 22:25"
"5341","aquaHub-660247","9001-28297","Male",1.6,2025-09-18,"2025-09-18 22:27"
"5342","aquaHub-660298","9001-52031","Male",1.6,2025-09-18,"2025-09-18 22:31"
"5343","aquaHub-660298","9001-16704","Unknown",2.1,2025-09-18,"2025-09-18 22:36"
"5344","aquaHub-660298","9001-16704","Unknown",2.1,2025-09-18,"2025-09-18 22:39"
"5345","aquaHub-660298","9001-52031","Male",1.6,2025-09-18,"2025-09-18 22:40"
"5346","aquaHub-660298","9001-52031","Male",1.6,2025-09-18,"2025-09-18 22:43"
"5347","aquaHub-660298","9001-52031","Male",1.6,2025-09-18,"2025-09-18 22:45"
"5348","aquaHub-660298","9001-52031","Male",1.6,2025-09-18,"2025-09-18 22:47"
"5349","aquaHub-660298","9001-52031","Male",1.6,2025-09-18,"2025-09-18 22:52"
"5350","aquaHub-660298","9001-43282","Male",162,2025-09-18,"2025-09-18 22:53"
"5351","aquaHub-660298","9001-52031","Male",1.6,2025-09-18,"2025-09-18 22:54"
"5352","aquaHub-660298","9001-52039","Male",170,2025-09-18,"2025-09-18 23:02"
"5353","aquaHub-660298","9001-52039","Male",170,2025-09-18,"2025-09-18 23:04"
"5354","aquaHub-660298","9001-43282","Male",162,2025-09-18,"2025-09-18 23:18"
"5355","aquaHub-660298","9001-52039","Male",170,2025-09-18,"2025-09-18 23:24"
"5356","aquaHub-660298","9001-52039","Male",170,2025-09-18,"2025-09-18 23:26"
"5357","aquaHub-660298","9001-52031","Male",1.6,2025-09-18,"2025-09-18 23:26"
"5358","aquaHub-660298","9001-52039","Male",170,2025-09-18,"2025-09-18 23:28"
"5359","aquaHub-660298","9001-43282","Male",162,2025-09-18,"2025-09-18 23:28"
"5360","aquaHub-660298","9001-52039","Male",170,2025-09-18,"2025-09-18 23:30"
"5361","aquaHub-660298","9001-52031","Male",1.6,2025-09-18,"2025-09-18 23:31"
"5362","aquaHub-660298","9001-52039","Male",170,2025-09-18,"2025-09-18 23:32"
"5363","aquaHub-660298","9001-43282","Male",162,2025-09-18,"2025-09-18 23:33"
"5364","aquaHub-660298","9001-52039","Male",170,2025-09-18,"2025-09-18 23:33"
"5365","aquaHub-660298","9001-43282","Male",162,2025-09-18,"2025-09-18 23:35"
"5366","aquaHub-660298","9001-52039","Male",170,2025-09-18,"2025-09-18 23:35"
"5367","aquaHub-660298","9001-43282","Male",162,2025-09-18,"2025-09-18 23:36"
"5368","aquaHub-660298","9001-43282","Male",162,2025-09-18,"2025-09-18 23:38"
"5369","aquaHub-660298","9001-43282","Male",162,2025-09-18,"2025-09-18 23:41"
"5370","aquaHub-660298","9001-52039","Male",170,2025-09-18,"2025-09-18 23:42"
"5371","aquaHub-660298","9001-52039","Male",170,2025-09-18,"2025-09-18 23:45"
"5372","aquaHub-660298","9001-43282","Male",162,2025-09-18,"2025-09-18 23:46"
"5373","aquaHub-660298","9001-43282","Male",162,2025-09-18,"2025-09-18 23:53"
"5374","aquaHub-660298","9001-52039","Male",170,2025-09-18,"2025-09-18 23:54"
"5375","aquaHub-660298","9001-43282","Male",162,2025-09-18,"2025-09-18 23:55"
"5376","aquaHub-660298","9001-43282","Male",162,2025-09-18,"2025-09-18 23:56"
"5377","aquaHub-660298","9001-52031","Male",1.6,2025-09-18,"2025-09-18 23:58"
"5378","aquaHub-660298","9001-43282","Male",162,2025-09-18,"2025-09-18 23:58"
"5379","aquaHub-660298","9001-52039","Male",170,2025-09-18,"2025-09-18 23:59"
"5380","aquaHub-660298","9001-52031","Male",1.6,2025-09-19,"2025-09-19 0:00"
"5381","aquaHub-660298","9001-43282","Male",162,2025-09-19,"2025-09-19 0:00"
"5382","aquaHub-660298","9001-52031","Male",1.6,2025-09-19,"2025-09-19 0:01"
"5383","aquaHub-660298","9001-43282","Male",162,2025-09-19,"2025-09-19 0:02"
"5384","aquaHub-660298","9001-43282","Male",162,2025-09-19,"2025-09-19 0:04"
"5385","aquaHub-660298","9001-52039","Male",170,2025-09-19,"2025-09-19 0:07"
"5386","aquaHub-660298","9001-52031","Male",1.6,2025-09-19,"2025-09-19 0:07"
"5387","aquaHub-660298","9001-52039","Male",170,2025-09-19,"2025-09-19 0:09"
"5388","aquaHub-660298","9001-52031","Male",1.6,2025-09-19,"2025-09-19 0:09"
"5389","aquaHub-660298","9001-43282","Male",162,2025-09-19,"2025-09-19 0:09"
"5390","aquaHub-660298","9001-43282","Male",162,2025-09-19,"2025-09-19 0:11"
"5391","aquaHub-660298","9001-52031","Male",1.6,2025-09-19,"2025-09-19 0:11"
"5392","aquaHub-660298","9001-52031","Male",1.6,2025-09-19,"2025-09-19 0:14"
"5393","aquaHub-660298","9001-52039","Male",170,2025-09-19,"2025-09-19 0:14"
"5394","aquaHub-660298","9001-52031","Male",1.6,2025-09-19,"2025-09-19 0:15"
"5395","aquaHub-660298","9001-52039","Male",170,2025-09-19,"2025-09-19 0:15"
"5396","aquaHub-660298","9001-43282","Male",162,2025-09-19,"2025-09-19 0:16"
"5397","aquaHub-660298","9001-52031","Male",1.6,2025-09-19,"2025-09-19 0:16"
"5398","aquaHub-660298","9001-43282","Male",162,2025-09-19,"2025-09-19 0:17"
"5399","aquaHub-660298","9001-52039","Male",170,2025-09-19,"2025-09-19 0:18"
"5400","aquaHub-660298","9001-52031","Male",1.6,2025-09-19,"2025-09-19 0:18"
"5401","aquaHub-660298","9001-52031","Male",1.6,2025-09-19,"2025-09-19 0:21"
"5402","aquaHub-660298","9001-52031","Male",1.6,2025-09-19,"2025-09-19 0:23"
"5403","aquaHub-660298","9001-52031","Male",1.6,2025-09-19,"2025-09-19 0:25"
"5404","aquaHub-660298","9001-52039","Male",170,2025-09-19,"2025-09-19 0:26"
"5405","aquaHub-660298","9001-43282","Male",162,2025-09-19,"2025-09-19 0:27"
"5406","aquaHub-660298","9001-52031","Male",1.6,2025-09-19,"2025-09-19 0:28"
"5407","aquaHub-660298","9001-52039","Male",170,2025-09-19,"2025-09-19 0:28"
"5408","aquaHub-660298","9001-43282","Male",162,2025-09-19,"2025-09-19 0:29"
"5409","aquaHub-660298","9001-52031","Male",1.6,2025-09-19,"2025-09-19 0:29"
"5410","aquaHub-660298","9001-52039","Male",170,2025-09-19,"2025-09-19 0:30"
"5411","aquaHub-660298","9001-52031","Male",1.6,2025-09-19,"2025-09-19 0:31"
"5412","aquaHub-660298","9001-43282","Male",162,2025-09-19,"2025-09-19 0:32"
"5413","aquaHub-660298","9001-52039","Male",170,2025-09-19,"2025-09-19 0:32"
"5414","aquaHub-660298","9001-52031","Male",1.6,2025-09-19,"2025-09-19 0:33"
"5415","aquaHub-660298","9001-52039","Male",170,2025-09-19,"2025-09-19 0:34"
"5416","aquaHub-660298","9001-43282","Male",162,2025-09-19,"2025-09-19 0:34"
"5417","aquaHub-660298","9001-43282","Male",162,2025-09-19,"2025-09-19 0:36"
"5418","aquaHub-660298","9001-52031","Male",1.6,2025-09-19,"2025-09-19 0:38"
"5419","aquaHub-660298","9001-43282","Male",162,2025-09-19,"2025-09-19 0:38"
"5420","aquaHub-660298","9001-43282","Male",162,2025-09-19,"2025-09-19 0:40"
"5421","aquaHub-660298","9001-52031","Male",1.6,2025-09-19,"2025-09-19 0:40"
"5422","aquaHub-660298","9001-52031","Male",1.6,2025-09-19,"2025-09-19 0:42"
"5423","aquaHub-660298","9001-52039","Male",170,2025-09-19,"2025-09-19 0:45"
"5424","aquaHub-660298","9001-52039","Male",170,2025-09-19,"2025-09-19 0:49"
"5425","aquaHub-660298","9001-52031","Male",1.6,2025-09-19,"2025-09-19 0:50"
"5426","aquaHub-660298","9001-52031","Male",1.6,2025-09-19,"2025-09-19 0:52"
"5427","aquaHub-660298","9001-52031","Male",1.6,2025-09-19,"2025-09-19 0:54"
"5428","aquaHub-660298","9001-52031","Male",1.6,2025-09-19,"2025-09-19 0:55"
"5429","aquaHub-660298","9001-52039","Male",170,2025-09-19,"2025-09-19 0:57"
"5430","aquaHub-660298","9001-52031","Male",1.6,2025-09-19,"2025-09-19 0:57"
"5431","aquaHub-660298","9001-52039","Male",170,2025-09-19,"2025-09-19 1:01"
"5432","aquaHub-660298","9001-52031","Male",1.6,2025-09-19,"2025-09-19 1:02"
"5433","aquaHub-660298","9001-52039","Male",170,2025-09-19,"2025-09-19 1:03"
"5434","aquaHub-660298","9001-52031","Male",1.6,2025-09-19,"2025-09-19 1:04"
"5435","aquaHub-660298","9001-52039","Male",170,2025-09-19,"2025-09-19 1:05"
"5436","aquaHub-660298","9001-52031","Male",1.6,2025-09-19,"2025-09-19 1:06"
"5437","aquaHub-660298","9001-52039","Male",170,2025-09-19,"2025-09-19 1:06"
"5438","aquaHub-660298","9001-52031","Male",1.6,2025-09-19,"2025-09-19 1:13"
"5439","aquaHub-660298","9001-52031","Male",1.6,2025-09-19,"2025-09-19 1:15"
"5440","aquaHub-660298","9001-52031","Male",1.6,2025-09-19,"2025-09-19 1:20"
"5441","aquaHub-660298","9001-52031","Male",1.6,2025-09-19,"2025-09-19 1:22"
"5442","aquaHub-660298","9001-52031","Male",1.6,2025-09-19,"2025-09-19 1:24"
"5443","aquaHub-660298","9001-52031","Male",1.6,2025-09-19,"2025-09-19 1:26"
"5444","aquaHub-660298","9001-52031","Male",1.6,2025-09-19,"2025-09-19 1:31"
"5445","aquaHub-660298","9001-52031","Male",1.6,2025-09-19,"2025-09-19 1:33"
"5446","aquaHub-660298","9001-52031","Male",1.6,2025-09-19,"2025-09-19 1:35"
"5447","aquaHub-660298","9001-52031","Male",1.6,2025-09-19,"2025-09-19 1:37"
"5448","aquaHub-660298","9001-52031","Male",1.6,2025-09-19,"2025-09-19 1:39"
"5449","aquaHub-660298","9001-52031","Male",1.6,2025-09-19,"2025-09-19 1:48"
"5450","aquaHub-660298","9001-52031","Male",1.6,2025-09-19,"2025-09-19 1:51"
"5451","aquaHub-660298","9001-43282","Male",162,2025-09-19,"2025-09-19 1:58"
"5452","aquaHub-660298","9001-43282","Male",162,2025-09-19,"2025-09-19 2:01"
"5453","aquaHub-660298","9001-43282","Male",162,2025-09-19,"2025-09-19 2:03"
"5454","aquaHub-660298","9001-52031","Male",1.6,2025-09-19,"2025-09-19 2:04"
"5455","aquaHub-660298","9001-43282","Male",162,2025-09-19,"2025-09-19 2:04"
"5456","aquaHub-660298","9001-52031","Male",1.6,2025-09-19,"2025-09-19 2:06"
"5457","aquaHub-660298","9001-52031","Male",1.6,2025-09-19,"2025-09-19 2:10"
"5458","aquaHub-660298","9001-43282","Male",162,2025-09-19,"2025-09-19 2:10"
"5459","aquaHub-660298","9001-43282","Male",162,2025-09-19,"2025-09-19 2:12"
"5460","aquaHub-660298","9001-52031","Male",1.6,2025-09-19,"2025-09-19 2:12"
"5461","aquaHub-660298","9001-52031","Male",1.6,2025-09-19,"2025-09-19 2:16"
"5462","aquaHub-660298","9001-52031","Male",1.6,2025-09-19,"2025-09-19 2:18"
"5463","aquaHub-660298","9001-43282","Male",162,2025-09-19,"2025-09-19 2:19"
"5464","aquaHub-660298","9001-52031","Male",1.6,2025-09-19,"2025-09-19 2:21"
"5465","aquaHub-660298","9001-43282","Male",162,2025-09-19,"2025-09-19 2:21"
"5466","aquaHub-660298","9001-52031","Male",1.6,2025-09-19,"2025-09-19 2:23"
"5467","aquaHub-660298","9001-43282","Male",162,2025-09-19,"2025-09-19 2:24"
"5468","aquaHub-660298","9001-52031","Male",1.6,2025-09-19,"2025-09-19 2:25"
"5469","aquaHub-660298","9001-43282","Male",162,2025-09-19,"2025-09-19 2:26"
"5470","aquaHub-660298","9001-52031","Male",1.6,2025-09-19,"2025-09-19 2:26"
"5471","aquaHub-660298","9001-52031","Male",1.6,2025-09-19,"2025-09-19 2:28"
"5472","aquaHub-660298","9001-43282","Male",162,2025-09-19,"2025-09-19 2:28"
"5473","aquaHub-660298","9001-52031","Male",1.6,2025-09-19,"2025-09-19 2:29"
"5474","aquaHub-660298","9001-43282","Male",162,2025-09-19,"2025-09-19 2:30"
"5475","aquaHub-660298","9001-52031","Male",1.6,2025-09-19,"2025-09-19 2:31"
"5476","aquaHub-660298","9001-52036","Male",161,2025-09-19,"2025-09-19 2:33"
"5477","aquaHub-660298","9001-43282","Male",162,2025-09-19,"2025-09-19 2:36"
"5478","aquaHub-660298","9001-52036","Male",161,2025-09-19,"2025-09-19 2:43"
"5479","aquaHub-660298","9001-52036","Male",161,2025-09-19,"2025-09-19 2:45"
"5480","aquaHub-660298","9001-52036","Male",161,2025-09-19,"2025-09-19 2:47"
"5481","aquaHub-660298","9001-43282","Male",162,2025-09-19,"2025-09-19 2:47"
"5482","aquaHub-660298","9001-52029","Male",1.5,2025-09-19,"2025-09-19 2:48"
"5483","aquaHub-660298","9001-52036","Male",161,2025-09-19,"2025-09-19 2:48"
"5484","aquaHub-660298","9001-43282","Male",162,2025-09-19,"2025-09-19 2:49"
"5485","aquaHub-660298","9001-43282","Male",162,2025-09-19,"2025-09-19 2:53"
"5486","aquaHub-660298","9001-52036","Male",161,2025-09-19,"2025-09-19 2:55"
"5487","aquaHub-660298","9001-43282","Male",162,2025-09-19,"2025-09-19 2:56"
"5488","aquaHub-660298","9001-52036","Male",161,2025-09-19,"2025-09-19 2:57"
"5489","aquaHub-660298","9001-52036","Male",161,2025-09-19,"2025-09-19 3:00"
"5490","aquaHub-660298","9001-26756","Male",1.6,2025-09-19,"2025-09-19 3:00"
"5491","aquaHub-660298","9001-43282","Male",162,2025-09-19,"2025-09-19 3:01"
"5492","aquaHub-660298","9001-43282","Male",162,2025-09-19,"2025-09-19 3:02"
"5493","aquaHub-660298","9001-43282","Male",162,2025-09-19,"2025-09-19 3:04"
"5494","aquaHub-660298","9001-43282","Male",162,2025-09-19,"2025-09-19 3:05"
"5495","aquaHub-660298","9001-52036","Male",161,2025-09-19,"2025-09-19 3:05"
"5496","aquaHub-660298","9001-43282","Male",162,2025-09-19,"2025-09-19 3:07"
"5497","aquaHub-660298","9001-52031","Male",1.6,2025-09-19,"2025-09-19 3:09"
"5498","aquaHub-660298","9001-26756","Male",1.6,2025-09-19,"2025-09-19 3:09"
"5499","aquaHub-660298","9001-43282","Male",162,2025-09-19,"2025-09-19 3:11"
"5500","aquaHub-660298","9001-52031","Male",1.6,2025-09-19,"2025-09-19 3:12"
"5501","aquaHub-660298","9001-52036","Male",161,2025-09-19,"2025-09-19 3:12"
"5502","aquaHub-660298","9001-26756","Male",1.6,2025-09-19,"2025-09-19 3:13"
"5503","aquaHub-660298","9001-43282","Male",162,2025-09-19,"2025-09-19 3:13"
"5504","aquaHub-660298","9001-52031","Male",1.6,2025-09-19,"2025-09-19 3:14"
"5505","aquaHub-660298","9001-52036","Male",161,2025-09-19,"2025-09-19 3:15"
"5506","aquaHub-660298","9001-52031","Male",1.6,2025-09-19,"2025-09-19 3:16"
"5507","aquaHub-660298","9001-52031","Male",1.6,2025-09-19,"2025-09-19 3:20"
"5508","aquaHub-660298","9001-43282","Male",162,2025-09-19,"2025-09-19 3:21"
"5509","aquaHub-660298","9001-52036","Male",161,2025-09-19,"2025-09-19 3:21"
"5510","aquaHub-660298","9001-26756","Male",1.6,2025-09-19,"2025-09-19 3:21"
"5511","aquaHub-660298","9001-52036","Male",161,2025-09-19,"2025-09-19 3:23"
"5512","aquaHub-660298","9001-26756","Male",1.6,2025-09-19,"2025-09-19 3:24"
"5513","aquaHub-660298","9001-52036","Male",161,2025-09-19,"2025-09-19 3:26"
"5514","aquaHub-660298","9001-52031","Male",1.6,2025-09-19,"2025-09-19 3:27"
"5515","aquaHub-660298","9001-43282","Male",162,2025-09-19,"2025-09-19 3:27"
"5516","aquaHub-660298","9001-26756","Male",1.6,2025-09-19,"2025-09-19 3:29"
"5517","aquaHub-660298","9001-43282","Male",162,2025-09-19,"2025-09-19 3:29"
"5518","aquaHub-660298","9001-52036","Male",161,2025-09-19,"2025-09-19 3:31"
"5519","aquaHub-660298","9001-43282","Male",162,2025-09-19,"2025-09-19 3:31"
"5520","aquaHub-660298","9001-52036","Male",161,2025-09-19,"2025-09-19 3:33"
"5521","aquaHub-660298","9001-43282","Male",162,2025-09-19,"2025-09-19 3:36"
"5522","aquaHub-660298","9001-43282","Male",162,2025-09-19,"2025-09-19 3:38"
"5523","aquaHub-660298","9001-52036","Male",161,2025-09-19,"2025-09-19 3:38"
"5524","aquaHub-660298","9001-26756","Male",1.6,2025-09-19,"2025-09-19 3:39"
"5525","aquaHub-660298","9001-43282","Male",162,2025-09-19,"2025-09-19 3:42"
"5526","aquaHub-660298","9001-52036","Male",161,2025-09-19,"2025-09-19 3:43"
"5527","aquaHub-660298","9001-26756","Male",1.6,2025-09-19,"2025-09-19 3:43"
"5528","aquaHub-660298","9001-52036","Male",161,2025-09-19,"2025-09-19 3:45"
"5529","aquaHub-660298","9001-52036","Male",161,2025-09-19,"2025-09-19 3:46"
"5530","aquaHub-660298","9001-26756","Male",1.6,2025-09-19,"2025-09-19 3:49"
"5531","aquaHub-660298","9001-43282","Male",162,2025-09-19,"2025-09-19 3:49"
"5532","aquaHub-660298","9001-52031","Male",1.6,2025-09-19,"2025-09-19 3:52"
"5533","aquaHub-660298","9001-26756","Male",1.6,2025-09-19,"2025-09-19 3:53"
"5534","aquaHub-660298","9001-52031","Male",1.6,2025-09-19,"2025-09-19 3:54"
"5535","aquaHub-660298","9001-52036","Male",161,2025-09-19,"2025-09-19 3:55"
"5536","aquaHub-660298","9001-52031","Male",1.6,2025-09-19,"2025-09-19 3:56"
"5537","aquaHub-660298","9001-43282","Male",162,2025-09-19,"2025-09-19 3:57"
"5538","aquaHub-660298","9001-52031","Male",1.6,2025-09-19,"2025-09-19 3:58"
"5539","aquaHub-660298","9001-43282","Male",162,2025-09-19,"2025-09-19 3:59"
"5540","aquaHub-660298","9001-26756","Male",1.6,2025-09-19,"2025-09-19 4:01"
"5541","aquaHub-660298","9001-43282","Male",162,2025-09-19,"2025-09-19 4:01"
"5542","aquaHub-660298","9001-52031","Male",1.6,2025-09-19,"2025-09-19 4:02"
"5543","aquaHub-660298","9001-43282","Male",162,2025-09-19,"2025-09-19 4:03"
"5544","aquaHub-660298","9001-43282","Male",162,2025-09-19,"2025-09-19 4:05"
"5545","aquaHub-660298","9001-52031","Male",1.6,2025-09-19,"2025-09-19 4:05"
"5546","aquaHub-660298","9001-43282","Male",162,2025-09-19,"2025-09-19 4:06"
"5547","aquaHub-660298","9001-52031","Male",1.6,2025-09-19,"2025-09-19 4:08"
"5548","aquaHub-660298","9001-52031","Male",1.6,2025-09-19,"2025-09-19 4:10"
"5549","aquaHub-660298","9001-43282","Male",162,2025-09-19,"2025-09-19 4:11"
"5550","aquaHub-660298","9001-26756","Male",1.6,2025-09-19,"2025-09-19 4:12"
"5551","aquaHub-660298","9001-43282","Male",162,2025-09-19,"2025-09-19 4:13"
"5552","aquaHub-660298","9001-26756","Male",1.6,2025-09-19,"2025-09-19 4:14"
"5553","aquaHub-660298","9001-52031","Male",1.6,2025-09-19,"2025-09-19 4:15"
"5554","aquaHub-660298","9001-43282","Male",162,2025-09-19,"2025-09-19 4:16"
"5555","aquaHub-660298","9001-52036","Male",161,2025-09-19,"2025-09-19 4:17"
"5556","aquaHub-660298","9001-52029","Male",1.5,2025-09-19,"2025-09-19 4:18"
"5557","aquaHub-660298","9001-43282","Male",162,2025-09-19,"2025-09-19 4:19"
"5558","aquaHub-660298","9001-52036","Male",161,2025-09-19,"2025-09-19 4:19"
"5559","aquaHub-660298","9001-26756","Male",1.6,2025-09-19,"2025-09-19 4:20"
"5560","aquaHub-660298","9001-52036","Male",161,2025-09-19,"2025-09-19 4:21"
"5561","aquaHub-660298","9001-52029","Male",1.5,2025-09-19,"2025-09-19 4:22"
"5562","aquaHub-660298","9001-52036","Male",161,2025-09-19,"2025-09-19 4:23"
"5563","aquaHub-660298","9001-52031","Male",1.6,2025-09-19,"2025-09-19 4:23"
"5564","aquaHub-660298","9001-43282","Male",162,2025-09-19,"2025-09-19 4:24"
"5565","aquaHub-660298","9001-52029","Male",1.5,2025-09-19,"2025-09-19 4:24"
"5566","aquaHub-660298","9001-52036","Male",161,2025-09-19,"2025-09-19 4:25"
"5567","aquaHub-660298","9001-52029","Male",1.5,2025-09-19,"2025-09-19 4:26"
"5568","aquaHub-660298","9001-52036","Male",161,2025-09-19,"2025-09-19 4:26"
"5569","aquaHub-660298","9001-52031","Male",1.6,2025-09-19,"2025-09-19 4:27"
"5570","aquaHub-660298","9001-52036","Male",161,2025-09-19,"2025-09-19 4:28"
"5571","aquaHub-660298","9001-52029","Male",1.5,2025-09-19,"2025-09-19 4:29"
"5572","aquaHub-660298","9001-52036","Male",161,2025-09-19,"2025-09-19 4:31"
"5573","aquaHub-660298","9001-52029","Male",1.5,2025-09-19,"2025-09-19 4:32"
"5574","aquaHub-660298","9001-43282","Male",162,2025-09-19,"2025-09-19 4:32"
"5575","aquaHub-660298","9001-52036","Male",161,2025-09-19,"2025-09-19 4:32"
"5576","aquaHub-660298","9001-52031","Male",1.6,2025-09-19,"2025-09-19 4:34"
"5577","aquaHub-660298","9001-43282","Male",162,2025-09-19,"2025-09-19 4:35"
"5578","aquaHub-660298","9001-52031","Male",1.6,2025-09-19,"2025-09-19 4:36"
"5579","aquaHub-660298","9001-43282","Male",162,2025-09-19,"2025-09-19 4:37"
"5580","aquaHub-660298","9001-52031","Male",1.6,2025-09-19,"2025-09-19 4:38"
"5581","aquaHub-660298","9001-26756","Male",1.6,2025-09-19,"2025-09-19 4:38"
"5582","aquaHub-660298","9001-43282","Male",162,2025-09-19,"2025-09-19 4:38"
"5583","aquaHub-660298","9001-52036","Male",161,2025-09-19,"2025-09-19 4:39"
"5584","aquaHub-660298","9001-43282","Male",162,2025-09-19,"2025-09-19 4:40"
"5585","aquaHub-660298","9001-52036","Male",161,2025-09-19,"2025-09-19 4:41"
"5586","aquaHub-660298","9001-43282","Male",162,2025-09-19,"2025-09-19 4:42"
"5587","aquaHub-660298","9001-52029","Male",1.5,2025-09-19,"2025-09-19 4:43"
"5588","aquaHub-660298","9001-52031","Male",1.6,2025-09-19,"2025-09-19 4:44"
"5589","aquaHub-660298","9001-43282","Male",162,2025-09-19,"2025-09-19 4:44"
"5590","aquaHub-660298","9001-52036","Male",161,2025-09-19,"2025-09-19 4:44"
"5591","aquaHub-660298","9001-52022","Male",1.6,2025-09-19,"2025-09-19 4:45"
"5592","aquaHub-660298","9001-52031","Male",1.6,2025-09-19,"2025-09-19 4:46"
"5593","aquaHub-660298","9001-52031","Male",1.6,2025-09-19,"2025-09-19 4:48"
"5594","aquaHub-660298","9001-52036","Male",161,2025-09-19,"2025-09-19 4:49"
"5595","aquaHub-660298","9001-43282","Male",162,2025-09-19,"2025-09-19 4:49"
"5596","aquaHub-660298","9001-52029","Male",1.5,2025-09-19,"2025-09-19 4:49"
"5597","aquaHub-660298","9001-52031","Male",1.6,2025-09-19,"2025-09-19 4:50"
"5598","aquaHub-660298","9001-43282","Male",162,2025-09-19,"2025-09-19 4:50"
"5599","aquaHub-660298","9001-52036","Male",161,2025-09-19,"2025-09-19 4:51"
"5600","aquaHub-660298","9001-52029","Male",1.5,2025-09-19,"2025-09-19 4:51"
"5601","aquaHub-660298","9001-52031","Male",1.6,2025-09-19,"2025-09-19 4:52"
"5602","aquaHub-660298","9001-43282","Male",162,2025-09-19,"2025-09-19 4:53"
"5603","aquaHub-660298","9001-52022","Male",1.6,2025-09-19,"2025-09-19 4:53"
"5604","aquaHub-660298","9001-52036","Male",161,2025-09-19,"2025-09-19 4:55"
"5605","aquaHub-660298","9001-52029","Male",1.5,2025-09-19,"2025-09-19 4:55"
"5606","aquaHub-660298","9001-52022","Male",1.6,2025-09-19,"2025-09-19 4:58"
"5607","aquaHub-660298","9001-52031","Male",1.6,2025-09-19,"2025-09-19 4:58"
"5608","aquaHub-660298","9001-52036","Male",161,2025-09-19,"2025-09-19 4:59"
"5609","aquaHub-660298","9001-52022","Male",1.6,2025-09-19,"2025-09-19 5:00"
"5610","aquaHub-660298","9001-52031","Male",1.6,2025-09-19,"2025-09-19 5:01"
"5611","aquaHub-660298","9001-52031","Male",1.6,2025-09-19,"2025-09-19 5:02"
"5612","aquaHub-660298","9001-52022","Male",1.6,2025-09-19,"2025-09-19 5:02"
"5613","aquaHub-660298","9001-52031","Male",1.6,2025-09-19,"2025-09-19 5:03"
"5614","aquaHub-660298","9001-52029","Male",1.5,2025-09-19,"2025-09-19 5:04"
"5615","aquaHub-660298","9001-52022","Male",1.6,2025-09-19,"2025-09-19 5:05"
"5616","aquaHub-660298","9001-52036","Male",161,2025-09-19,"2025-09-19 5:06"
"5617","aquaHub-660298","9001-52031","Male",1.6,2025-09-19,"2025-09-19 5:06"
"5618","aquaHub-660298","9001-52029","Male",1.5,2025-09-19,"2025-09-19 5:07"
"5619","aquaHub-660298","9001-52022","Male",1.6,2025-09-19,"2025-09-19 5:07"
"5620","aquaHub-660298","9001-52031","Male",1.6,2025-09-19,"2025-09-19 5:08"
"5621","aquaHub-660298","9001-52029","Male",1.5,2025-09-19,"2025-09-19 5:08"
"5622","aquaHub-660298","9001-52036","Male",161,2025-09-19,"2025-09-19 5:09"
"5623","aquaHub-660298","9001-52031","Male",1.6,2025-09-19,"2025-09-19 5:09"
"5624","aquaHub-660298","9001-52029","Male",1.5,2025-09-19,"2025-09-19 5:10"
"5625","aquaHub-660298","9001-52022","Male",1.6,2025-09-19,"2025-09-19 5:11"
"5626","aquaHub-660298","9001-52036","Male",161,2025-09-19,"2025-09-19 5:11"
"5627","aquaHub-660298","9001-52029","Male",1.5,2025-09-19,"2025-09-19 5:12"
"5628","aquaHub-660298","9001-52022","Male",1.6,2025-09-19,"2025-09-19 5:12"
"5629","aquaHub-660298","9001-52036","Male",161,2025-09-19,"2025-09-19 5:13"
"5630","aquaHub-660298","9001-52029","Male",1.5,2025-09-19,"2025-09-19 5:14"
"5631","aquaHub-660298","9001-52022","Male",1.6,2025-09-19,"2025-09-19 5:14"
"5632","aquaHub-660298","9001-52036","Male",161,2025-09-19,"2025-09-19 5:15"
"5633","aquaHub-660298","9001-52036","Male",161,2025-09-19,"2025-09-19 5:17"
"5634","aquaHub-660298","9001-52022","Male",1.6,2025-09-19,"2025-09-19 5:19"
"5635","aquaHub-660298","9001-52039","Male",170,2025-09-19,"2025-09-19 5:20"
"5636","aquaHub-660298","9001-52022","Male",1.6,2025-09-19,"2025-09-19 5:21"
"5637","aquaHub-660298","9001-52039","Male",170,2025-09-19,"2025-09-19 5:22"
"5638","aquaHub-660298","9001-52036","Male",161,2025-09-19,"2025-09-19 5:22"
"5639","aquaHub-660298","9001-52029","Male",1.5,2025-09-19,"2025-09-19 5:22"
"5640","aquaHub-660298","9001-52029","Male",1.5,2025-09-19,"2025-09-19 5:24"
"5641","aquaHub-660298","9001-52039","Male",170,2025-09-19,"2025-09-19 5:25"
"5642","aquaHub-660298","9001-52022","Male",1.6,2025-09-19,"2025-09-19 5:25"
"5643","aquaHub-660298","9001-52036","Male",161,2025-09-19,"2025-09-19 5:25"
"5644","aquaHub-660298","9001-52039","Male",170,2025-09-19,"2025-09-19 5:26"
"5645","aquaHub-660298","9001-52036","Male",161,2025-09-19,"2025-09-19 5:27"
"5646","aquaHub-660298","9001-52029","Male",1.5,2025-09-19,"2025-09-19 5:27"
"5647","aquaHub-660298","9001-52036","Male",161,2025-09-19,"2025-09-19 5:30"
"5648","aquaHub-660298","9001-52039","Male",170,2025-09-19,"2025-09-19 5:30"
"5649","aquaHub-660298","9001-52022","Male",1.6,2025-09-19,"2025-09-19 5:31"
"5650","aquaHub-660298","9001-52029","Male",1.5,2025-09-19,"2025-09-19 5:31"
"5651","aquaHub-660298","9001-52036","Male",161,2025-09-19,"2025-09-19 5:32"
"5652","aquaHub-660298","9001-52039","Male",170,2025-09-19,"2025-09-19 5:32"
"5653","aquaHub-660298","9001-52039","Male",170,2025-09-19,"2025-09-19 5:35"
"5654","aquaHub-660298","9001-52022","Male",1.6,2025-09-19,"2025-09-19 5:35"
"5655","aquaHub-660298","9001-52036","Male",161,2025-09-19,"2025-09-19 5:35"
"5656","aquaHub-660298","9001-52029","Male",1.5,2025-09-19,"2025-09-19 5:36"
"5657","aquaHub-660298","9001-52039","Male",170,2025-09-19,"2025-09-19 5:37"
"5658","aquaHub-660298","9001-52022","Male",1.6,2025-09-19,"2025-09-19 5:37"
"5659","aquaHub-660298","9001-52036","Male",161,2025-09-19,"2025-09-19 5:37"
"5660","aquaHub-660298","9001-52039","Male",170,2025-09-19,"2025-09-19 5:39"
"5661","aquaHub-660298","9001-52022","Male",1.6,2025-09-19,"2025-09-19 5:40"
"5662","aquaHub-660298","9001-52036","Male",161,2025-09-19,"2025-09-19 5:41"
"5663","aquaHub-660298","9001-52036","Male",161,2025-09-19,"2025-09-19 5:43"
"5664","aquaHub-660298","9001-52022","Male",1.6,2025-09-19,"2025-09-19 5:44"
"5665","aquaHub-660298","9001-52036","Male",161,2025-09-19,"2025-09-19 5:46"
"5666","aquaHub-660298","9001-52022","Male",1.6,2025-09-19,"2025-09-19 5:46"
"5667","aquaHub-660298","9001-52036","Male",161,2025-09-19,"2025-09-19 5:47"
"5668","aquaHub-660298","9001-52022","Male",1.6,2025-09-19,"2025-09-19 5:48"
"5669","aquaHub-660298","9001-52036","Male",161,2025-09-19,"2025-09-19 5:49"
"5670","aquaHub-660298","9001-52039","Male",170,2025-09-19,"2025-09-19 5:50"
"5671","aquaHub-660298","9001-52036","Male",161,2025-09-19,"2025-09-19 5:52"
"5672","aquaHub-660298","9001-43288","Male",167,2025-09-19,"2025-09-19 5:54"
"5673","aquaHub-660298","9001-52036","Male",161,2025-09-19,"2025-09-19 5:55"
"5674","aquaHub-660298","9001-43288","Male",167,2025-09-19,"2025-09-19 5:55"
"5675","aquaHub-660298","9001-52039","Male",170,2025-09-19,"2025-09-19 5:56"
"5676","aquaHub-660298","9001-52031","Male",1.6,2025-09-19,"2025-09-19 5:59"
"5677","aquaHub-660298","9001-52039","Male",170,2025-09-19,"2025-09-19 5:59"
"5678","aquaHub-660298","9001-43288","Male",167,2025-09-19,"2025-09-19 6:00"
"5679","aquaHub-660298","9001-52039","Male",170,2025-09-19,"2025-09-19 6:01"
"5680","aquaHub-660298","9001-52031","Male",1.6,2025-09-19,"2025-09-19 6:01"
"5681","aquaHub-660298","9001-43288","Male",167,2025-09-19,"2025-09-19 6:02"
"5682","aquaHub-660298","9001-52036","Male",161,2025-09-19,"2025-09-19 6:03"
"5683","aquaHub-660298","9001-52031","Male",1.6,2025-09-19,"2025-09-19 6:04"
"5684","aquaHub-660298","9001-43288","Male",167,2025-09-19,"2025-09-19 6:04"
"5685","aquaHub-660298","9001-52039","Male",170,2025-09-19,"2025-09-19 6:05"
"5686","aquaHub-660298","9001-52036","Male",161,2025-09-19,"2025-09-19 6:05"
"5687","aquaHub-660298","9001-52031","Male",1.6,2025-09-19,"2025-09-19 6:06"
"5688","aquaHub-660298","9001-43288","Male",167,2025-09-19,"2025-09-19 6:06"
"5689","aquaHub-660298","9001-52039","Male",170,2025-09-19,"2025-09-19 6:06"
"5690","aquaHub-660298","9001-52031","Male",1.6,2025-09-19,"2025-09-19 6:07"
"5691","aquaHub-660298","9001-43288","Male",167,2025-09-19,"2025-09-19 6:08"
"5692","aquaHub-660298","9001-52039","Male",170,2025-09-19,"2025-09-19 6:08"
"5693","aquaHub-660298","9001-52031","Male",1.6,2025-09-19,"2025-09-19 6:09"
"5694","aquaHub-660298","9001-52036","Male",161,2025-09-19,"2025-09-19 6:09"
"5695","aquaHub-660298","9001-43288","Male",167,2025-09-19,"2025-09-19 6:10"
"5696","aquaHub-660298","9001-52031","Male",1.6,2025-09-19,"2025-09-19 6:10"
"5697","aquaHub-660298","9001-52039","Male",170,2025-09-19,"2025-09-19 6:11"
"5698","aquaHub-660298","9001-43288","Male",167,2025-09-19,"2025-09-19 6:12"
"5699","aquaHub-660298","9001-52039","Male",170,2025-09-19,"2025-09-19 6:13"
"5700","aquaHub-660298","9001-52036","Male",161,2025-09-19,"2025-09-19 6:14"
"5701","aquaHub-660298","9001-43288","Male",167,2025-09-19,"2025-09-19 6:14"
"5702","aquaHub-660298","9001-52029","Male",1.5,2025-09-19,"2025-09-19 6:15"
"5703","aquaHub-660298","9001-52036","Male",161,2025-09-19,"2025-09-19 6:16"
"5704","aquaHub-660298","9001-43288","Male",167,2025-09-19,"2025-09-19 6:17"
"5705","aquaHub-660298","9001-52039","Male",170,2025-09-19,"2025-09-19 6:17"
"5706","aquaHub-660298","9001-52039","Male",170,2025-09-19,"2025-09-19 6:19"
"5707","aquaHub-660298","9001-52029","Male",1.5,2025-09-19,"2025-09-19 6:19"
"5708","aquaHub-660298","9001-52029","Male",1.5,2025-09-19,"2025-09-19 6:22"
"5709","aquaHub-660298","9001-52029","Male",1.5,2025-09-19,"2025-09-19 6:24"
"5710","aquaHub-660298","9001-52029","Male",1.5,2025-09-19,"2025-09-19 6:26"
"5711","aquaHub-660298","9001-52029","Male",1.5,2025-09-19,"2025-09-19 6:27"
"5712","aquaHub-660298","9001-52029","Male",1.5,2025-09-19,"2025-09-19 6:30"
"5713","aquaHub-660298","9001-52029","Male",1.5,2025-09-19,"2025-09-19 6:31"
"5714","aquaHub-660298","9001-52022","Male",1.6,2025-09-19,"2025-09-19 6:36"
"5715","aquaHub-660298","9001-52022","Male",1.6,2025-09-19,"2025-09-19 6:38"
"5716","aquaHub-660298","9001-52022","Male",1.6,2025-09-19,"2025-09-19 6:39"
"5717","aquaHub-660298","9001-43282","Male",162,2025-09-19,"2025-09-19 6:40"
"5718","aquaHub-660298","9001-52022","Male",1.6,2025-09-19,"2025-09-19 6:41"
"5719","aquaHub-660298","9001-52031","Male",1.6,2025-09-19,"2025-09-19 6:42"
"5720","aquaHub-660298","9001-52022","Male",1.6,2025-09-19,"2025-09-19 6:47"
"5721","aquaHub-660298","9001-52022","Male",1.6,2025-09-19,"2025-09-19 6:49"
"5722","aquaHub-660298","9001-52022","Male",1.6,2025-09-19,"2025-09-19 6:50"
"5723","aquaHub-660298","9001-52022","Male",1.6,2025-09-19,"2025-09-19 6:52"
"5724","aquaHub-660298","9001-52022","Male",1.6,2025-09-19,"2025-09-19 6:53"
"5725","aquaHub-660298","9001-52022","Male",1.6,2025-09-19,"2025-09-19 6:56"
"5726","aquaHub-660298","9001-52022","Male",1.6,2025-09-19,"2025-09-19 7:00"
"5727","aquaHub-660298","9001-52022","Male",1.6,2025-09-19,"2025-09-19 7:01"
"5728","aquaHub-660298","9001-52022","Male",1.6,2025-09-19,"2025-09-19 7:10"
"5729","aquaHub-660298","9001-52022","Male",1.6,2025-09-19,"2025-09-19 7:11"
"5730","aquaHub-660298","9001-52022","Male",1.6,2025-09-19,"2025-09-19 7:13"
"5731","aquaHub-660298","9001-52022","Male",1.6,2025-09-19,"2025-09-19 7:14"
"5732","aquaHub-660298","9001-52022","Male",1.6,2025-09-19,"2025-09-19 7:16"
"5733","aquaHub-660298","9001-52022","Male",1.6,2025-09-19,"2025-09-19 7:17"
"5734","aquaHub-660298","9001-52022","Male",1.6,2025-09-19,"2025-09-19 7:19"
"5735","aquaHub-660298","9001-52022","Male",1.6,2025-09-19,"2025-09-19 7:22"
"5736","aquaHub-660298","9001-52039","Male",170,2025-09-19,"2025-09-19 7:22"
"5737","aquaHub-660298","9001-52022","Male",1.6,2025-09-19,"2025-09-19 7:24"
"5738","aquaHub-660298","9001-52022","Male",1.6,2025-09-19,"2025-09-19 7:27"
"5739","aquaHub-660298","9001-52022","Male",1.6,2025-09-19,"2025-09-19 7:29"
"5740","aquaHub-660298","9001-52022","Male",1.6,2025-09-19,"2025-09-19 7:32"
"5741","aquaHub-660298","9001-52039","Male",170,2025-09-19,"2025-09-19 7:33"
"5742","aquaHub-660298","9001-52022","Male",1.6,2025-09-19,"2025-09-19 7:34"
"5743","aquaHub-660298","9001-52022","Male",1.6,2025-09-19,"2025-09-19 7:37"
"5744","aquaHub-660298","9001-52022","Male",1.6,2025-09-19,"2025-09-19 7:39"
"5745","aquaHub-660298","9001-52022","Male",1.6,2025-09-19,"2025-09-19 7:41"
"5746","aquaHub-660298","9001-52022","Male",1.6,2025-09-19,"2025-09-19 7:42"
"5747","aquaHub-660298","9001-52022","Male",1.6,2025-09-19,"2025-09-19 7:44"
"5748","aquaHub-660298","9001-52039","Male",170,2025-09-19,"2025-09-19 7:51"
"5749","aquaHub-660298","9001-52039","Male",170,2025-09-19,"2025-09-19 7:53"
"5750","aquaHub-660298","9001-52039","Male",170,2025-09-19,"2025-09-19 7:55"
"5751","aquaHub-660298","9001-52039","Male",170,2025-09-19,"2025-09-19 7:57"
"5752","aquaHub-660298","9001-52039","Male",170,2025-09-19,"2025-09-19 8:01"
"5753","aquaHub-660298","9001-52039","Male",170,2025-09-19,"2025-09-19 8:03"
"5754","aquaHub-660298","9001-52039","Male",170,2025-09-19,"2025-09-19 8:05"
"5755","aquaHub-660298","9001-52039","Male",170,2025-09-19,"2025-09-19 8:07"
"5756","aquaHub-660298","9001-52022","Male",1.6,2025-09-19,"2025-09-19 8:26"
"5757","aquaHub-660298","9001-52022","Male",1.6,2025-09-19,"2025-09-19 8:28"
"5758","aquaHub-660298","9001-52022","Male",1.6,2025-09-19,"2025-09-19 8:30"
"5759","aquaHub-660298","9001-52022","Male",1.6,2025-09-19,"2025-09-19 8:32"
"5760","aquaHub-660298","9001-52022","Male",1.6,2025-09-19,"2025-09-19 8:34"
"5761","aquaHub-660298","9001-52022","Male",1.6,2025-09-19,"2025-09-19 8:37"
"5762","aquaHub-660298","9001-52022","Male",1.6,2025-09-19,"2025-09-19 8:38"
"5763","aquaHub-660298","9001-52022","Male",1.6,2025-09-19,"2025-09-19 8:41"
"5764","aquaHub-660298","9001-52022","Male",1.6,2025-09-19,"2025-09-19 8:43"
"5765","aquaHub-660298","9001-52022","Male",1.6,2025-09-19,"2025-09-19 8:45"
"5766","aquaHub-660298","9001-52022","Male",1.6,2025-09-19,"2025-09-19 8:47"
"5767","aquaHub-660298","9001-52022","Male",1.6,2025-09-19,"2025-09-19 8:49"
"5768","aquaHub-660298","9001-52031","Male",1.6,2025-09-19,"2025-09-19 9:20"
"5769","aquaHub-660298","9001-52022","Male",1.6,2025-09-19,"2025-09-19 9:23"
"5770","aquaHub-660298","9001-52036","Male",161,2025-09-19,"2025-09-19 9:29"
"5771","aquaHub-660298","9001-52022","Male",1.6,2025-09-19,"2025-09-19 9:29"
"5772","aquaHub-660298","9001-52036","Male",161,2025-09-19,"2025-09-19 9:33"
"5773","aquaHub-660298","9001-52022","Male",1.6,2025-09-19,"2025-09-19 9:35"
"5774","aquaHub-660298","9001-52022","Male",1.6,2025-09-19,"2025-09-19 9:37"
"5775","aquaHub-660298","9001-52036","Male",161,2025-09-19,"2025-09-19 9:37"
"5776","aquaHub-660298","9001-52022","Male",1.6,2025-09-19,"2025-09-19 9:39"
"5777","aquaHub-660298","9001-52036","Male",161,2025-09-19,"2025-09-19 9:41"
"5778","aquaHub-660298","9001-52022","Male",1.6,2025-09-19,"2025-09-19 9:41"
"5779","aquaHub-660298","9001-52036","Male",161,2025-09-19,"2025-09-19 9:45"
"5780","aquaHub-660298","9001-52022","Male",1.6,2025-09-19,"2025-09-19 9:46"
"5781","aquaHub-660298","9001-52022","Male",1.6,2025-09-19,"2025-09-19 9:47"
"5782","aquaHub-660298","9001-52036","Male",161,2025-09-19,"2025-09-19 9:47"
"5783","aquaHub-660298","9001-52022","Male",1.6,2025-09-19,"2025-09-19 9:49"
"5784","aquaHub-660298","9001-52036","Male",161,2025-09-19,"2025-09-19 9:50"
"5785","aquaHub-660298","9001-52022","Male",1.6,2025-09-19,"2025-09-19 9:51"
"5786","aquaHub-660143","9001-16704","Unknown",2.1,2025-09-19,"2025-09-19 9:51"
"5787","aquaHub-660298","9001-52036","Male",161,2025-09-19,"2025-09-19 9:52"
"5788","aquaHub-660143","9001-16704","Unknown",2.1,2025-09-19,"2025-09-19 9:52"
"5789","aquaHub-660298","9001-52022","Male",1.6,2025-09-19,"2025-09-19 9:53"
"5790","aquaHub-660298","9001-52036","Male",161,2025-09-19,"2025-09-19 9:54"
"5791","aquaHub-660298","9001-52022","Male",1.6,2025-09-19,"2025-09-19 9:55"
"5792","aquaHub-660298","9001-52036","Male",161,2025-09-19,"2025-09-19 9:56"
"5793","aquaHub-660298","9001-52022","Male",1.6,2025-09-19,"2025-09-19 9:57"
"5794","aquaHub-660298","9001-52036","Male",161,2025-09-19,"2025-09-19 9:58"
"5795","aquaHub-660298","9001-52022","Male",1.6,2025-09-19,"2025-09-19 9:59"
"5796","aquaHub-660298","9001-52036","Male",161,2025-09-19,"2025-09-19 10:00"
"5797","aquaHub-660298","9001-52022","Male",1.6,2025-09-19,"2025-09-19 10:01"
"5798","aquaHub-660298","9001-52036","Male",161,2025-09-19,"2025-09-19 10:02"
"5799","aquaHub-660298","9001-52036","Male",161,2025-09-19,"2025-09-19 10:07"
"5800","aquaHub-660298","9001-52039","Male",170,2025-09-19,"2025-09-19 10:10"
"5801","aquaHub-660298","9001-52039","Male",170,2025-09-19,"2025-09-19 10:14"
"5802","aquaHub-660298","9001-52039","Male",170,2025-09-19,"2025-09-19 10:19"
"5803","aquaHub-660298","9001-52039","Male",170,2025-09-19,"2025-09-19 10:21"
"5804","aquaHub-660298","9001-52031","Male",1.6,2025-09-19,"2025-09-19 10:22"
"5805","aquaHub-660298","9001-52039","Male",170,2025-09-19,"2025-09-19 10:26"
"5806","aquaHub-660298","9001-52031","Male",1.6,2025-09-19,"2025-09-19 10:27"
"5807","aquaHub-660298","9001-52039","Male",170,2025-09-19,"2025-09-19 10:28"
"5808","aquaHub-660298","9001-52031","Male",1.6,2025-09-19,"2025-09-19 10:28"
"5809","aquaHub-660298","9001-52039","Male",170,2025-09-19,"2025-09-19 10:31"
"5810","aquaHub-660298","9001-52039","Male",170,2025-09-19,"2025-09-19 10:33"
"5811","aquaHub-660298","9001-52031","Male",1.6,2025-09-19,"2025-09-19 10:35"
"5812","aquaHub-660298","9001-52039","Male",170,2025-09-19,"2025-09-19 10:35"
"5813","aquaHub-660298","9001-52039","Male",170,2025-09-19,"2025-09-19 10:37"
"5814","aquaHub-660298","9001-52031","Male",1.6,2025-09-19,"2025-09-19 10:37"
"5815","aquaHub-660298","9001-52039","Male",170,2025-09-19,"2025-09-19 10:39"
"5816","aquaHub-660298","9001-52039","Male",170,2025-09-19,"2025-09-19 10:41"
"5817","aquaHub-660298","9001-52039","Male",170,2025-09-19,"2025-09-19 10:43"
"5818","aquaHub-660298","9001-52039","Male",170,2025-09-19,"2025-09-19 10:44"
"5819","aquaHub-660298","9001-52039","Male",170,2025-09-19,"2025-09-19 10:46"
"5820","aquaHub-660298","9001-52039","Male",170,2025-09-19,"2025-09-19 10:48"
"5821","aquaHub-660143","9001-43287","Female",201,2025-09-19,"2025-09-19 10:49"
"5822","aquaHub-660298","9001-52039","Male",170,2025-09-19,"2025-09-19 10:50"
"5823","aquaHub-660298","9001-52031","Male",1.6,2025-09-19,"2025-09-19 10:50"
"5824","aquaHub-660298","9001-52039","Male",170,2025-09-19,"2025-09-19 10:52"
"5825","aquaHub-660143","9001-43287","Female",201,2025-09-19,"2025-09-19 10:52"
"5826","aquaHub-660298","9001-52031","Male",1.6,2025-09-19,"2025-09-19 10:52"
"5827","aquaHub-660143","9001-43287","Female",201,2025-09-19,"2025-09-19 10:54"
"5828","aquaHub-660298","9001-52039","Male",170,2025-09-19,"2025-09-19 10:54"
"5829","aquaHub-660298","9001-52036","Male",161,2025-09-19,"2025-09-19 10:55"
"5830","aquaHub-660298","9001-52031","Male",1.6,2025-09-19,"2025-09-19 10:55"
"5831","aquaHub-660143","9001-43287","Female",201,2025-09-19,"2025-09-19 10:56"
"5832","aquaHub-660298","9001-52039","Male",170,2025-09-19,"2025-09-19 10:58"
"5833","aquaHub-660143","9001-43287","Female",201,2025-09-19,"2025-09-19 10:58"
"5834","aquaHub-660298","9001-52039","Male",170,2025-09-19,"2025-09-19 11:00"
"5835","aquaHub-660298","9001-52036","Male",161,2025-09-19,"2025-09-19 11:04"
"5836","aquaHub-660298","9001-52039","Male",170,2025-09-19,"2025-09-19 11:04"
"5837","aquaHub-660298","9001-52039","Male",170,2025-09-19,"2025-09-19 11:06"
"5838","aquaHub-660298","9001-52036","Male",161,2025-09-19,"2025-09-19 11:07"
"5839","aquaHub-660298","9001-52031","Male",1.6,2025-09-19,"2025-09-19 11:07"
"5840","aquaHub-660298","9001-52039","Male",170,2025-09-19,"2025-09-19 11:08"
"5841","aquaHub-660143","9001-43287","Female",201,2025-09-19,"2025-09-19 11:09"
"5842","aquaHub-660298","9001-52036","Male",161,2025-09-19,"2025-09-19 11:09"
"5843","aquaHub-660298","9001-52039","Male",170,2025-09-19,"2025-09-19 11:10"
"5844","aquaHub-660298","9001-52031","Male",1.6,2025-09-19,"2025-09-19 11:10"
"5845","aquaHub-660298","9001-52036","Male",161,2025-09-19,"2025-09-19 11:12"
"5846","aquaHub-660298","9001-52031","Male",1.6,2025-09-19,"2025-09-19 11:13"
"5847","aquaHub-660143","9001-43287","Female",201,2025-09-19,"2025-09-19 11:15"
"5848","aquaHub-660298","9001-52036","Male",161,2025-09-19,"2025-09-19 11:15"
"5849","aquaHub-660298","9001-52031","Male",1.6,2025-09-19,"2025-09-19 11:16"
"5850","aquaHub-660298","9001-52039","Male",170,2025-09-19,"2025-09-19 11:16"
"5851","aquaHub-660298","9001-52036","Male",161,2025-09-19,"2025-09-19 11:17"
"5852","aquaHub-660298","9001-52031","Male",1.6,2025-09-19,"2025-09-19 11:18"
"5853","aquaHub-660298","9001-52039","Male",170,2025-09-19,"2025-09-19 11:19"
"5854","aquaHub-660298","9001-52039","Male",170,2025-09-19,"2025-09-19 11:21"
"5855","aquaHub-660298","9001-52031","Male",1.6,2025-09-19,"2025-09-19 11:21"
"5856","aquaHub-660298","9001-52036","Male",161,2025-09-19,"2025-09-19 11:21"
"5857","aquaHub-660298","9001-52036","Male",161,2025-09-19,"2025-09-19 11:23"
"5858","aquaHub-660298","9001-52031","Male",1.6,2025-09-19,"2025-09-19 11:24"
"5859","aquaHub-660298","9001-52039","Male",170,2025-09-19,"2025-09-19 11:25"
"5860","aquaHub-660298","9001-52036","Male",161,2025-09-19,"2025-09-19 11:26"
"5861","aquaHub-660298","9001-52031","Male",1.6,2025-09-19,"2025-09-19 11:26"
"5862","aquaHub-660298","9001-52039","Male",170,2025-09-19,"2025-09-19 11:27"
"5863","aquaHub-660298","9001-52036","Male",161,2025-09-19,"2025-09-19 11:28"
"5864","aquaHub-660298","9001-52031","Male",1.6,2025-09-19,"2025-09-19 11:28"
"5865","aquaHub-660298","9001-52039","Male",170,2025-09-19,"2025-09-19 11:29"
"5866","aquaHub-660298","9001-52036","Male",161,2025-09-19,"2025-09-19 11:30"
"5867","aquaHub-660298","9001-52036","Male",161,2025-09-19,"2025-09-19 11:32"
"5868","aquaHub-660298","9001-52031","Male",1.6,2025-09-19,"2025-09-19 11:33"
"5869","aquaHub-660298","9001-52039","Male",170,2025-09-19,"2025-09-19 11:33"
"5870","aquaHub-660298","9001-52036","Male",161,2025-09-19,"2025-09-19 11:34"
"5871","aquaHub-660298","9001-52039","Male",170,2025-09-19,"2025-09-19 11:36"
"5872","aquaHub-660298","9001-52031","Male",1.6,2025-09-19,"2025-09-19 11:37"
"5873","aquaHub-660110","9001-26747","Male",1.4,2025-09-19,"2025-09-19 11:38"
"5874","aquaHub-660298","9001-52039","Male",170,2025-09-19,"2025-09-19 11:39"
"5875","aquaHub-660298","9001-52031","Male",1.6,2025-09-19,"2025-09-19 11:39"
"5876","aquaHub-660298","9001-52036","Male",161,2025-09-19,"2025-09-19 11:40"
"5877","aquaHub-660298","9001-52031","Male",1.6,2025-09-19,"2025-09-19 11:42"
"5878","aquaHub-660298","9001-52036","Male",161,2025-09-19,"2025-09-19 11:42"
"5879","aquaHub-660298","9001-52039","Male",170,2025-09-19,"2025-09-19 11:44"
"5880","aquaHub-660298","9001-52036","Male",161,2025-09-19,"2025-09-19 11:45"
"5881","aquaHub-660298","9001-52039","Male",170,2025-09-19,"2025-09-19 11:47"
"5882","aquaHub-660143","9001-43287","Female",201,2025-09-19,"2025-09-19 11:49"
"5883","aquaHub-660298","9001-52039","Male",170,2025-09-19,"2025-09-19 11:50"
"5884","aquaHub-660298","9001-52036","Male",161,2025-09-19,"2025-09-19 11:51"
"5885","aquaHub-660298","9001-52039","Male",170,2025-09-19,"2025-09-19 11:52"
"5886","aquaHub-660298","9001-52039","Male",170,2025-09-19,"2025-09-19 11:54"
"5887","aquaHub-660298","9001-52036","Male",161,2025-09-19,"2025-09-19 11:56"
"5888","aquaHub-660298","9001-52031","Male",1.6,2025-09-19,"2025-09-19 11:56"
"5889","aquaHub-660298","9001-52036","Male",161,2025-09-19,"2025-09-19 11:58"
"5890","aquaHub-660298","9001-52031","Male",1.6,2025-09-19,"2025-09-19 12:00"
"5891","aquaHub-660298","9001-52031","Male",1.6,2025-09-19,"2025-09-19 12:02"
"5892","aquaHub-660298","9001-52031","Male",1.6,2025-09-19,"2025-09-19 12:04"
"5893","aquaHub-660298","9001-52036","Male",161,2025-09-19,"2025-09-19 12:06"
"5894","aquaHub-660298","9001-52031","Male",1.6,2025-09-19,"2025-09-19 12:06"
"5895","aquaHub-660298","9001-52036","Male",161,2025-09-19,"2025-09-19 12:10"
"5896","aquaHub-660298","9001-52036","Male",161,2025-09-19,"2025-09-19 12:12"
"5897","aquaHub-660298","9001-52031","Male",1.6,2025-09-19,"2025-09-19 12:13"
"5898","aquaHub-660298","9001-52036","Male",161,2025-09-19,"2025-09-19 12:13"
"5899","aquaHub-660298","9001-52031","Male",1.6,2025-09-19,"2025-09-19 12:14"
"5900","aquaHub-660298","9001-52036","Male",161,2025-09-19,"2025-09-19 12:15"
"5901","aquaHub-660298","9001-52031","Male",1.6,2025-09-19,"2025-09-19 12:16"
"5902","aquaHub-660298","9001-52039","Male",170,2025-09-19,"2025-09-19 12:17"
"5903","aquaHub-660298","9001-52036","Male",161,2025-09-19,"2025-09-19 12:17"
"5904","aquaHub-660298","9001-52031","Male",1.6,2025-09-19,"2025-09-19 12:19"
"5905","aquaHub-660298","9001-52036","Male",161,2025-09-19,"2025-09-19 12:19"
"5906","aquaHub-660298","9001-52031","Male",1.6,2025-09-19,"2025-09-19 12:20"
"5907","aquaHub-660298","9001-52036","Male",161,2025-09-19,"2025-09-19 12:21"
"5908","aquaHub-660298","9001-52039","Male",170,2025-09-19,"2025-09-19 12:22"
"5909","aquaHub-660298","9001-52031","Male",1.6,2025-09-19,"2025-09-19 12:23"
"5910","aquaHub-660298","9001-52039","Male",170,2025-09-19,"2025-09-19 12:24"
"5911","aquaHub-660298","9001-52036","Male",161,2025-09-19,"2025-09-19 12:25"
"5912","aquaHub-660298","9001-52031","Male",1.6,2025-09-19,"2025-09-19 12:28"
"5913","aquaHub-660298","9001-52039","Male",170,2025-09-19,"2025-09-19 12:29"
"5914","aquaHub-660298","9001-52036","Male",161,2025-09-19,"2025-09-19 12:29"
"5915","aquaHub-660298","9001-52039","Male",170,2025-09-19,"2025-09-19 12:31"
"5916","aquaHub-660298","9001-52036","Male",161,2025-09-19,"2025-09-19 12:32"
"5917","aquaHub-660298","9001-52039","Male",170,2025-09-19,"2025-09-19 12:34"
"5918","aquaHub-660298","9001-52036","Male",161,2025-09-19,"2025-09-19 12:34"
"5919","aquaHub-660110","9001-52043","Male",1.5,2025-09-19,"2025-09-19 12:35"
"5920","aquaHub-660298","9001-52039","Male",170,2025-09-19,"2025-09-19 12:37"
"5921","aquaHub-660110","9001-52043","Male",1.5,2025-09-19,"2025-09-19 12:37"
"5922","aquaHub-660298","9001-52036","Male",161,2025-09-19,"2025-09-19 12:38"
"5923","aquaHub-660298","9001-52031","Male",1.6,2025-09-19,"2025-09-19 12:39"
"5924","aquaHub-660110","9001-52043","Male",1.5,2025-09-19,"2025-09-19 12:40"
"5925","aquaHub-660298","9001-52039","Male",170,2025-09-19,"2025-09-19 12:41"
"5926","aquaHub-660110","9001-52043","Male",1.5,2025-09-19,"2025-09-19 12:42"
"5927","aquaHub-660298","9001-52039","Male",170,2025-09-19,"2025-09-19 12:45"
"5928","aquaHub-660298","9001-52039","Male",170,2025-09-19,"2025-09-19 12:47"
"5929","aquaHub-660298","9001-52031","Male",1.6,2025-09-19,"2025-09-19 12:48"
"5930","aquaHub-660298","9001-52039","Male",170,2025-09-19,"2025-09-19 12:49"
"5931","aquaHub-660298","9001-52031","Male",1.6,2025-09-19,"2025-09-19 12:51"
"5932","aquaHub-660298","9001-52039","Male",170,2025-09-19,"2025-09-19 12:51"
"5933","aquaHub-660298","9001-52039","Male",170,2025-09-19,"2025-09-19 12:53"
"5934","aquaHub-660298","9001-52031","Male",1.6,2025-09-19,"2025-09-19 12:54"
"5935","aquaHub-660273","9001-52041","Male",158,2025-09-19,"2025-09-19 12:54"
"5936","aquaHub-660298","9001-52039","Male",170,2025-09-19,"2025-09-19 12:56"
"5937","aquaHub-660298","9001-52039","Male",170,2025-09-19,"2025-09-19 12:58"
"5938","aquaHub-660273","9001-52041","Male",158,2025-09-19,"2025-09-19 12:59"
"5939","aquaHub-660298","9001-52031","Male",1.6,2025-09-19,"2025-09-19 12:59"
"5940","aquaHub-660298","9001-52031","Male",1.6,2025-09-19,"2025-09-19 13:04"
"5941","aquaHub-660273","9001-26747","Male",1.4,2025-09-19,"2025-09-19 13:06"
"5942","aquaHub-660298","9001-52031","Male",1.6,2025-09-19,"2025-09-19 13:06"
"5943","aquaHub-660273","9001-43289","Male",171,2025-09-19,"2025-09-19 13:09"
"5944","aquaHub-660298","9001-52031","Male",1.6,2025-09-19,"2025-09-19 13:09"
"5945","aquaHub-660273","9001-43289","Male",171,2025-09-19,"2025-09-19 13:10"
"5946","aquaHub-660298","9001-52029","Male",1.5,2025-09-19,"2025-09-19 13:12"
"5947","aquaHub-660273","9001-43289","Male",171,2025-09-19,"2025-09-19 13:13"
"5948","aquaHub-660273","9001-43283","Male",168,2025-09-19,"2025-09-19 13:13"
"5949","aquaHub-660298","9001-52029","Male",1.5,2025-09-19,"2025-09-19 13:14"
"5950","aquaHub-660273","9001-43283","Male",168,2025-09-19,"2025-09-19 13:15"
"5951","aquaHub-660298","9001-52029","Male",1.5,2025-09-19,"2025-09-19 13:17"
"5952","aquaHub-660273","9001-43283","Male",168,2025-09-19,"2025-09-19 13:18"
"5953","aquaHub-660273","9001-52041","Male",158,2025-09-19,"2025-09-19 13:19"
"5954","aquaHub-660273","9001-52041","Male",158,2025-09-19,"2025-09-19 13:21"
"5955","aquaHub-660298","9001-52031","Male",1.6,2025-09-19,"2025-09-19 13:21"
"5956","aquaHub-660273","9001-43283","Male",168,2025-09-19,"2025-09-19 13:22"
"5957","aquaHub-660298","9001-52029","Male",1.5,2025-09-19,"2025-09-19 13:23"
"5958","aquaHub-660273","9001-43283","Male",168,2025-09-19,"2025-09-19 13:24"
"5959","aquaHub-660298","9001-52029","Male",1.5,2025-09-19,"2025-09-19 13:25"
"5960","aquaHub-660298","9001-52031","Male",1.6,2025-09-19,"2025-09-19 13:26"
"5961","aquaHub-660298","9001-52029","Male",1.5,2025-09-19,"2025-09-19 13:27"
"5962","aquaHub-660298","9001-52029","Male",1.5,2025-09-19,"2025-09-19 13:29"
"5963","aquaHub-660298","9001-52029","Male",1.5,2025-09-19,"2025-09-19 13:31"
"5964","aquaHub-660298","9001-52029","Male",1.5,2025-09-19,"2025-09-19 13:34"
"5965","aquaHub-660273","9001-52043","Male",1.5,2025-09-19,"2025-09-19 13:36"
"5966","aquaHub-660298","9001-52029","Male",1.5,2025-09-19,"2025-09-19 13:38"
"5967","aquaHub-660273","9001-52043","Male",1.5,2025-09-19,"2025-09-19 13:38"
"5968","aquaHub-660273","9001-43289","Male",171,2025-09-19,"2025-09-19 13:39"
"5969","aquaHub-660298","9001-52029","Male",1.5,2025-09-19,"2025-09-19 13:40"
"5970","aquaHub-660273","9001-43289","Male",171,2025-09-19,"2025-09-19 13:41"
"5971","aquaHub-660298","9001-52029","Male",1.5,2025-09-19,"2025-09-19 13:42"
"5972","aquaHub-660298","9001-52031","Male",1.6,2025-09-19,"2025-09-19 13:44"
"5973","aquaHub-660273","9001-43289","Male",171,2025-09-19,"2025-09-19 13:44"
"5974","aquaHub-660273","9001-43289","Male",171,2025-09-19,"2025-09-19 13:48"
"5975","aquaHub-660273","9001-43289","Male",171,2025-09-19,"2025-09-19 13:51"
"5976","aquaHub-660273","9001-43289","Male",171,2025-09-19,"2025-09-19 13:53"
"5977","aquaHub-660110","9001-52022","Male",1.6,2025-09-19,"2025-09-19 13:54"
"5978","aquaHub-660273","9001-43289","Male",171,2025-09-19,"2025-09-19 13:55"
"5979","aquaHub-660110","9001-43283","Male",168,2025-09-19,"2025-09-19 14:01"
"5980","aquaHub-660110","9001-43283","Male",168,2025-09-19,"2025-09-19 14:03"
"5981","aquaHub-660110","9001-52030","Male",1.5,2025-09-19,"2025-09-19 14:04"
"5982","aquaHub-660110","9001-52022","Male",1.6,2025-09-19,"2025-09-19 14:05"
"5983","aquaHub-660110","9001-43283","Male",168,2025-09-19,"2025-09-19 14:05"
"5984","aquaHub-660110","9001-52030","Male",1.5,2025-09-19,"2025-09-19 14:06"
"5985","aquaHub-660110","9001-43283","Male",168,2025-09-19,"2025-09-19 14:07"
"5986","aquaHub-660110","9001-52030","Male",1.5,2025-09-19,"2025-09-19 14:07"
"5987","aquaHub-660110","9001-43283","Male",168,2025-09-19,"2025-09-19 14:08"
"5988","aquaHub-660110","9001-52022","Male",1.6,2025-09-19,"2025-09-19 14:10"
"5989","aquaHub-660110","9001-43283","Male",168,2025-09-19,"2025-09-19 14:11"
"5990","aquaHub-660110","9001-52030","Male",1.5,2025-09-19,"2025-09-19 14:12"
"5991","aquaHub-660110","9001-52022","Male",1.6,2025-09-19,"2025-09-19 14:12"
"5992","aquaHub-660110","9001-52030","Male",1.5,2025-09-19,"2025-09-19 14:13"
"5993","aquaHub-660110","9001-43283","Male",168,2025-09-19,"2025-09-19 14:13"
"5994","aquaHub-660110","9001-52030","Male",1.5,2025-09-19,"2025-09-19 14:17"
"5995","aquaHub-660110","9001-43283","Male",168,2025-09-19,"2025-09-19 14:19"
"5996","aquaHub-660110","9001-52030","Male",1.5,2025-09-19,"2025-09-19 14:19"
"5997","aquaHub-660110","9001-43283","Male",168,2025-09-19,"2025-09-19 14:24"
"5998","aquaHub-660110","9001-43283","Male",168,2025-09-19,"2025-09-19 14:26"
"5999","aquaHub-660298","9001-52036","Male",161,2025-09-19,"2025-09-19 14:33"
"6000","aquaHub-660298","9001-52036","Male",161,2025-09-19,"2025-09-19 14:37"
"6001","aquaHub-660110","9001-43283","Male",168,2025-09-19,"2025-09-19 14:37"
"6002","aquaHub-660298","9001-52036","Male",161,2025-09-19,"2025-09-19 14:39"
"6003","aquaHub-660298","9001-52036","Male",161,2025-09-19,"2025-09-19 14:41"
"6004","aquaHub-660110","9001-43283","Male",168,2025-09-19,"2025-09-19 14:42"
"6005","aquaHub-660298","9001-52036","Male",161,2025-09-19,"2025-09-19 14:44"
"6006","aquaHub-660110","9001-43283","Male",168,2025-09-19,"2025-09-19 14:47"
"6007","aquaHub-660298","9001-52036","Male",161,2025-09-19,"2025-09-19 14:49"
"6008","aquaHub-660110","9001-43283","Male",168,2025-09-19,"2025-09-19 14:49"
"6009","aquaHub-660298","9001-52036","Male",161,2025-09-19,"2025-09-19 14:50"
"6010","aquaHub-660298","9001-52036","Male",161,2025-09-19,"2025-09-19 14:54"
"6011","aquaHub-660298","9001-52036","Male",161,2025-09-19,"2025-09-19 14:56"
"6012","aquaHub-660298","9001-52036","Male",161,2025-09-19,"2025-09-19 14:57"
"6013","aquaHub-660298","9001-52036","Male",161,2025-09-19,"2025-09-19 14:59"
"6014","aquaHub-660298","9001-52036","Male",161,2025-09-19,"2025-09-19 15:02"
"6015","aquaHub-660298","9001-52036","Male",161,2025-09-19,"2025-09-19 15:14"
"6016","aquaHub-660298","9001-52039","Male",170,2025-09-19,"2025-09-19 15:14"
"6017","aquaHub-660298","9001-52036","Male",161,2025-09-19,"2025-09-19 15:16"
"6018","aquaHub-660298","9001-52039","Male",170,2025-09-19,"2025-09-19 15:16"
"6019","aquaHub-660298","9001-52039","Male",170,2025-09-19,"2025-09-19 15:18"
"6020","aquaHub-660298","9001-52036","Male",161,2025-09-19,"2025-09-19 15:18"
"6021","aquaHub-660298","9001-52039","Male",170,2025-09-19,"2025-09-19 15:19"
"6022","aquaHub-660298","9001-52036","Male",161,2025-09-19,"2025-09-19 15:20"
"6023","aquaHub-660298","9001-52039","Male",170,2025-09-19,"2025-09-19 15:21"
"6024","aquaHub-660298","9001-52036","Male",161,2025-09-19,"2025-09-19 15:22"
"6025","aquaHub-660298","9001-52039","Male",170,2025-09-19,"2025-09-19 15:22"
"6026","aquaHub-660298","9001-52036","Male",161,2025-09-19,"2025-09-19 15:25"
"6027","aquaHub-660298","9001-52039","Male",170,2025-09-19,"2025-09-19 15:27"
"6028","aquaHub-660298","9001-52036","Male",161,2025-09-19,"2025-09-19 15:28"
"6029","aquaHub-660298","9001-52036","Male",161,2025-09-19,"2025-09-19 15:29"
"6030","aquaHub-660298","9001-52039","Male",170,2025-09-19,"2025-09-19 15:29"
"6031","aquaHub-660298","9001-52036","Male",161,2025-09-19,"2025-09-19 15:33"
"6032","aquaHub-660298","9001-52039","Male",170,2025-09-19,"2025-09-19 15:34"
"6033","aquaHub-660298","9001-52036","Male",161,2025-09-19,"2025-09-19 15:34"
"6034","aquaHub-660298","9001-52036","Male",161,2025-09-19,"2025-09-19 15:36"
"6035","aquaHub-660298","9001-52039","Male",170,2025-09-19,"2025-09-19 15:37"
"6036","aquaHub-660298","9001-52036","Male",161,2025-09-19,"2025-09-19 15:38"
"6037","aquaHub-660298","9001-52039","Male",170,2025-09-19,"2025-09-19 15:39"
"6038","aquaHub-660298","9001-52036","Male",161,2025-09-19,"2025-09-19 15:40"
"6039","aquaHub-660298","9001-52036","Male",161,2025-09-19,"2025-09-19 15:42"
"6040","aquaHub-660298","9001-52039","Male",170,2025-09-19,"2025-09-19 15:43"
"6041","aquaHub-660298","9001-52036","Male",161,2025-09-19,"2025-09-19 15:44"
"6042","aquaHub-660298","9001-52039","Male",170,2025-09-19,"2025-09-19 15:44"
"6043","aquaHub-660298","9001-52036","Male",161,2025-09-19,"2025-09-19 15:46"
"6044","aquaHub-660298","9001-52039","Male",170,2025-09-19,"2025-09-19 15:46"
"6045","aquaHub-660298","9001-52036","Male",161,2025-09-19,"2025-09-19 15:48"
"6046","aquaHub-660298","9001-52039","Male",170,2025-09-19,"2025-09-19 15:48"
"6047","aquaHub-660298","9001-52036","Male",161,2025-09-19,"2025-09-19 15:50"
"6048","aquaHub-660298","9001-52039","Male",170,2025-09-19,"2025-09-19 15:51"
"6049","aquaHub-660298","9001-52036","Male",161,2025-09-19,"2025-09-19 15:52"
"6050","aquaHub-660298","9001-52039","Male",170,2025-09-19,"2025-09-19 15:53"
"6051","aquaHub-660298","9001-52036","Male",161,2025-09-19,"2025-09-19 15:54"
"6052","aquaHub-660298","9001-52039","Male",170,2025-09-19,"2025-09-19 15:54"
"6053","aquaHub-660298","9001-52039","Male",170,2025-09-19,"2025-09-19 15:57"
"6054","aquaHub-660298","9001-52039","Male",170,2025-09-19,"2025-09-19 15:59"
"6055","aquaHub-660298","9001-52036","Male",161,2025-09-19,"2025-09-19 15:59"
"6056","aquaHub-660298","9001-52039","Male",170,2025-09-19,"2025-09-19 16:00"
"6057","aquaHub-660298","9001-52036","Male",161,2025-09-19,"2025-09-19 16:01"
"6058","aquaHub-660298","9001-52039","Male",170,2025-09-19,"2025-09-19 16:02"
"6059","aquaHub-660298","9001-52039","Male",170,2025-09-19,"2025-09-19 16:04"
"6060","aquaHub-660298","9001-52036","Male",161,2025-09-19,"2025-09-19 16:05"
"6061","aquaHub-660298","9001-52039","Male",170,2025-09-19,"2025-09-19 16:06"
"6062","aquaHub-660298","9001-52036","Male",161,2025-09-19,"2025-09-19 16:07"
"6063","aquaHub-660298","9001-52039","Male",170,2025-09-19,"2025-09-19 16:08"
"6064","aquaHub-660298","9001-52039","Male",170,2025-09-19,"2025-09-19 16:10"
"6065","aquaHub-660298","9001-52036","Male",161,2025-09-19,"2025-09-19 16:10"
"6066","aquaHub-660298","9001-52039","Male",170,2025-09-19,"2025-09-19 16:11"
"6067","aquaHub-660273","9001-52040","Male",164,2025-09-19,"2025-09-19 16:13"
"6068","aquaHub-660298","9001-52036","Male",161,2025-09-19,"2025-09-19 16:13"
"6069","aquaHub-660298","9001-52039","Male",170,2025-09-19,"2025-09-19 16:14"
"6070","aquaHub-660298","9001-52036","Male",161,2025-09-19,"2025-09-19 16:15"
"6071","aquaHub-660298","9001-52039","Male",170,2025-09-19,"2025-09-19 16:15"
"6072","aquaHub-660298","9001-52039","Male",170,2025-09-19,"2025-09-19 16:17"
"6073","aquaHub-660110","9001-43283","Male",168,2025-09-19,"2025-09-19 16:17"
"6074","aquaHub-660273","9001-52040","Male",164,2025-09-19,"2025-09-19 16:17"
"6075","aquaHub-660298","9001-52039","Male",170,2025-09-19,"2025-09-19 16:21"
"6076","aquaHub-660110","9001-43283","Male",168,2025-09-19,"2025-09-19 16:21"
"6077","aquaHub-660298","9001-52036","Male",161,2025-09-19,"2025-09-19 16:22"
"6078","aquaHub-660298","9001-52039","Male",170,2025-09-19,"2025-09-19 16:22"
"6079","aquaHub-660298","9001-52039","Male",170,2025-09-19,"2025-09-19 16:24"
"6080","aquaHub-660298","9001-52036","Male",161,2025-09-19,"2025-09-19 16:26"
"6081","aquaHub-660298","9001-52039","Male",170,2025-09-19,"2025-09-19 16:30"
"6082","aquaHub-660273","9001-28297","Male",1.6,2025-09-19,"2025-09-19 16:31"
"6083","aquaHub-660298","9001-43282","Male",162,2025-09-19,"2025-09-19 16:31"
"6084","aquaHub-660298","9001-52039","Male",170,2025-09-19,"2025-09-19 16:34"
"6085","aquaHub-660273","9001-28297","Male",1.6,2025-09-19,"2025-09-19 16:34"
"6086","aquaHub-660298","9001-52031","Male",1.6,2025-09-19,"2025-09-19 16:34"
"6087","aquaHub-660298","9001-52036","Male",161,2025-09-19,"2025-09-19 16:37"
"6088","aquaHub-660298","9001-43282","Male",162,2025-09-19,"2025-09-19 16:37"
"6089","aquaHub-660298","9001-52039","Male",170,2025-09-19,"2025-09-19 16:38"
"6090","aquaHub-660298","9001-52031","Male",1.6,2025-09-19,"2025-09-19 16:38"
"6091","aquaHub-660298","9001-26756","Male",1.6,2025-09-19,"2025-09-19 16:39"
"6092","aquaHub-660298","9001-43282","Male",162,2025-09-19,"2025-09-19 16:40"
"6093","aquaHub-660298","9001-52039","Male",170,2025-09-19,"2025-09-19 16:40"
"6094","aquaHub-660298","9001-52036","Male",161,2025-09-19,"2025-09-19 16:41"
"6095","aquaHub-660298","9001-43282","Male",162,2025-09-19,"2025-09-19 16:41"
"6096","aquaHub-660298","9001-52039","Male",170,2025-09-19,"2025-09-19 16:42"
"6097","aquaHub-660298","9001-52031","Male",1.6,2025-09-19,"2025-09-19 16:43"
"6098","aquaHub-660298","9001-52039","Male",170,2025-09-19,"2025-09-19 16:43"
"6099","aquaHub-660298","9001-43282","Male",162,2025-09-19,"2025-09-19 16:44"
"6100","aquaHub-660298","9001-52036","Male",161,2025-09-19,"2025-09-19 16:44"
"6101","aquaHub-660298","9001-52031","Male",1.6,2025-09-19,"2025-09-19 16:45"
"6102","aquaHub-660298","9001-52036","Male",161,2025-09-19,"2025-09-19 16:45"
"6103","aquaHub-660298","9001-52039","Male",170,2025-09-19,"2025-09-19 16:47"
"6104","aquaHub-660298","9001-43282","Male",162,2025-09-19,"2025-09-19 16:48"
"6105","aquaHub-660298","9001-26756","Male",1.6,2025-09-19,"2025-09-19 16:48"
"6106","aquaHub-660298","9001-52036","Male",161,2025-09-19,"2025-09-19 16:48"
"6107","aquaHub-660298","9001-52039","Male",170,2025-09-19,"2025-09-19 16:49"
"6108","aquaHub-660298","9001-52031","Male",1.6,2025-09-19,"2025-09-19 16:50"
"6109","aquaHub-660298","9001-52036","Male",161,2025-09-19,"2025-09-19 16:50"
"6110","aquaHub-660298","9001-43282","Male",162,2025-09-19,"2025-09-19 16:51"
"6111","aquaHub-660298","9001-52031","Male",1.6,2025-09-19,"2025-09-19 16:53"
"6112","aquaHub-660298","9001-52036","Male",161,2025-09-19,"2025-09-19 16:54"
"6113","aquaHub-660298","9001-52031","Male",1.6,2025-09-19,"2025-09-19 16:58"
"6114","aquaHub-660298","9001-43282","Male",162,2025-09-19,"2025-09-19 17:03"
"6115","aquaHub-660298","9001-43282","Male",162,2025-09-19,"2025-09-19 17:05"
"6116","aquaHub-660298","9001-43282","Male",162,2025-09-19,"2025-09-19 17:09"
"6117","aquaHub-660273","9001-43284","Male",166,2025-09-19,"2025-09-19 17:15"
"6118","aquaHub-660273","9001-43284","Male",166,2025-09-19,"2025-09-19 17:17"
"6119","aquaHub-660110","9001-52040","Male",164,2025-09-19,"2025-09-19 17:18"
"6120","aquaHub-660273","9001-43284","Male",166,2025-09-19,"2025-09-19 17:20"
"6121","aquaHub-660110","9001-52040","Male",164,2025-09-19,"2025-09-19 17:20"
"6122","aquaHub-660110","9001-28297","Male",1.6,2025-09-19,"2025-09-19 17:22"
"6123","aquaHub-660110","9001-52040","Male",164,2025-09-19,"2025-09-19 17:23"
"6124","aquaHub-660110","9001-52040","Male",164,2025-09-19,"2025-09-19 17:25"
"6125","aquaHub-660110","9001-28297","Male",1.6,2025-09-19,"2025-09-19 17:26"
"6126","aquaHub-660110","9001-52040","Male",164,2025-09-19,"2025-09-19 17:27"
"6127","aquaHub-660110","9001-28297","Male",1.6,2025-09-19,"2025-09-19 17:29"
"6128","aquaHub-660110","9001-52040","Male",164,2025-09-19,"2025-09-19 17:32"
"6129","aquaHub-660110","9001-28297","Male",1.6,2025-09-19,"2025-09-19 17:32"
"6130","aquaHub-660110","9001-52040","Male",164,2025-09-19,"2025-09-19 17:33"
"6131","aquaHub-660273","9001-52032","Female",1.8,2025-09-19,"2025-09-19 17:46"
"6132","aquaHub-660273","9001-52032","Female",1.8,2025-09-19,"2025-09-19 17:53"
"6133","aquaHub-660273","9001-52032","Female",1.8,2025-09-19,"2025-09-19 17:54"
"6134","aquaHub-660273","9001-52032","Female",1.8,2025-09-19,"2025-09-19 17:56"
"6135","aquaHub-660273","9001-52032","Female",1.8,2025-09-19,"2025-09-19 17:59"
"6136","aquaHub-660298","9001-52036","Male",161,2025-09-19,"2025-09-19 17:59"
"6137","aquaHub-660273","9001-52032","Female",1.8,2025-09-19,"2025-09-19 18:00"
"6138","aquaHub-660298","9001-52036","Male",161,2025-09-19,"2025-09-19 18:02"
"6139","aquaHub-660273","9001-52032","Female",1.8,2025-09-19,"2025-09-19 18:03"
"6140","aquaHub-660298","9001-52036","Male",161,2025-09-19,"2025-09-19 18:04"
"6141","aquaHub-660273","9001-52032","Female",1.8,2025-09-19,"2025-09-19 18:04"
"6142","aquaHub-660298","9001-52031","Male",1.6,2025-09-19,"2025-09-19 18:05"
"6143","aquaHub-660298","9001-52036","Male",161,2025-09-19,"2025-09-19 18:07"
"6144","aquaHub-660110","9001-43284","Male",166,2025-09-19,"2025-09-19 18:08"
"6145","aquaHub-660298","9001-52036","Male",161,2025-09-19,"2025-09-19 18:09"
"6146","aquaHub-660298","9001-52031","Male",1.6,2025-09-19,"2025-09-19 18:10"
"6147","aquaHub-660110","9001-43284","Male",166,2025-09-19,"2025-09-19 18:11"
"6148","aquaHub-660298","9001-52039","Male",170,2025-09-19,"2025-09-19 18:11"
"6149","aquaHub-660273","9001-52032","Female",1.8,2025-09-19,"2025-09-19 18:12"
"6150","aquaHub-660298","9001-52036","Male",161,2025-09-19,"2025-09-19 18:12"
"6151","aquaHub-660110","9001-43284","Male",166,2025-09-19,"2025-09-19 18:13"
"6152","aquaHub-660298","9001-52039","Male",170,2025-09-19,"2025-09-19 18:13"
"6153","aquaHub-660273","9001-52032","Female",1.8,2025-09-19,"2025-09-19 18:13"
"6154","aquaHub-660110","9001-43284","Male",166,2025-09-19,"2025-09-19 18:14"
"6155","aquaHub-660298","9001-52039","Male",170,2025-09-19,"2025-09-19 18:15"
"6156","aquaHub-660298","9001-52036","Male",161,2025-09-19,"2025-09-19 18:15"
"6157","aquaHub-660110","9001-43284","Male",166,2025-09-19,"2025-09-19 18:16"
"6158","aquaHub-660298","9001-52036","Male",161,2025-09-19,"2025-09-19 18:20"
"6159","aquaHub-660298","9001-52039","Male",170,2025-09-19,"2025-09-19 18:20"
"6160","aquaHub-660298","9001-52036","Male",161,2025-09-19,"2025-09-19 18:22"
"6161","aquaHub-660298","9001-52036","Male",161,2025-09-19,"2025-09-19 18:28"
"6162","aquaHub-660298","9001-43282","Male",162,2025-09-19,"2025-09-19 18:28"
"6163","aquaHub-660298","9001-52036","Male",161,2025-09-19,"2025-09-19 18:30"
"6164","aquaHub-660298","9001-52036","Male",161,2025-09-19,"2025-09-19 18:32"
"6165","aquaHub-660298","9001-43282","Male",162,2025-09-19,"2025-09-19 18:33"
"6166","aquaHub-660298","9001-52036","Male",161,2025-09-19,"2025-09-19 18:35"
"6167","aquaHub-660298","9001-43282","Male",162,2025-09-19,"2025-09-19 18:36"
"6168","aquaHub-660298","9001-52036","Male",161,2025-09-19,"2025-09-19 18:37"
"6169","aquaHub-660298","9001-43282","Male",162,2025-09-19,"2025-09-19 18:38"
"6170","aquaHub-660298","9001-52036","Male",161,2025-09-19,"2025-09-19 18:39"
"6171","aquaHub-660298","9001-43282","Male",162,2025-09-19,"2025-09-19 18:40"
"6172","aquaHub-660298","9001-52039","Male",170,2025-09-19,"2025-09-19 18:43"
"6173","aquaHub-660298","9001-52039","Male",170,2025-09-19,"2025-09-19 18:45"
"6174","aquaHub-660298","9001-43282","Male",162,2025-09-19,"2025-09-19 18:46"
"6175","aquaHub-660298","9001-52039","Male",170,2025-09-19,"2025-09-19 18:47"
"6176","aquaHub-660298","9001-52031","Male",1.6,2025-09-19,"2025-09-19 18:48"
"6177","aquaHub-660298","9001-52036","Male",161,2025-09-19,"2025-09-19 18:49"
"6178","aquaHub-660298","9001-52039","Male",170,2025-09-19,"2025-09-19 18:50"
"6179","aquaHub-660298","9001-43282","Male",162,2025-09-19,"2025-09-19 18:51"
"6180","aquaHub-660298","9001-52036","Male",161,2025-09-19,"2025-09-19 18:55"
"6181","aquaHub-660298","9001-52036","Male",161,2025-09-19,"2025-09-19 18:58"
"6182","aquaHub-660298","9001-43282","Male",162,2025-09-19,"2025-09-19 19:00"
"6183","aquaHub-660298","9001-52039","Male",170,2025-09-19,"2025-09-19 19:09"
"6184","aquaHub-660298","9001-43282","Male",162,2025-09-19,"2025-09-19 19:09"
"6185","aquaHub-660298","9001-43282","Male",162,2025-09-19,"2025-09-19 19:12"
"6186","aquaHub-660298","9001-52036","Male",161,2025-09-19,"2025-09-19 19:12"
"6187","aquaHub-660298","9001-52036","Male",161,2025-09-19,"2025-09-19 19:15"
"6188","aquaHub-660298","9001-43282","Male",162,2025-09-19,"2025-09-19 19:16"
"6189","aquaHub-660298","9001-52039","Male",170,2025-09-19,"2025-09-19 19:16"
"6190","aquaHub-660298","9001-52036","Male",161,2025-09-19,"2025-09-19 19:18"
"6191","aquaHub-660298","9001-43282","Male",162,2025-09-19,"2025-09-19 19:19"
"6192","aquaHub-660298","9001-52039","Male",170,2025-09-19,"2025-09-19 19:19"
"6193","aquaHub-660298","9001-43282","Male",162,2025-09-19,"2025-09-19 19:21"
"6194","aquaHub-660298","9001-43282","Male",162,2025-09-19,"2025-09-19 19:23"
"6195","aquaHub-660298","9001-52036","Male",161,2025-09-19,"2025-09-19 19:24"
"6196","aquaHub-660298","9001-43282","Male",162,2025-09-19,"2025-09-19 19:25"
"6197","aquaHub-660298","9001-52036","Male",161,2025-09-19,"2025-09-19 19:26"
"6198","aquaHub-660298","9001-52039","Male",170,2025-09-19,"2025-09-19 19:26"
"6199","aquaHub-660298","9001-52039","Male",170,2025-09-19,"2025-09-19 19:30"
"6200","aquaHub-660298","9001-52036","Male",161,2025-09-19,"2025-09-19 19:30"
"6201","aquaHub-660298","9001-52039","Male",170,2025-09-19,"2025-09-19 19:32"
"6202","aquaHub-660298","9001-52036","Male",161,2025-09-19,"2025-09-19 19:33"
"6203","aquaHub-660298","9001-43282","Male",162,2025-09-19,"2025-09-19 19:33"
"6204","aquaHub-660298","9001-52039","Male",170,2025-09-19,"2025-09-19 19:34"
"6205","aquaHub-660298","9001-52036","Male",161,2025-09-19,"2025-09-19 19:35"
"6206","aquaHub-660298","9001-43282","Male",162,2025-09-19,"2025-09-19 19:35"
"6207","aquaHub-660298","9001-52039","Male",170,2025-09-19,"2025-09-19 19:36"
"6208","aquaHub-660298","9001-52036","Male",161,2025-09-19,"2025-09-19 19:36"
"6209","aquaHub-660298","9001-52036","Male",161,2025-09-19,"2025-09-19 19:38"
"6210","aquaHub-660298","9001-52036","Male",161,2025-09-19,"2025-09-19 19:39"
"6211","aquaHub-660298","9001-52036","Male",161,2025-09-19,"2025-09-19 19:41"
"6212","aquaHub-660298","9001-52039","Male",170,2025-09-19,"2025-09-19 19:41"
"6213","aquaHub-660298","9001-52036","Male",161,2025-09-19,"2025-09-19 19:42"
"6214","aquaHub-660298","9001-52039","Male",170,2025-09-19,"2025-09-19 19:43"
"6215","aquaHub-660298","9001-52036","Male",161,2025-09-19,"2025-09-19 19:44"
"6216","aquaHub-660298","9001-52036","Male",161,2025-09-19,"2025-09-19 19:46"
"6217","aquaHub-660298","9001-52039","Male",170,2025-09-19,"2025-09-19 19:48"
"6218","aquaHub-660298","9001-52036","Male",161,2025-09-19,"2025-09-19 19:48"
"6219","aquaHub-660298","9001-52036","Male",161,2025-09-19,"2025-09-19 19:51"
"6220","aquaHub-660298","9001-52036","Male",161,2025-09-19,"2025-09-19 19:53"
"6221","aquaHub-660298","9001-52036","Male",161,2025-09-19,"2025-09-19 20:02"
"6222","aquaHub-660298","9001-52039","Male",170,2025-09-19,"2025-09-19 20:09"
"6223","aquaHub-660298","9001-52039","Male",170,2025-09-19,"2025-09-19 20:13"
"6224","aquaHub-660298","9001-52039","Male",170,2025-09-19,"2025-09-19 20:15"
"6225","aquaHub-660298","9001-52039","Male",170,2025-09-19,"2025-09-19 20:17"
"6226","aquaHub-660298","9001-52039","Male",170,2025-09-19,"2025-09-19 20:19"
"6227","aquaHub-660298","9001-52039","Male",170,2025-09-19,"2025-09-19 20:21"
"6228","aquaHub-660273","9001-43289","Male",171,2025-09-19,"2025-09-19 20:22"
"6229","aquaHub-660273","9001-43289","Male",171,2025-09-19,"2025-09-19 20:25"
"6230","aquaHub-660298","9001-52039","Male",170,2025-09-19,"2025-09-19 20:25"
"6231","aquaHub-660298","9001-52039","Male",170,2025-09-19,"2025-09-19 20:27"
"6232","aquaHub-660273","9001-43289","Male",171,2025-09-19,"2025-09-19 20:28"
"6233","aquaHub-660298","9001-52039","Male",170,2025-09-19,"2025-09-19 20:29"
"6234","aquaHub-660273","9001-43289","Male",171,2025-09-19,"2025-09-19 20:32"
"6235","aquaHub-660298","9001-52031","Male",1.6,2025-09-19,"2025-09-19 20:34"
"6236","aquaHub-660273","9001-43289","Male",171,2025-09-19,"2025-09-19 20:34"
"6237","aquaHub-660298","9001-52036","Male",161,2025-09-19,"2025-09-19 20:34"
"6238","aquaHub-660298","9001-52039","Male",170,2025-09-19,"2025-09-19 20:35"
"6239","aquaHub-660298","9001-52039","Male",170,2025-09-19,"2025-09-19 20:37"
"6240","aquaHub-660298","9001-52031","Male",1.6,2025-09-19,"2025-09-19 20:37"
"6241","aquaHub-660298","9001-52031","Male",1.6,2025-09-19,"2025-09-19 20:39"
"6242","aquaHub-660298","9001-52039","Male",170,2025-09-19,"2025-09-19 20:39"
"6243","aquaHub-660298","9001-52031","Male",1.6,2025-09-19,"2025-09-19 20:41"
"6244","aquaHub-660273","9001-43289","Male",171,2025-09-19,"2025-09-19 20:41"
"6245","aquaHub-660298","9001-52036","Male",161,2025-09-19,"2025-09-19 20:42"
"6246","aquaHub-660298","9001-52031","Male",1.6,2025-09-19,"2025-09-19 20:43"
"6247","aquaHub-660273","9001-43289","Male",171,2025-09-19,"2025-09-19 20:44"
"6248","aquaHub-660298","9001-52031","Male",1.6,2025-09-19,"2025-09-19 20:45"
"6249","aquaHub-660273","9001-43289","Male",171,2025-09-19,"2025-09-19 20:46"
"6250","aquaHub-660298","9001-43282","Male",162,2025-09-19,"2025-09-19 20:47"
"6251","aquaHub-660298","9001-52039","Male",170,2025-09-19,"2025-09-19 20:47"
"6252","aquaHub-660298","9001-52031","Male",1.6,2025-09-19,"2025-09-19 20:48"
"6253","aquaHub-660298","9001-52039","Male",170,2025-09-19,"2025-09-19 20:49"
"6254","aquaHub-660273","9001-43289","Male",171,2025-09-19,"2025-09-19 20:50"
"6255","aquaHub-660298","9001-52031","Male",1.6,2025-09-19,"2025-09-19 20:50"
"6256","aquaHub-660298","9001-52039","Male",170,2025-09-19,"2025-09-19 20:51"
"6257","aquaHub-660273","9001-43289","Male",171,2025-09-19,"2025-09-19 20:51"
"6258","aquaHub-660298","9001-43282","Male",162,2025-09-19,"2025-09-19 20:52"
"6259","aquaHub-660273","9001-43289","Male",171,2025-09-19,"2025-09-19 20:54"
"6260","aquaHub-660298","9001-52039","Male",170,2025-09-19,"2025-09-19 20:56"
"6261","aquaHub-660298","9001-43282","Male",162,2025-09-19,"2025-09-19 20:57"
"6262","aquaHub-660273","9001-43289","Male",171,2025-09-19,"2025-09-19 20:58"
"6263","aquaHub-660298","9001-52039","Male",170,2025-09-19,"2025-09-19 20:58"
"6264","aquaHub-660273","9001-43289","Male",171,2025-09-19,"2025-09-19 20:59"
"6265","aquaHub-660298","9001-52039","Male",170,2025-09-19,"2025-09-19 21:00"
"6266","aquaHub-660298","9001-52039","Male",170,2025-09-19,"2025-09-19 21:02"
"6267","aquaHub-660298","9001-52039","Male",170,2025-09-19,"2025-09-19 21:05"
"6268","aquaHub-660298","9001-43282","Male",162,2025-09-19,"2025-09-19 21:06"
"6269","aquaHub-660298","9001-52039","Male",170,2025-09-19,"2025-09-19 21:07"
"6270","aquaHub-660298","9001-43282","Male",162,2025-09-19,"2025-09-19 21:08"
"6271","aquaHub-660298","9001-52039","Male",170,2025-09-19,"2025-09-19 21:09"
"6272","aquaHub-660298","9001-52036","Male",161,2025-09-19,"2025-09-19 21:09"
"6273","aquaHub-660298","9001-52039","Male",170,2025-09-19,"2025-09-19 21:10"
"6274","aquaHub-660298","9001-43282","Male",162,2025-09-19,"2025-09-19 21:11"
"6275","aquaHub-660298","9001-43282","Male",162,2025-09-19,"2025-09-19 21:15"
"6276","aquaHub-660298","9001-52031","Male",1.6,2025-09-19,"2025-09-19 21:16"
"6277","aquaHub-660298","9001-43282","Male",162,2025-09-19,"2025-09-19 21:17"
"6278","aquaHub-660298","9001-52039","Male",170,2025-09-19,"2025-09-19 21:18"
"6279","aquaHub-660298","9001-52031","Male",1.6,2025-09-19,"2025-09-19 21:18"
"6280","aquaHub-660298","9001-43282","Male",162,2025-09-19,"2025-09-19 21:20"
"6281","aquaHub-660298","9001-52031","Male",1.6,2025-09-19,"2025-09-19 21:21"
"6282","aquaHub-660298","9001-43282","Male",162,2025-09-19,"2025-09-19 21:22"
"6283","aquaHub-660298","9001-52031","Male",1.6,2025-09-19,"2025-09-19 21:23"
"6284","aquaHub-660298","9001-43282","Male",162,2025-09-19,"2025-09-19 21:24"
"6285","aquaHub-660298","9001-52031","Male",1.6,2025-09-19,"2025-09-19 21:25"
"6286","aquaHub-660298","9001-43282","Male",162,2025-09-19,"2025-09-19 21:26"
"6287","aquaHub-660298","9001-52031","Male",1.6,2025-09-19,"2025-09-19 21:28"
"6288","aquaHub-660298","9001-52031","Male",1.6,2025-09-19,"2025-09-19 21:29"
"6289","aquaHub-660298","9001-52031","Male",1.6,2025-09-19,"2025-09-19 21:31"
"6290","aquaHub-660298","9001-43282","Male",162,2025-09-19,"2025-09-19 21:33"
"6291","aquaHub-660298","9001-52031","Male",1.6,2025-09-19,"2025-09-19 21:34"
"6292","aquaHub-660298","9001-43282","Male",162,2025-09-19,"2025-09-19 21:35"
"6293","aquaHub-660298","9001-52031","Male",1.6,2025-09-19,"2025-09-19 21:37"
"6294","aquaHub-660298","9001-43282","Male",162,2025-09-19,"2025-09-19 21:38"
"6295","aquaHub-660298","9001-52031","Male",1.6,2025-09-19,"2025-09-19 21:39"
"6296","aquaHub-660298","9001-43282","Male",162,2025-09-19,"2025-09-19 21:40"
"6297","aquaHub-660298","9001-52031","Male",1.6,2025-09-19,"2025-09-19 21:42"
"6298","aquaHub-660298","9001-43282","Male",162,2025-09-19,"2025-09-19 21:42"
"6299","aquaHub-660298","9001-52031","Male",1.6,2025-09-19,"2025-09-19 21:44"
"6300","aquaHub-660298","9001-43282","Male",162,2025-09-19,"2025-09-19 21:44"
"6301","aquaHub-660298","9001-43282","Male",162,2025-09-19,"2025-09-19 21:46"
"6302","aquaHub-660298","9001-52031","Male",1.6,2025-09-19,"2025-09-19 21:46"
"6303","aquaHub-660298","9001-43282","Male",162,2025-09-19,"2025-09-19 21:48"
"6304","aquaHub-660298","9001-52031","Male",1.6,2025-09-19,"2025-09-19 21:49"
"6305","aquaHub-660298","9001-52039","Male",170,2025-09-19,"2025-09-19 21:50"
"6306","aquaHub-660298","9001-43282","Male",162,2025-09-19,"2025-09-19 21:50"
"6307","aquaHub-660298","9001-52031","Male",1.6,2025-09-19,"2025-09-19 21:51"
"6308","aquaHub-660298","9001-52031","Male",1.6,2025-09-19,"2025-09-19 21:52"
"6309","aquaHub-660298","9001-52039","Male",170,2025-09-19,"2025-09-19 21:54"
"6310","aquaHub-660298","9001-43282","Male",162,2025-09-19,"2025-09-19 21:54"
"6311","aquaHub-660298","9001-52031","Male",1.6,2025-09-19,"2025-09-19 21:54"
"6312","aquaHub-660298","9001-52031","Male",1.6,2025-09-19,"2025-09-19 21:56"
"6313","aquaHub-660298","9001-52039","Male",170,2025-09-19,"2025-09-19 21:57"
"6314","aquaHub-660298","9001-52031","Male",1.6,2025-09-19,"2025-09-19 21:58"
"6315","aquaHub-660298","9001-52031","Male",1.6,2025-09-19,"2025-09-19 21:59"
"6316","aquaHub-660298","9001-52039","Male",170,2025-09-19,"2025-09-19 22:00"
"6317","aquaHub-660298","9001-52031","Male",1.6,2025-09-19,"2025-09-19 22:01"
"6318","aquaHub-660143","9001-52029","Male",1.5,2025-09-19,"2025-09-19 22:01"
"6319","aquaHub-660298","9001-52039","Male",170,2025-09-19,"2025-09-19 22:02"
"6320","aquaHub-660298","9001-52031","Male",1.6,2025-09-19,"2025-09-19 22:02"
"6321","aquaHub-660298","9001-52031","Male",1.6,2025-09-19,"2025-09-19 22:06"
"6322","aquaHub-660143","9001-52029","Male",1.5,2025-09-19,"2025-09-19 22:09"
"6323","aquaHub-660298","9001-52031","Male",1.6,2025-09-19,"2025-09-19 22:11"
"6324","aquaHub-660143","9001-52029","Male",1.5,2025-09-19,"2025-09-19 22:11"
"6325","aquaHub-660298","9001-52039","Male",170,2025-09-19,"2025-09-19 22:12"
"6326","aquaHub-660298","9001-52031","Male",1.6,2025-09-19,"2025-09-19 22:12"
"6327","aquaHub-660143","9001-52029","Male",1.5,2025-09-19,"2025-09-19 22:12"
"6328","aquaHub-660298","9001-52039","Male",170,2025-09-19,"2025-09-19 22:15"
"6329","aquaHub-660298","9001-52031","Male",1.6,2025-09-19,"2025-09-19 22:15"
"6330","aquaHub-660143","9001-52029","Male",1.5,2025-09-19,"2025-09-19 22:16"
"6331","aquaHub-660298","9001-52031","Male",1.6,2025-09-19,"2025-09-19 22:17"
"6332","aquaHub-660298","9001-52039","Male",170,2025-09-19,"2025-09-19 22:17"
"6333","aquaHub-660143","9001-52029","Male",1.5,2025-09-19,"2025-09-19 22:17"
"6334","aquaHub-660298","9001-52039","Male",170,2025-09-19,"2025-09-19 22:18"
"6335","aquaHub-660298","9001-52031","Male",1.6,2025-09-19,"2025-09-19 22:19"
"6336","aquaHub-660143","9001-52029","Male",1.5,2025-09-19,"2025-09-19 22:20"
"6337","aquaHub-660298","9001-52031","Male",1.6,2025-09-19,"2025-09-19 22:21"
"6338","aquaHub-660298","9001-52039","Male",170,2025-09-19,"2025-09-19 22:23"
"6339","aquaHub-660298","9001-52031","Male",1.6,2025-09-19,"2025-09-19 22:23"
"6340","aquaHub-660298","9001-52039","Male",170,2025-09-19,"2025-09-19 22:25"
"6341","aquaHub-660298","9001-52031","Male",1.6,2025-09-19,"2025-09-19 22:26"
"6342","aquaHub-660298","9001-52031","Male",1.6,2025-09-19,"2025-09-19 22:27"
"6343","aquaHub-660298","9001-52039","Male",170,2025-09-19,"2025-09-19 22:27"
"6344","aquaHub-660298","9001-52039","Male",170,2025-09-19,"2025-09-19 22:30"
"6345","aquaHub-660298","9001-52039","Male",170,2025-09-19,"2025-09-19 22:33"
"6346","aquaHub-660298","9001-52039","Male",170,2025-09-19,"2025-09-19 22:35"
"6347","aquaHub-660298","9001-52039","Male",170,2025-09-19,"2025-09-19 22:40"
"6348","aquaHub-660298","9001-52031","Male",1.6,2025-09-19,"2025-09-19 22:43"
"6349","aquaHub-660298","9001-52039","Male",170,2025-09-19,"2025-09-19 22:45"
"6350","aquaHub-660110","9001-52022","Male",1.6,2025-09-19,"2025-09-19 22:52"
"6351","aquaHub-660110","9001-52022","Male",1.6,2025-09-19,"2025-09-19 22:54"
"6352","aquaHub-660110","9001-52022","Male",1.6,2025-09-19,"2025-09-19 22:55"
"6353","aquaHub-660110","9001-52022","Male",1.6,2025-09-19,"2025-09-19 22:57"
"6354","aquaHub-660110","9001-52022","Male",1.6,2025-09-19,"2025-09-19 22:59"
"6355","aquaHub-660273","9001-52032","Female",1.8,2025-09-19,"2025-09-19 23:00"
"6356","aquaHub-660273","9001-52032","Female",1.8,2025-09-19,"2025-09-19 23:02"
"6357","aquaHub-660273","9001-52032","Female",1.8,2025-09-19,"2025-09-19 23:04"
"6358","aquaHub-660273","9001-52032","Female",1.8,2025-09-19,"2025-09-19 23:06"
"6359","aquaHub-660273","9001-52032","Female",1.8,2025-09-19,"2025-09-19 23:08"
"6360","aquaHub-660298","9001-52039","Male",170,2025-09-19,"2025-09-19 23:43"
"6361","aquaHub-660298","9001-52031","Male",1.6,2025-09-19,"2025-09-19 23:44"
"6362","aquaHub-660298","9001-52031","Male",1.6,2025-09-19,"2025-09-19 23:46"
"6363","aquaHub-660273","9001-52022","Male",1.6,2025-09-19,"2025-09-19 23:46"
"6364","aquaHub-660298","9001-52039","Male",170,2025-09-19,"2025-09-19 23:48"
"6365","aquaHub-660298","9001-52031","Male",1.6,2025-09-19,"2025-09-19 23:48"
"6366","aquaHub-660273","9001-52022","Male",1.6,2025-09-19,"2025-09-19 23:49"
"6367","aquaHub-660273","9001-52022","Male",1.6,2025-09-19,"2025-09-19 23:51"
"6368","aquaHub-660298","9001-52039","Male",170,2025-09-19,"2025-09-19 23:52"
"6369","aquaHub-660143","9001-52029","Male",1.5,2025-09-20,"2025-09-20 0:00"
"6370","aquaHub-660298","9001-52036","Male",161,2025-09-20,"2025-09-20 0:14"
"6371","aquaHub-660298","9001-52031","Male",1.6,2025-09-20,"2025-09-20 0:25"
"6372","aquaHub-660298","9001-52031","Male",1.6,2025-09-20,"2025-09-20 0:27"
"6373","aquaHub-660298","9001-52031","Male",1.6,2025-09-20,"2025-09-20 0:30"
"6374","aquaHub-660298","9001-52031","Male",1.6,2025-09-20,"2025-09-20 0:32"
"6375","aquaHub-660298","9001-52031","Male",1.6,2025-09-20,"2025-09-20 0:34"
"6376","aquaHub-660298","9001-52031","Male",1.6,2025-09-20,"2025-09-20 0:36"
"6377","aquaHub-660298","9001-52031","Male",1.6,2025-09-20,"2025-09-20 0:37"
"6378","aquaHub-660298","9001-52031","Male",1.6,2025-09-20,"2025-09-20 0:39"
"6379","aquaHub-660298","9001-52031","Male",1.6,2025-09-20,"2025-09-20 0:41"
"6380","aquaHub-660298","9001-52031","Male",1.6,2025-09-20,"2025-09-20 0:43"
"6381","aquaHub-660298","9001-52031","Male",1.6,2025-09-20,"2025-09-20 0:44"
"6382","aquaHub-660298","9001-52031","Male",1.6,2025-09-20,"2025-09-20 0:49"
"6383","aquaHub-660298","9001-52039","Male",170,2025-09-20,"2025-09-20 0:49"
"6384","aquaHub-660298","9001-52031","Male",1.6,2025-09-20,"2025-09-20 0:51"
"6385","aquaHub-660298","9001-52036","Male",161,2025-09-20,"2025-09-20 0:54"
"6386","aquaHub-660298","9001-52031","Male",1.6,2025-09-20,"2025-09-20 0:56"
"6387","aquaHub-660298","9001-52039","Male",170,2025-09-20,"2025-09-20 0:58"
"6388","aquaHub-660298","9001-52031","Male",1.6,2025-09-20,"2025-09-20 0:58"
"6389","aquaHub-660298","9001-52036","Male",161,2025-09-20,"2025-09-20 0:59"
"6390","aquaHub-660298","9001-52039","Male",170,2025-09-20,"2025-09-20 1:01"
"6391","aquaHub-660298","9001-52036","Male",161,2025-09-20,"2025-09-20 1:02"
"6392","aquaHub-660298","9001-52039","Male",170,2025-09-20,"2025-09-20 1:02"
"6393","aquaHub-660298","9001-52039","Male",170,2025-09-20,"2025-09-20 1:04"
"6394","aquaHub-660298","9001-52031","Male",1.6,2025-09-20,"2025-09-20 1:06"
"6395","aquaHub-660298","9001-52036","Male",161,2025-09-20,"2025-09-20 1:07"
"6396","aquaHub-660298","9001-52039","Male",170,2025-09-20,"2025-09-20 1:07"
"6397","aquaHub-660298","9001-52031","Male",1.6,2025-09-20,"2025-09-20 1:08"
"6398","aquaHub-660298","9001-52036","Male",161,2025-09-20,"2025-09-20 1:09"
"6399","aquaHub-660298","9001-52031","Male",1.6,2025-09-20,"2025-09-20 1:10"
"6400","aquaHub-660298","9001-52039","Male",170,2025-09-20,"2025-09-20 1:11"
"6401","aquaHub-660298","9001-52036","Male",161,2025-09-20,"2025-09-20 1:11"
"6402","aquaHub-660298","9001-52036","Male",161,2025-09-20,"2025-09-20 1:12"
"6403","aquaHub-660298","9001-52036","Male",161,2025-09-20,"2025-09-20 1:14"
"6404","aquaHub-660298","9001-52031","Male",1.6,2025-09-20,"2025-09-20 1:15"
"6405","aquaHub-660298","9001-52039","Male",170,2025-09-20,"2025-09-20 1:17"
"6406","aquaHub-660298","9001-52039","Male",170,2025-09-20,"2025-09-20 1:19"
"6407","aquaHub-660298","9001-52036","Male",161,2025-09-20,"2025-09-20 1:20"
"6408","aquaHub-660298","9001-52039","Male",170,2025-09-20,"2025-09-20 1:21"
"6409","aquaHub-660298","9001-52039","Male",170,2025-09-20,"2025-09-20 1:24"
"6410","aquaHub-660298","9001-52039","Male",170,2025-09-20,"2025-09-20 1:26"
"6411","aquaHub-660298","9001-52036","Male",161,2025-09-20,"2025-09-20 1:28"
"6412","aquaHub-660298","9001-52039","Male",170,2025-09-20,"2025-09-20 1:29"
"6413","aquaHub-660298","9001-52039","Male",170,2025-09-20,"2025-09-20 1:32"
"6414","aquaHub-660298","9001-52036","Male",161,2025-09-20,"2025-09-20 1:32"
"6415","aquaHub-660298","9001-52039","Male",170,2025-09-20,"2025-09-20 1:34"
"6416","aquaHub-660298","9001-52036","Male",161,2025-09-20,"2025-09-20 1:34"
"6417","aquaHub-660298","9001-52039","Male",170,2025-09-20,"2025-09-20 1:36"
"6418","aquaHub-660298","9001-52036","Male",161,2025-09-20,"2025-09-20 1:37"
"6419","aquaHub-660298","9001-52039","Male",170,2025-09-20,"2025-09-20 1:40"
"6420","aquaHub-660298","9001-52036","Male",161,2025-09-20,"2025-09-20 1:43"
"6421","aquaHub-660298","9001-52039","Male",170,2025-09-20,"2025-09-20 1:43"
"6422","aquaHub-660298","9001-52039","Male",170,2025-09-20,"2025-09-20 1:47"
"6423","aquaHub-660298","9001-52036","Male",161,2025-09-20,"2025-09-20 1:50"
"6424","aquaHub-660298","9001-52039","Male",170,2025-09-20,"2025-09-20 1:51"
"6425","aquaHub-660298","9001-52036","Male",161,2025-09-20,"2025-09-20 1:51"
"6426","aquaHub-660298","9001-52036","Male",161,2025-09-20,"2025-09-20 1:53"
"6427","aquaHub-660298","9001-52039","Male",170,2025-09-20,"2025-09-20 1:53"
"6428","aquaHub-660298","9001-52036","Male",161,2025-09-20,"2025-09-20 1:58"
"6429","aquaHub-660298","9001-52036","Male",161,2025-09-20,"2025-09-20 2:00"
"6430","aquaHub-660298","9001-52039","Male",170,2025-09-20,"2025-09-20 2:00"
"6431","aquaHub-660298","9001-52036","Male",161,2025-09-20,"2025-09-20 2:02"
"6432","aquaHub-660298","9001-52039","Male",170,2025-09-20,"2025-09-20 2:02"
"6433","aquaHub-660298","9001-52039","Male",170,2025-09-20,"2025-09-20 2:06"
"6434","aquaHub-660298","9001-52036","Male",161,2025-09-20,"2025-09-20 2:09"
"6435","aquaHub-660298","9001-52036","Male",161,2025-09-20,"2025-09-20 2:11"
"6436","aquaHub-660298","9001-52039","Male",170,2025-09-20,"2025-09-20 2:11"
"6437","aquaHub-660298","9001-52036","Male",161,2025-09-20,"2025-09-20 2:13"
"6438","aquaHub-660298","9001-52036","Male",161,2025-09-20,"2025-09-20 2:17"
"6439","aquaHub-660298","9001-52036","Male",161,2025-09-20,"2025-09-20 2:19"
"6440","aquaHub-660298","9001-52036","Male",161,2025-09-20,"2025-09-20 2:21"
"6441","aquaHub-660298","9001-52036","Male",161,2025-09-20,"2025-09-20 2:23"
"6442","aquaHub-660298","9001-52039","Male",170,2025-09-20,"2025-09-20 2:27"
"6443","aquaHub-660298","9001-52036","Male",161,2025-09-20,"2025-09-20 2:27"
"6444","aquaHub-660298","9001-52036","Male",161,2025-09-20,"2025-09-20 2:29"
"6445","aquaHub-660298","9001-52039","Male",170,2025-09-20,"2025-09-20 2:30"
"6446","aquaHub-660298","9001-52036","Male",161,2025-09-20,"2025-09-20 2:31"
"6447","aquaHub-660298","9001-52039","Male",170,2025-09-20,"2025-09-20 2:33"
"6448","aquaHub-660298","9001-52036","Male",161,2025-09-20,"2025-09-20 2:33"
"6449","aquaHub-660298","9001-52039","Male",170,2025-09-20,"2025-09-20 2:35"
"6450","aquaHub-660298","9001-52036","Male",161,2025-09-20,"2025-09-20 2:35"
"6451","aquaHub-660298","9001-52039","Male",170,2025-09-20,"2025-09-20 2:37"
"6452","aquaHub-660298","9001-52036","Male",161,2025-09-20,"2025-09-20 2:39"
"6453","aquaHub-660298","9001-52039","Male",170,2025-09-20,"2025-09-20 2:41"
"6454","aquaHub-660298","9001-52036","Male",161,2025-09-20,"2025-09-20 2:42"
"6455","aquaHub-660298","9001-52039","Male",170,2025-09-20,"2025-09-20 2:43"
"6456","aquaHub-660273","9001-43289","Male",171,2025-09-20,"2025-09-20 2:45"
"6457","aquaHub-660298","9001-52036","Male",161,2025-09-20,"2025-09-20 2:45"
"6458","aquaHub-660298","9001-52039","Male",170,2025-09-20,"2025-09-20 2:45"
"6459","aquaHub-660273","9001-43289","Male",171,2025-09-20,"2025-09-20 2:47"
"6460","aquaHub-660298","9001-52039","Male",170,2025-09-20,"2025-09-20 2:47"
"6461","aquaHub-660298","9001-52036","Male",161,2025-09-20,"2025-09-20 2:47"
"6462","aquaHub-660298","9001-52039","Male",170,2025-09-20,"2025-09-20 2:49"
"6463","aquaHub-660273","9001-43289","Male",171,2025-09-20,"2025-09-20 2:49"
"6464","aquaHub-660298","9001-52036","Male",161,2025-09-20,"2025-09-20 2:50"
"6465","aquaHub-660298","9001-52039","Male",170,2025-09-20,"2025-09-20 2:50"
"6466","aquaHub-660298","9001-52036","Male",161,2025-09-20,"2025-09-20 2:52"
"6467","aquaHub-660298","9001-52039","Male",170,2025-09-20,"2025-09-20 2:52"
"6468","aquaHub-660298","9001-52036","Male",161,2025-09-20,"2025-09-20 3:01"
"6469","aquaHub-660298","9001-52039","Male",170,2025-09-20,"2025-09-20 3:01"
"6470","aquaHub-660298","9001-52039","Male",170,2025-09-20,"2025-09-20 3:03"
"6471","aquaHub-660298","9001-52039","Male",170,2025-09-20,"2025-09-20 3:04"
"6472","aquaHub-660298","9001-52036","Male",161,2025-09-20,"2025-09-20 3:05"
"6473","aquaHub-660298","9001-52039","Male",170,2025-09-20,"2025-09-20 3:07"
"6474","aquaHub-660298","9001-52036","Male",161,2025-09-20,"2025-09-20 3:07"
"6475","aquaHub-660298","9001-52039","Male",170,2025-09-20,"2025-09-20 3:10"
"6476","aquaHub-660298","9001-52036","Male",161,2025-09-20,"2025-09-20 3:11"
"6477","aquaHub-660298","9001-52039","Male",170,2025-09-20,"2025-09-20 3:12"
"6478","aquaHub-660298","9001-52036","Male",161,2025-09-20,"2025-09-20 3:14"
"6479","aquaHub-660298","9001-52036","Male",161,2025-09-20,"2025-09-20 3:16"
"6480","aquaHub-660298","9001-52039","Male",170,2025-09-20,"2025-09-20 3:18"
"6481","aquaHub-660298","9001-52036","Male",161,2025-09-20,"2025-09-20 3:19"
"6482","aquaHub-660298","9001-52036","Male",161,2025-09-20,"2025-09-20 3:22"
"6483","aquaHub-660298","9001-52039","Male",170,2025-09-20,"2025-09-20 3:23"
"6484","aquaHub-660298","9001-52036","Male",161,2025-09-20,"2025-09-20 3:25"
"6485","aquaHub-660298","9001-52039","Male",170,2025-09-20,"2025-09-20 3:25"
"6486","aquaHub-660298","9001-52036","Male",161,2025-09-20,"2025-09-20 3:28"
"6487","aquaHub-660298","9001-52036","Male",161,2025-09-20,"2025-09-20 3:33"
"6488","aquaHub-660298","9001-52039","Male",170,2025-09-20,"2025-09-20 3:36"
"6489","aquaHub-660298","9001-52036","Male",161,2025-09-20,"2025-09-20 3:37"
"6490","aquaHub-660298","9001-52039","Male",170,2025-09-20,"2025-09-20 3:38"
"6491","aquaHub-660298","9001-52036","Male",161,2025-09-20,"2025-09-20 3:39"
"6492","aquaHub-660298","9001-52039","Male",170,2025-09-20,"2025-09-20 3:41"
"6493","aquaHub-660298","9001-52036","Male",161,2025-09-20,"2025-09-20 3:42"
"6494","aquaHub-660298","9001-52039","Male",170,2025-09-20,"2025-09-20 3:43"
"6495","aquaHub-660298","9001-52039","Male",170,2025-09-20,"2025-09-20 3:45"
"6496","aquaHub-660298","9001-52036","Male",161,2025-09-20,"2025-09-20 3:47"
"6497","aquaHub-660298","9001-52039","Male",170,2025-09-20,"2025-09-20 3:47"
"6498","aquaHub-660298","9001-52036","Male",161,2025-09-20,"2025-09-20 3:49"
"6499","aquaHub-660298","9001-52039","Male",170,2025-09-20,"2025-09-20 3:49"
"6500","aquaHub-660298","9001-52036","Male",161,2025-09-20,"2025-09-20 3:51"
"6501","aquaHub-660298","9001-52039","Male",170,2025-09-20,"2025-09-20 3:52"
"6502","aquaHub-660298","9001-52036","Male",161,2025-09-20,"2025-09-20 3:53"
"6503","aquaHub-660298","9001-52039","Male",170,2025-09-20,"2025-09-20 3:54"
"6504","aquaHub-660298","9001-52039","Male",170,2025-09-20,"2025-09-20 3:57"
"6505","aquaHub-660298","9001-52036","Male",161,2025-09-20,"2025-09-20 3:58"
"6506","aquaHub-660298","9001-52036","Male",161,2025-09-20,"2025-09-20 4:01"
"6507","aquaHub-660298","9001-52039","Male",170,2025-09-20,"2025-09-20 4:01"
"6508","aquaHub-660298","9001-52039","Male",170,2025-09-20,"2025-09-20 4:02"
"6509","aquaHub-660298","9001-52036","Male",161,2025-09-20,"2025-09-20 4:03"
"6510","aquaHub-660273","9001-43149","Male",165,2025-09-20,"2025-09-20 4:03"
"6511","aquaHub-660298","9001-52039","Male",170,2025-09-20,"2025-09-20 4:04"
"6512","aquaHub-660298","9001-52036","Male",161,2025-09-20,"2025-09-20 4:05"
"6513","aquaHub-660273","9001-43149","Male",165,2025-09-20,"2025-09-20 4:06"
"6514","aquaHub-660298","9001-52039","Male",170,2025-09-20,"2025-09-20 4:07"
"6515","aquaHub-660298","9001-52036","Male",161,2025-09-20,"2025-09-20 4:07"
"6516","aquaHub-660273","9001-43149","Male",165,2025-09-20,"2025-09-20 4:08"
"6517","aquaHub-660298","9001-52039","Male",170,2025-09-20,"2025-09-20 4:09"
"6518","aquaHub-660298","9001-52036","Male",161,2025-09-20,"2025-09-20 4:09"
"6519","aquaHub-660273","9001-43149","Male",165,2025-09-20,"2025-09-20 4:09"
"6520","aquaHub-660298","9001-52036","Male",161,2025-09-20,"2025-09-20 4:11"
"6521","aquaHub-660273","9001-52038","Male",153,2025-09-20,"2025-09-20 4:12"
"6522","aquaHub-660298","9001-52036","Male",161,2025-09-20,"2025-09-20 4:13"
"6523","aquaHub-660273","9001-52038","Male",153,2025-09-20,"2025-09-20 4:13"
"6524","aquaHub-660298","9001-26756","Male",1.6,2025-09-20,"2025-09-20 4:15"
"6525","aquaHub-660298","9001-52036","Male",161,2025-09-20,"2025-09-20 4:15"
"6526","aquaHub-660298","9001-52039","Male",170,2025-09-20,"2025-09-20 4:16"
"6527","aquaHub-660298","9001-26756","Male",1.6,2025-09-20,"2025-09-20 4:17"
"6528","aquaHub-660273","9001-52038","Male",153,2025-09-20,"2025-09-20 4:18"
"6529","aquaHub-660298","9001-52039","Male",170,2025-09-20,"2025-09-20 4:18"
"6530","aquaHub-660273","9001-52043","Male",1.5,2025-09-20,"2025-09-20 4:18"
"6531","aquaHub-660298","9001-52036","Male",161,2025-09-20,"2025-09-20 4:18"
"6532","aquaHub-660298","9001-52039","Male",170,2025-09-20,"2025-09-20 4:19"
"6533","aquaHub-660298","9001-52036","Male",161,2025-09-20,"2025-09-20 4:20"
"6534","aquaHub-660273","9001-52038","Male",153,2025-09-20,"2025-09-20 4:20"
"6535","aquaHub-660298","9001-26756","Male",1.6,2025-09-20,"2025-09-20 4:20"
"6536","aquaHub-660273","9001-52038","Male",153,2025-09-20,"2025-09-20 4:21"
"6537","aquaHub-660298","9001-52036","Male",161,2025-09-20,"2025-09-20 4:21"
"6538","aquaHub-660298","9001-52039","Male",170,2025-09-20,"2025-09-20 4:22"
"6539","aquaHub-660273","9001-52043","Male",1.5,2025-09-20,"2025-09-20 4:22"
"6540","aquaHub-660273","9001-43289","Male",171,2025-09-20,"2025-09-20 4:23"
"6541","aquaHub-660273","9001-52038","Male",153,2025-09-20,"2025-09-20 4:23"
"6542","aquaHub-660298","9001-52039","Male",170,2025-09-20,"2025-09-20 4:23"
"6543","aquaHub-660298","9001-52036","Male",161,2025-09-20,"2025-09-20 4:23"
"6544","aquaHub-660298","9001-26756","Male",1.6,2025-09-20,"2025-09-20 4:24"
"6545","aquaHub-660273","9001-52043","Male",1.5,2025-09-20,"2025-09-20 4:24"
"6546","aquaHub-660273","9001-43289","Male",171,2025-09-20,"2025-09-20 4:25"
"6547","aquaHub-660298","9001-52036","Male",161,2025-09-20,"2025-09-20 4:26"
"6548","aquaHub-660273","9001-43289","Male",171,2025-09-20,"2025-09-20 4:27"
"6549","aquaHub-660273","9001-52038","Male",153,2025-09-20,"2025-09-20 4:27"
"6550","aquaHub-660298","9001-52039","Male",170,2025-09-20,"2025-09-20 4:27"
"6551","aquaHub-660298","9001-52036","Male",161,2025-09-20,"2025-09-20 4:28"
"6552","aquaHub-660273","9001-52043","Male",1.5,2025-09-20,"2025-09-20 4:28"
"6553","aquaHub-660273","9001-43289","Male",171,2025-09-20,"2025-09-20 4:29"
"6554","aquaHub-660298","9001-52039","Male",170,2025-09-20,"2025-09-20 4:29"
"6555","aquaHub-660298","9001-52036","Male",161,2025-09-20,"2025-09-20 4:30"
"6556","aquaHub-660298","9001-26756","Male",1.6,2025-09-20,"2025-09-20 4:30"
"6557","aquaHub-660298","9001-52039","Male",170,2025-09-20,"2025-09-20 4:31"
"6558","aquaHub-660298","9001-52036","Male",161,2025-09-20,"2025-09-20 4:32"
"6559","aquaHub-660298","9001-52039","Male",170,2025-09-20,"2025-09-20 4:33"
"6560","aquaHub-660273","9001-43289","Male",171,2025-09-20,"2025-09-20 4:33"
"6561","aquaHub-660298","9001-52036","Male",161,2025-09-20,"2025-09-20 4:34"
"6562","aquaHub-660298","9001-26756","Male",1.6,2025-09-20,"2025-09-20 4:34"
"6563","aquaHub-660298","9001-52039","Male",170,2025-09-20,"2025-09-20 4:36"
"6564","aquaHub-660298","9001-52036","Male",161,2025-09-20,"2025-09-20 4:36"
"6565","aquaHub-660298","9001-52039","Male",170,2025-09-20,"2025-09-20 4:37"
"6566","aquaHub-660298","9001-52036","Male",161,2025-09-20,"2025-09-20 4:38"
"6567","aquaHub-660298","9001-26756","Male",1.6,2025-09-20,"2025-09-20 4:38"
"6568","aquaHub-660298","9001-52036","Male",161,2025-09-20,"2025-09-20 4:40"
"6569","aquaHub-660298","9001-52039","Male",170,2025-09-20,"2025-09-20 4:40"
"6570","aquaHub-660298","9001-52039","Male",170,2025-09-20,"2025-09-20 4:42"
"6571","aquaHub-660298","9001-52036","Male",161,2025-09-20,"2025-09-20 4:42"
"6572","aquaHub-660298","9001-26756","Male",1.6,2025-09-20,"2025-09-20 4:43"
"6573","aquaHub-660298","9001-52039","Male",170,2025-09-20,"2025-09-20 4:44"
"6574","aquaHub-660298","9001-52039","Male",170,2025-09-20,"2025-09-20 4:48"
"6575","aquaHub-660298","9001-26756","Male",1.6,2025-09-20,"2025-09-20 4:48"
"6576","aquaHub-660298","9001-52036","Male",161,2025-09-20,"2025-09-20 4:48"
"6577","aquaHub-660298","9001-52039","Male",170,2025-09-20,"2025-09-20 4:49"
"6578","aquaHub-660298","9001-52039","Male",170,2025-09-20,"2025-09-20 4:51"
"6579","aquaHub-660298","9001-52036","Male",161,2025-09-20,"2025-09-20 4:51"
"6580","aquaHub-660298","9001-26756","Male",1.6,2025-09-20,"2025-09-20 4:51"
"6581","aquaHub-660298","9001-52039","Male",170,2025-09-20,"2025-09-20 4:53"
"6582","aquaHub-660298","9001-52036","Male",161,2025-09-20,"2025-09-20 4:54"
"6583","aquaHub-660298","9001-26756","Male",1.6,2025-09-20,"2025-09-20 4:56"
"6584","aquaHub-660298","9001-52036","Male",161,2025-09-20,"2025-09-20 4:56"
"6585","aquaHub-660298","9001-52039","Male",170,2025-09-20,"2025-09-20 4:57"
"6586","aquaHub-660298","9001-52036","Male",161,2025-09-20,"2025-09-20 4:59"
"6587","aquaHub-660298","9001-52039","Male",170,2025-09-20,"2025-09-20 4:59"
"6588","aquaHub-660298","9001-43284","Male",166,2025-09-20,"2025-09-20 5:00"
"6589","aquaHub-660298","9001-52039","Male",170,2025-09-20,"2025-09-20 5:00"
"6590","aquaHub-660298","9001-52036","Male",161,2025-09-20,"2025-09-20 5:01"
"6591","aquaHub-660298","9001-52039","Male",170,2025-09-20,"2025-09-20 5:02"
"6592","aquaHub-660298","9001-43284","Male",166,2025-09-20,"2025-09-20 5:02"
"6593","aquaHub-660298","9001-52036","Male",161,2025-09-20,"2025-09-20 5:06"
"6594","aquaHub-660298","9001-52039","Male",170,2025-09-20,"2025-09-20 5:07"
"6595","aquaHub-660298","9001-43284","Male",166,2025-09-20,"2025-09-20 5:07"
"6596","aquaHub-660298","9001-52036","Male",161,2025-09-20,"2025-09-20 5:08"
"6597","aquaHub-660298","9001-52036","Male",161,2025-09-20,"2025-09-20 5:10"
"6598","aquaHub-660298","9001-52039","Male",170,2025-09-20,"2025-09-20 5:11"
"6599","aquaHub-660110","9001-52031","Male",1.6,2025-09-20,"2025-09-20 5:13"
"6600","aquaHub-660110","9001-52031","Male",1.6,2025-09-20,"2025-09-20 5:15"
"6601","aquaHub-660298","9001-52036","Male",161,2025-09-20,"2025-09-20 5:16"
"6602","aquaHub-660298","9001-43284","Male",166,2025-09-20,"2025-09-20 5:16"
"6603","aquaHub-660298","9001-52039","Male",170,2025-09-20,"2025-09-20 5:16"
"6604","aquaHub-660110","9001-52031","Male",1.6,2025-09-20,"2025-09-20 5:17"
"6605","aquaHub-660298","9001-43284","Male",166,2025-09-20,"2025-09-20 5:18"
"6606","aquaHub-660110","9001-52031","Male",1.6,2025-09-20,"2025-09-20 5:19"
"6607","aquaHub-660298","9001-52036","Male",161,2025-09-20,"2025-09-20 5:20"
"6608","aquaHub-660298","9001-52039","Male",170,2025-09-20,"2025-09-20 5:21"
"6609","aquaHub-660110","9001-52031","Male",1.6,2025-09-20,"2025-09-20 5:21"
"6610","aquaHub-660298","9001-52036","Male",161,2025-09-20,"2025-09-20 5:22"
"6611","aquaHub-660273","9001-52038","Male",153,2025-09-20,"2025-09-20 5:22"
"6612","aquaHub-660110","9001-52031","Male",1.6,2025-09-20,"2025-09-20 5:24"
"6613","aquaHub-660273","9001-52038","Male",153,2025-09-20,"2025-09-20 5:24"
"6614","aquaHub-660298","9001-52036","Male",161,2025-09-20,"2025-09-20 5:26"
"6615","aquaHub-660110","9001-52031","Male",1.6,2025-09-20,"2025-09-20 5:26"
"6616","aquaHub-660273","9001-52038","Male",153,2025-09-20,"2025-09-20 5:27"
"6617","aquaHub-660298","9001-52036","Male",161,2025-09-20,"2025-09-20 5:27"
"6618","aquaHub-660298","9001-43284","Male",166,2025-09-20,"2025-09-20 5:28"
"6619","aquaHub-660110","9001-52031","Male",1.6,2025-09-20,"2025-09-20 5:28"
"6620","aquaHub-660110","9001-52031","Male",1.6,2025-09-20,"2025-09-20 5:29"
"6621","aquaHub-660273","9001-52038","Male",153,2025-09-20,"2025-09-20 5:30"
"6622","aquaHub-660273","9001-43289","Male",171,2025-09-20,"2025-09-20 5:31"
"6623","aquaHub-660110","9001-52031","Male",1.6,2025-09-20,"2025-09-20 5:31"
"6624","aquaHub-660298","9001-43284","Male",166,2025-09-20,"2025-09-20 5:31"
"6625","aquaHub-660273","9001-52038","Male",153,2025-09-20,"2025-09-20 5:32"
"6626","aquaHub-660298","9001-52036","Male",161,2025-09-20,"2025-09-20 5:32"
"6627","aquaHub-660273","9001-43289","Male",171,2025-09-20,"2025-09-20 5:33"
"6628","aquaHub-660273","9001-43289","Male",171,2025-09-20,"2025-09-20 5:35"
"6629","aquaHub-660298","9001-52036","Male",161,2025-09-20,"2025-09-20 5:35"
"6630","aquaHub-660273","9001-52038","Male",153,2025-09-20,"2025-09-20 5:37"
"6631","aquaHub-660298","9001-52036","Male",161,2025-09-20,"2025-09-20 5:37"
"6632","aquaHub-660273","9001-43289","Male",171,2025-09-20,"2025-09-20 5:37"
"6633","aquaHub-660298","9001-52036","Male",161,2025-09-20,"2025-09-20 5:38"
"6634","aquaHub-660273","9001-52038","Male",153,2025-09-20,"2025-09-20 5:39"
"6635","aquaHub-660110","9001-43149","Male",165,2025-09-20,"2025-09-20 5:40"
"6636","aquaHub-660273","9001-43289","Male",171,2025-09-20,"2025-09-20 5:40"
"6637","aquaHub-660110","9001-43149","Male",165,2025-09-20,"2025-09-20 5:42"
"6638","aquaHub-660298","9001-43284","Male",166,2025-09-20,"2025-09-20 5:42"
"6639","aquaHub-660298","9001-52036","Male",161,2025-09-20,"2025-09-20 5:43"
"6640","aquaHub-660110","9001-43149","Male",165,2025-09-20,"2025-09-20 5:44"
"6641","aquaHub-660298","9001-43284","Male",166,2025-09-20,"2025-09-20 5:45"
"6642","aquaHub-660298","9001-52036","Male",161,2025-09-20,"2025-09-20 5:45"
"6643","aquaHub-660110","9001-43149","Male",165,2025-09-20,"2025-09-20 5:46"
"6644","aquaHub-660298","9001-43284","Male",166,2025-09-20,"2025-09-20 5:47"
"6645","aquaHub-660110","9001-43149","Male",165,2025-09-20,"2025-09-20 5:48"
"6646","aquaHub-660298","9001-52036","Male",161,2025-09-20,"2025-09-20 5:48"
"6647","aquaHub-660298","9001-43284","Male",166,2025-09-20,"2025-09-20 5:49"
"6648","aquaHub-660110","9001-43149","Male",165,2025-09-20,"2025-09-20 5:50"
"6649","aquaHub-660298","9001-43284","Male",166,2025-09-20,"2025-09-20 5:52"
"6650","aquaHub-660110","9001-43149","Male",165,2025-09-20,"2025-09-20 5:53"
"6651","aquaHub-660298","9001-52036","Male",161,2025-09-20,"2025-09-20 5:53"
"6652","aquaHub-660298","9001-52039","Male",170,2025-09-20,"2025-09-20 5:54"
"6653","aquaHub-660298","9001-43284","Male",166,2025-09-20,"2025-09-20 5:54"
"6654","aquaHub-660273","9001-52038","Male",153,2025-09-20,"2025-09-20 5:56"
"6655","aquaHub-660298","9001-52039","Male",170,2025-09-20,"2025-09-20 5:57"
"6656","aquaHub-660298","9001-52036","Male",161,2025-09-20,"2025-09-20 5:58"
"6657","aquaHub-660298","9001-43284","Male",166,2025-09-20,"2025-09-20 5:59"
"6658","aquaHub-660298","9001-52039","Male",170,2025-09-20,"2025-09-20 5:59"
"6659","aquaHub-660298","9001-52036","Male",161,2025-09-20,"2025-09-20 6:01"
"6660","aquaHub-660298","9001-43284","Male",166,2025-09-20,"2025-09-20 6:01"
"6661","aquaHub-660298","9001-52036","Male",161,2025-09-20,"2025-09-20 6:04"
"6662","aquaHub-660298","9001-43284","Male",166,2025-09-20,"2025-09-20 6:04"
"6663","aquaHub-660298","9001-52039","Male",170,2025-09-20,"2025-09-20 6:05"
"6664","aquaHub-660298","9001-52036","Male",161,2025-09-20,"2025-09-20 6:06"
"6665","aquaHub-660298","9001-52039","Male",170,2025-09-20,"2025-09-20 6:09"
"6666","aquaHub-660298","9001-52036","Male",161,2025-09-20,"2025-09-20 6:10"
"6667","aquaHub-660298","9001-43284","Male",166,2025-09-20,"2025-09-20 6:11"
"6668","aquaHub-660298","9001-52039","Male",170,2025-09-20,"2025-09-20 6:11"
"6669","aquaHub-660298","9001-52036","Male",161,2025-09-20,"2025-09-20 6:12"
"6670","aquaHub-660298","9001-52036","Male",161,2025-09-20,"2025-09-20 6:13"
"6671","aquaHub-660298","9001-52039","Male",170,2025-09-20,"2025-09-20 6:13"
"6672","aquaHub-660298","9001-52039","Male",170,2025-09-20,"2025-09-20 6:16"
"6673","aquaHub-660298","9001-52036","Male",161,2025-09-20,"2025-09-20 6:16"
"6674","aquaHub-660298","9001-52039","Male",170,2025-09-20,"2025-09-20 6:18"
"6675","aquaHub-660298","9001-52036","Male",161,2025-09-20,"2025-09-20 6:18"
"6676","aquaHub-660298","9001-52039","Male",170,2025-09-20,"2025-09-20 6:23"
"6677","aquaHub-660298","9001-52036","Male",161,2025-09-20,"2025-09-20 6:24"
"6678","aquaHub-660298","9001-52036","Male",161,2025-09-20,"2025-09-20 6:28"
"6679","aquaHub-660298","9001-52039","Male",170,2025-09-20,"2025-09-20 6:29"
"6680","aquaHub-660298","9001-52036","Male",161,2025-09-20,"2025-09-20 6:30"
"6681","aquaHub-660298","9001-52039","Male",170,2025-09-20,"2025-09-20 6:31"
"6682","aquaHub-660298","9001-52036","Male",161,2025-09-20,"2025-09-20 6:31"
"6683","aquaHub-660298","9001-52036","Male",161,2025-09-20,"2025-09-20 6:33"
"6684","aquaHub-660298","9001-52039","Male",170,2025-09-20,"2025-09-20 6:34"
"6685","aquaHub-660298","9001-52036","Male",161,2025-09-20,"2025-09-20 6:36"
"6686","aquaHub-660298","9001-52039","Male",170,2025-09-20,"2025-09-20 6:36"
"6687","aquaHub-660298","9001-52039","Male",170,2025-09-20,"2025-09-20 6:38"
"6688","aquaHub-660298","9001-52036","Male",161,2025-09-20,"2025-09-20 6:39"
"6689","aquaHub-660298","9001-52039","Male",170,2025-09-20,"2025-09-20 6:40"
"6690","aquaHub-660298","9001-52036","Male",161,2025-09-20,"2025-09-20 6:42"
"6691","aquaHub-660298","9001-52039","Male",170,2025-09-20,"2025-09-20 6:45"
"6692","aquaHub-660298","9001-52036","Male",161,2025-09-20,"2025-09-20 6:46"
"6693","aquaHub-660298","9001-52039","Male",170,2025-09-20,"2025-09-20 6:47"
"6694","aquaHub-660298","9001-52039","Male",170,2025-09-20,"2025-09-20 6:50"
"6695","aquaHub-660298","9001-52036","Male",161,2025-09-20,"2025-09-20 6:50"
"6696","aquaHub-660298","9001-52039","Male",170,2025-09-20,"2025-09-20 6:51"
"6697","aquaHub-660298","9001-52039","Male",170,2025-09-20,"2025-09-20 6:54"
"6698","aquaHub-660298","9001-52039","Male",170,2025-09-20,"2025-09-20 6:55"
"6699","aquaHub-660298","9001-52039","Male",170,2025-09-20,"2025-09-20 6:57"
"6700","aquaHub-660273","9001-52031","Male",1.6,2025-09-20,"2025-09-20 6:57"
"6701","aquaHub-660273","9001-52031","Male",1.6,2025-09-20,"2025-09-20 6:59"
"6702","aquaHub-660273","9001-52031","Male",1.6,2025-09-20,"2025-09-20 7:02"
"6703","aquaHub-660298","9001-52039","Male",170,2025-09-20,"2025-09-20 7:02"
"6704","aquaHub-660298","9001-52039","Male",170,2025-09-20,"2025-09-20 7:05"
"6705","aquaHub-660273","9001-52031","Male",1.6,2025-09-20,"2025-09-20 7:06"
"6706","aquaHub-660273","9001-52031","Male",1.6,2025-09-20,"2025-09-20 7:09"
"6707","aquaHub-660298","9001-52039","Male",170,2025-09-20,"2025-09-20 7:10"
"6708","aquaHub-660273","9001-52031","Male",1.6,2025-09-20,"2025-09-20 7:11"
"6709","aquaHub-660298","9001-52039","Male",170,2025-09-20,"2025-09-20 7:12"
"6710","aquaHub-660273","9001-52031","Male",1.6,2025-09-20,"2025-09-20 7:13"
"6711","aquaHub-660273","9001-52043","Male",1.5,2025-09-20,"2025-09-20 7:14"
"6712","aquaHub-660298","9001-52039","Male",170,2025-09-20,"2025-09-20 7:14"
"6713","aquaHub-660273","9001-52043","Male",1.5,2025-09-20,"2025-09-20 7:15"
"6714","aquaHub-660298","9001-52039","Male",170,2025-09-20,"2025-09-20 7:17"
"6715","aquaHub-660273","9001-52043","Male",1.5,2025-09-20,"2025-09-20 7:17"
"6716","aquaHub-660273","9001-52031","Male",1.6,2025-09-20,"2025-09-20 7:17"
"6717","aquaHub-660298","9001-52039","Male",170,2025-09-20,"2025-09-20 7:19"
"6718","aquaHub-660273","9001-52031","Male",1.6,2025-09-20,"2025-09-20 7:19"
"6719","aquaHub-660273","9001-52043","Male",1.5,2025-09-20,"2025-09-20 7:19"
"6720","aquaHub-660273","9001-52031","Male",1.6,2025-09-20,"2025-09-20 7:20"
"6721","aquaHub-660273","9001-52031","Male",1.6,2025-09-20,"2025-09-20 7:23"
"6722","aquaHub-660273","9001-52043","Male",1.5,2025-09-20,"2025-09-20 7:24"
"6723","aquaHub-660273","9001-52031","Male",1.6,2025-09-20,"2025-09-20 7:25"
"6724","aquaHub-660298","9001-43282","Male",162,2025-09-20,"2025-09-20 7:27"
"6725","aquaHub-660273","9001-52031","Male",1.6,2025-09-20,"2025-09-20 7:28"
"6726","aquaHub-660298","9001-52039","Male",170,2025-09-20,"2025-09-20 7:28"
"6727","aquaHub-660273","9001-52031","Male",1.6,2025-09-20,"2025-09-20 7:30"
"6728","aquaHub-660298","9001-52017","Male",1.6,2025-09-20,"2025-09-20 7:31"
"6729","aquaHub-660298","9001-52017","Male",1.6,2025-09-20,"2025-09-20 7:35"
"6730","aquaHub-660298","9001-52036","Male",161,2025-09-20,"2025-09-20 7:36"
"6731","aquaHub-660298","9001-52039","Male",170,2025-09-20,"2025-09-20 7:36"
"6732","aquaHub-660298","9001-52017","Male",1.6,2025-09-20,"2025-09-20 7:37"
"6733","aquaHub-660298","9001-52039","Male",170,2025-09-20,"2025-09-20 7:39"
"6734","aquaHub-660298","9001-52017","Male",1.6,2025-09-20,"2025-09-20 7:40"
"6735","aquaHub-660298","9001-52039","Male",170,2025-09-20,"2025-09-20 7:41"
"6736","aquaHub-660298","9001-52039","Male",170,2025-09-20,"2025-09-20 7:43"
"6737","aquaHub-660298","9001-52039","Male",170,2025-09-20,"2025-09-20 7:45"
"6738","aquaHub-660298","9001-52017","Male",1.6,2025-09-20,"2025-09-20 7:46"
"6739","aquaHub-660298","9001-52039","Male",170,2025-09-20,"2025-09-20 7:47"
"6740","aquaHub-660298","9001-52017","Male",1.6,2025-09-20,"2025-09-20 7:48"
"6741","aquaHub-660298","9001-52017","Male",1.6,2025-09-20,"2025-09-20 7:50"
"6742","aquaHub-660298","9001-52039","Male",170,2025-09-20,"2025-09-20 7:51"
"6743","aquaHub-660298","9001-52039","Male",170,2025-09-20,"2025-09-20 7:56"
"6744","aquaHub-660298","9006-6288","Female",2,2025-09-20,"2025-09-20 7:59"
"6745","aquaHub-660298","9001-52039","Male",170,2025-09-20,"2025-09-20 8:00"
"6746","aquaHub-660298","9001-52039","Male",170,2025-09-20,"2025-09-20 8:03"
"6747","aquaHub-660298","9006-6288","Female",2,2025-09-20,"2025-09-20 8:04"
"6748","aquaHub-660298","9001-52039","Male",170,2025-09-20,"2025-09-20 8:05"
"6749","aquaHub-660298","9001-52039","Male",170,2025-09-20,"2025-09-20 8:07"
"6750","aquaHub-660298","9001-52039","Male",170,2025-09-20,"2025-09-20 8:09"
"6751","aquaHub-660298","9001-52039","Male",170,2025-09-20,"2025-09-20 8:11"
"6752","aquaHub-660298","9001-52039","Male",170,2025-09-20,"2025-09-20 8:13"
"6753","aquaHub-660298","9006-6288","Female",2,2025-09-20,"2025-09-20 8:14"
"6754","aquaHub-660298","9006-6288","Female",2,2025-09-20,"2025-09-20 8:15"
"6755","aquaHub-660298","9001-52039","Male",170,2025-09-20,"2025-09-20 8:16"
"6756","aquaHub-660298","9006-6288","Female",2,2025-09-20,"2025-09-20 8:18"
"6757","aquaHub-660298","9006-6288","Female",2,2025-09-20,"2025-09-20 8:20"
"6758","aquaHub-660298","9006-6288","Female",2,2025-09-20,"2025-09-20 8:21"
"6759","aquaHub-660298","9006-6288","Female",2,2025-09-20,"2025-09-20 8:25"
"6760","aquaHub-660298","9006-6288","Female",2,2025-09-20,"2025-09-20 8:26"
"6761","aquaHub-660298","9006-6288","Female",2,2025-09-20,"2025-09-20 8:28"
"6762","aquaHub-660298","9006-6288","Female",2,2025-09-20,"2025-09-20 8:29"
"6763","aquaHub-660298","9006-6288","Female",2,2025-09-20,"2025-09-20 8:31"
"6764","aquaHub-660298","9006-6288","Female",2,2025-09-20,"2025-09-20 8:33"
"6765","aquaHub-660298","9006-6288","Female",2,2025-09-20,"2025-09-20 8:34"
"6766","aquaHub-660298","9006-6288","Female",2,2025-09-20,"2025-09-20 8:35"
"6767","aquaHub-660298","9001-52039","Male",170,2025-09-20,"2025-09-20 8:36"
"6768","aquaHub-660298","9001-52039","Male",170,2025-09-20,"2025-09-20 8:38"
"6769","aquaHub-660298","9001-52039","Male",170,2025-09-20,"2025-09-20 8:39"
"6770","aquaHub-660298","9001-52039","Male",170,2025-09-20,"2025-09-20 8:41"
"6771","aquaHub-660298","9001-52039","Male",170,2025-09-20,"2025-09-20 8:43"
"6772","aquaHub-660298","9001-52039","Male",170,2025-09-20,"2025-09-20 8:46"
"6773","aquaHub-660141","9001-43287","Female",201,2025-09-20,"2025-09-20 8:46"
"6774","aquaHub-660141","9001-43287","Female",201,2025-09-20,"2025-09-20 8:47"
"6775","aquaHub-660298","9001-52039","Male",170,2025-09-20,"2025-09-20 8:48"
"6776","aquaHub-660141","9001-43287","Female",201,2025-09-20,"2025-09-20 8:52"
"6777","aquaHub-660298","9001-52039","Male",170,2025-09-20,"2025-09-20 8:53"
"6778","aquaHub-660141","9001-43287","Female",201,2025-09-20,"2025-09-20 8:54"
"6779","aquaHub-660298","9001-52039","Male",170,2025-09-20,"2025-09-20 8:54"
"6780","aquaHub-660141","9001-43287","Female",201,2025-09-20,"2025-09-20 8:55"
"6781","aquaHub-660298","9001-52039","Male",170,2025-09-20,"2025-09-20 8:56"
"6782","aquaHub-660298","9001-52039","Male",170,2025-09-20,"2025-09-20 8:57"
"6783","aquaHub-660141","9001-43287","Female",201,2025-09-20,"2025-09-20 8:57"
"6784","aquaHub-660298","9001-52039","Male",170,2025-09-20,"2025-09-20 8:59"
"6785","aquaHub-660141","9001-43287","Female",201,2025-09-20,"2025-09-20 9:01"
"6786","aquaHub-660298","9001-52039","Male",170,2025-09-20,"2025-09-20 9:01"
"6787","aquaHub-660141","9001-43287","Female",201,2025-09-20,"2025-09-20 9:03"
"6788","aquaHub-660298","9001-52039","Male",170,2025-09-20,"2025-09-20 9:04"
"6789","aquaHub-660141","9001-43287","Female",201,2025-09-20,"2025-09-20 9:06"
"6790","aquaHub-660141","9001-43287","Female",201,2025-09-20,"2025-09-20 9:13"
"6791","aquaHub-660273","9001-26747","Male",1.4,2025-09-20,"2025-09-20 10:01"
"6792","aquaHub-660298","9001-52017","Male",1.6,2025-09-20,"2025-09-20 10:04"
"6793","aquaHub-660298","9001-52017","Male",1.6,2025-09-20,"2025-09-20 10:06"
"6794","aquaHub-660298","9001-52017","Male",1.6,2025-09-20,"2025-09-20 10:08"
"6795","aquaHub-660298","9001-52017","Male",1.6,2025-09-20,"2025-09-20 10:09"
"6796","aquaHub-660298","9001-52017","Male",1.6,2025-09-20,"2025-09-20 10:11"
"6797","aquaHub-660298","9001-52017","Male",1.6,2025-09-20,"2025-09-20 10:13"
"6798","aquaHub-660298","9001-52017","Male",1.6,2025-09-20,"2025-09-20 10:15"
"6799","aquaHub-660298","9001-52017","Male",1.6,2025-09-20,"2025-09-20 10:20"
"6800","aquaHub-660141","9001-52029","Male",1.5,2025-09-20,"2025-09-20 10:20"
"6801","aquaHub-660273","9001-26747","Male",1.4,2025-09-20,"2025-09-20 10:21"
"6802","aquaHub-660141","9001-52029","Male",1.5,2025-09-20,"2025-09-20 10:23"
"6803","aquaHub-660273","9001-26747","Male",1.4,2025-09-20,"2025-09-20 10:40"
"6804","aquaHub-660141","9001-52029","Male",1.5,2025-09-20,"2025-09-20 11:04"
"6805","aquaHub-660141","9001-52029","Male",1.5,2025-09-20,"2025-09-20 11:11"
"6806","aquaHub-660141","9001-52029","Male",1.5,2025-09-20,"2025-09-20 11:17"
"6807","aquaHub-660141","9001-52029","Male",1.5,2025-09-20,"2025-09-20 11:19"
"6808","aquaHub-660141","9001-52029","Male",1.5,2025-09-20,"2025-09-20 11:20"
"6809","aquaHub-660141","9001-52029","Male",1.5,2025-09-20,"2025-09-20 11:22"
"6810","aquaHub-660141","9001-52029","Male",1.5,2025-09-20,"2025-09-20 11:25"
"6811","aquaHub-660141","9001-52029","Male",1.5,2025-09-20,"2025-09-20 11:31"
"6812","aquaHub-660141","9001-52029","Male",1.5,2025-09-20,"2025-09-20 11:34"
"6813","aquaHub-660141","9001-52029","Male",1.5,2025-09-20,"2025-09-20 11:38"
"6814","aquaHub-660141","9001-52029","Male",1.5,2025-09-20,"2025-09-20 11:40"
"6815","aquaHub-660141","9001-52029","Male",1.5,2025-09-20,"2025-09-20 11:45"
"6816","aquaHub-660141","9001-52029","Male",1.5,2025-09-20,"2025-09-20 11:47"
"6817","aquaHub-660141","9001-52029","Male",1.5,2025-09-20,"2025-09-20 11:50"
"6818","aquaHub-660141","9001-52029","Male",1.5,2025-09-20,"2025-09-20 11:54"
"6819","aquaHub-660141","9001-52029","Male",1.5,2025-09-20,"2025-09-20 11:55"
"6820","aquaHub-660141","9001-52029","Male",1.5,2025-09-20,"2025-09-20 11:59"
"6821","aquaHub-660141","9001-52029","Male",1.5,2025-09-20,"2025-09-20 12:00"
"6822","aquaHub-660141","9001-52029","Male",1.5,2025-09-20,"2025-09-20 12:05"
"6823","aquaHub-660298","9001-52039","Male",170,2025-09-20,"2025-09-20 12:07"
"6824","aquaHub-660298","9001-52036","Male",161,2025-09-20,"2025-09-20 12:07"
"6825","aquaHub-660298","9001-52036","Male",161,2025-09-20,"2025-09-20 12:08"
"6826","aquaHub-660298","9001-52036","Male",161,2025-09-20,"2025-09-20 12:12"
"6827","aquaHub-660141","9001-52029","Male",1.5,2025-09-20,"2025-09-20 12:12"
"6828","aquaHub-660298","9001-52036","Male",161,2025-09-20,"2025-09-20 12:14"
"6829","aquaHub-660298","9001-52039","Male",170,2025-09-20,"2025-09-20 12:15"
"6830","aquaHub-660141","9001-52029","Male",1.5,2025-09-20,"2025-09-20 12:15"
"6831","aquaHub-660273","9001-26747","Male",1.4,2025-09-20,"2025-09-20 12:19"
"6832","aquaHub-660298","9001-52039","Male",170,2025-09-20,"2025-09-20 12:19"
"6833","aquaHub-660298","9001-52036","Male",161,2025-09-20,"2025-09-20 12:20"
"6834","aquaHub-660298","9001-52036","Male",161,2025-09-20,"2025-09-20 12:21"
"6835","aquaHub-660298","9001-52039","Male",170,2025-09-20,"2025-09-20 12:23"
"6836","aquaHub-660298","9001-52036","Male",161,2025-09-20,"2025-09-20 12:23"
"6837","aquaHub-660298","9001-52039","Male",170,2025-09-20,"2025-09-20 12:25"
"6838","aquaHub-660298","9001-52036","Male",161,2025-09-20,"2025-09-20 12:26"
"6839","aquaHub-660298","9001-52036","Male",161,2025-09-20,"2025-09-20 12:28"
"6840","aquaHub-660141","9001-52029","Male",1.5,2025-09-20,"2025-09-20 12:29"
"6841","aquaHub-660298","9001-52039","Male",170,2025-09-20,"2025-09-20 12:30"
"6842","aquaHub-660141","9001-52029","Male",1.5,2025-09-20,"2025-09-20 12:32"
"6843","aquaHub-660298","9001-52039","Male",170,2025-09-20,"2025-09-20 12:32"
"6844","aquaHub-660273","9001-52022","Male",1.6,2025-09-20,"2025-09-20 12:33"
"6845","aquaHub-660273","9001-26747","Male",1.4,2025-09-20,"2025-09-20 12:33"
"6846","aquaHub-660298","9001-52036","Male",161,2025-09-20,"2025-09-20 12:36"
"6847","aquaHub-660298","9001-52039","Male",170,2025-09-20,"2025-09-20 12:36"
"6848","aquaHub-660273","9001-52022","Male",1.6,2025-09-20,"2025-09-20 12:37"
"6849","aquaHub-660298","9001-52036","Male",161,2025-09-20,"2025-09-20 12:38"
"6850","aquaHub-660298","9001-52036","Male",161,2025-09-20,"2025-09-20 12:40"
"6851","aquaHub-660273","9001-52022","Male",1.6,2025-09-20,"2025-09-20 12:40"
"6852","aquaHub-660298","9001-52036","Male",161,2025-09-20,"2025-09-20 12:42"
"6853","aquaHub-660298","9001-52036","Male",161,2025-09-20,"2025-09-20 12:44"
"6854","aquaHub-660298","9001-52039","Male",170,2025-09-20,"2025-09-20 12:44"
"6855","aquaHub-660143","9006-6288","Female",2,2025-09-20,"2025-09-20 12:45"
"6856","aquaHub-660298","9001-52036","Male",161,2025-09-20,"2025-09-20 12:46"
"6857","aquaHub-660298","9001-52039","Male",170,2025-09-20,"2025-09-20 12:47"
"6858","aquaHub-660141","9001-52029","Male",1.5,2025-09-20,"2025-09-20 12:47"
"6859","aquaHub-660298","9001-52036","Male",161,2025-09-20,"2025-09-20 12:48"
"6860","aquaHub-660141","9001-52029","Male",1.5,2025-09-20,"2025-09-20 12:52"
"6861","aquaHub-660298","9001-52036","Male",161,2025-09-20,"2025-09-20 12:53"
"6862","aquaHub-660141","9001-52029","Male",1.5,2025-09-20,"2025-09-20 12:54"
"6863","aquaHub-660298","9001-52039","Male",170,2025-09-20,"2025-09-20 12:55"
"6864","aquaHub-660298","9001-52036","Male",161,2025-09-20,"2025-09-20 12:55"
"6865","aquaHub-660141","9001-52029","Male",1.5,2025-09-20,"2025-09-20 12:56"
"6866","aquaHub-660298","9001-52036","Male",161,2025-09-20,"2025-09-20 12:57"
"6867","aquaHub-660143","9006-6288","Female",2,2025-09-20,"2025-09-20 12:57"
"6868","aquaHub-660141","9001-52029","Male",1.5,2025-09-20,"2025-09-20 12:57"
"6869","aquaHub-660298","9001-52039","Male",170,2025-09-20,"2025-09-20 12:58"
"6870","aquaHub-660298","9001-52036","Male",161,2025-09-20,"2025-09-20 12:58"
"6871","aquaHub-660141","9001-52029","Male",1.5,2025-09-20,"2025-09-20 12:59"
"6872","aquaHub-660298","9001-52036","Male",161,2025-09-20,"2025-09-20 13:00"
"6873","aquaHub-660298","9001-52039","Male",170,2025-09-20,"2025-09-20 13:00"
"6874","aquaHub-660143","9006-6288","Female",2,2025-09-20,"2025-09-20 13:01"
"6875","aquaHub-660143","9006-6288","Female",2,2025-09-20,"2025-09-20 13:02"
"6876","aquaHub-660298","9001-52036","Male",161,2025-09-20,"2025-09-20 13:03"
"6877","aquaHub-660298","9001-52039","Male",170,2025-09-20,"2025-09-20 13:03"
"6878","aquaHub-660143","9006-6288","Female",2,2025-09-20,"2025-09-20 13:03"
"6879","aquaHub-660298","9001-52036","Male",161,2025-09-20,"2025-09-20 13:05"
"6880","aquaHub-660141","9001-52029","Male",1.5,2025-09-20,"2025-09-20 13:05"
"6881","aquaHub-660143","9006-6288","Female",2,2025-09-20,"2025-09-20 13:05"
"6882","aquaHub-660298","9001-52039","Male",170,2025-09-20,"2025-09-20 13:06"
"6883","aquaHub-660143","9006-6288","Female",2,2025-09-20,"2025-09-20 13:07"
"6884","aquaHub-660141","9001-52029","Male",1.5,2025-09-20,"2025-09-20 13:07"
"6885","aquaHub-660298","9001-52036","Male",161,2025-09-20,"2025-09-20 13:07"
"6886","aquaHub-660143","9006-6288","Female",2,2025-09-20,"2025-09-20 13:08"
"6887","aquaHub-660141","9001-52029","Male",1.5,2025-09-20,"2025-09-20 13:08"
"6888","aquaHub-660298","9001-52039","Male",170,2025-09-20,"2025-09-20 13:09"
"6889","aquaHub-660143","9006-6288","Female",2,2025-09-20,"2025-09-20 13:10"
"6890","aquaHub-660141","9001-52029","Male",1.5,2025-09-20,"2025-09-20 13:10"
"6891","aquaHub-660298","9001-52036","Male",161,2025-09-20,"2025-09-20 13:11"
"6892","aquaHub-660298","9001-52039","Male",170,2025-09-20,"2025-09-20 13:11"
"6893","aquaHub-660141","9001-52029","Male",1.5,2025-09-20,"2025-09-20 13:11"
"6894","aquaHub-660143","9006-6288","Female",2,2025-09-20,"2025-09-20 13:12"
"6895","aquaHub-660298","9001-52036","Male",161,2025-09-20,"2025-09-20 13:12"
"6896","aquaHub-660143","9006-6288","Female",2,2025-09-20,"2025-09-20 13:13"
"6897","aquaHub-660141","9001-52029","Male",1.5,2025-09-20,"2025-09-20 13:14"
"6898","aquaHub-660298","9001-52036","Male",161,2025-09-20,"2025-09-20 13:15"
"6899","aquaHub-660110","9001-52022","Male",1.6,2025-09-20,"2025-09-20 13:15"
"6900","aquaHub-660298","9001-52039","Male",170,2025-09-20,"2025-09-20 13:16"
"6901","aquaHub-660298","9001-52036","Male",161,2025-09-20,"2025-09-20 13:17"
"6902","aquaHub-660110","9001-52022","Male",1.6,2025-09-20,"2025-09-20 13:18"
"6903","aquaHub-660298","9001-52039","Male",170,2025-09-20,"2025-09-20 13:18"
"6904","aquaHub-660298","9001-52036","Male",161,2025-09-20,"2025-09-20 13:18"
"6905","aquaHub-660143","9006-6288","Female",2,2025-09-20,"2025-09-20 13:20"
"6906","aquaHub-660298","9001-52039","Male",170,2025-09-20,"2025-09-20 13:22"
"6907","aquaHub-660298","9001-52036","Male",161,2025-09-20,"2025-09-20 13:22"
"6908","aquaHub-660141","9001-52029","Male",1.5,2025-09-20,"2025-09-20 13:23"
"6909","aquaHub-660143","9006-6288","Female",2,2025-09-20,"2025-09-20 13:25"
"6910","aquaHub-660298","9001-52039","Male",170,2025-09-20,"2025-09-20 13:28"
"6911","aquaHub-660143","9006-6288","Female",2,2025-09-20,"2025-09-20 13:31"
"6912","aquaHub-660141","9001-52029","Male",1.5,2025-09-20,"2025-09-20 13:31"
"6913","aquaHub-660143","9006-6288","Female",2,2025-09-20,"2025-09-20 13:32"
"6914","aquaHub-660141","9001-52029","Male",1.5,2025-09-20,"2025-09-20 13:32"
"6915","aquaHub-660143","9006-6288","Female",2,2025-09-20,"2025-09-20 13:35"
"6916","aquaHub-660141","9001-52029","Male",1.5,2025-09-20,"2025-09-20 13:36"
"6917","aquaHub-660298","9001-52039","Male",170,2025-09-20,"2025-09-20 13:37"
"6918","aquaHub-660298","9001-52036","Male",161,2025-09-20,"2025-09-20 13:37"
"6919","aquaHub-660143","9006-6288","Female",2,2025-09-20,"2025-09-20 13:41"
"6920","aquaHub-660141","9001-52029","Male",1.5,2025-09-20,"2025-09-20 13:41"
"6921","aquaHub-660141","9001-52029","Male",1.5,2025-09-20,"2025-09-20 13:46"
"6922","aquaHub-660298","9001-52039","Male",170,2025-09-20,"2025-09-20 13:48"
"6923","aquaHub-660110","9001-52040","Male",164,2025-09-20,"2025-09-20 13:49"
"6924","aquaHub-660110","9001-52040","Male",164,2025-09-20,"2025-09-20 13:51"
"6925","aquaHub-660298","9001-52039","Male",170,2025-09-20,"2025-09-20 13:51"
"6926","aquaHub-660110","9001-52040","Male",164,2025-09-20,"2025-09-20 13:52"
"6927","aquaHub-660298","9001-52039","Male",170,2025-09-20,"2025-09-20 13:53"
"6928","aquaHub-660110","9001-52040","Male",164,2025-09-20,"2025-09-20 13:54"
"6929","aquaHub-660110","9001-52040","Male",164,2025-09-20,"2025-09-20 13:55"
"6930","aquaHub-661033","9001-16704","Unknown",2.1,2025-09-20,"2025-09-20 13:56"
"6931","aquaHub-660298","9001-52039","Male",170,2025-09-20,"2025-09-20 14:00"
"6932","aquaHub-660298","9001-52039","Male",170,2025-09-20,"2025-09-20 14:01"
"6933","aquaHub-660298","9001-52039","Male",170,2025-09-20,"2025-09-20 14:03"
"6934","aquaHub-660298","9001-52039","Male",170,2025-09-20,"2025-09-20 14:06"
"6935","aquaHub-660273","9001-52038","Male",153,2025-09-20,"2025-09-20 14:07"
"6936","aquaHub-660141","9001-52029","Male",1.5,2025-09-20,"2025-09-20 14:07"
"6937","aquaHub-660298","9001-52039","Male",170,2025-09-20,"2025-09-20 14:09"
"6938","aquaHub-660141","9001-52029","Male",1.5,2025-09-20,"2025-09-20 14:09"
"6939","aquaHub-660273","9001-52038","Male",153,2025-09-20,"2025-09-20 14:09"
"6940","aquaHub-660110","9001-26756","Male",1.6,2025-09-20,"2025-09-20 14:10"
"6941","aquaHub-660273","9001-52038","Male",153,2025-09-20,"2025-09-20 14:11"
"6942","aquaHub-660141","9001-52029","Male",1.5,2025-09-20,"2025-09-20 14:12"
"6943","aquaHub-660298","9001-52039","Male",170,2025-09-20,"2025-09-20 14:12"
"6944","aquaHub-660273","9001-52038","Male",153,2025-09-20,"2025-09-20 14:13"
"6945","aquaHub-660298","9001-52039","Male",170,2025-09-20,"2025-09-20 14:15"
"6946","aquaHub-660298","9001-52039","Male",170,2025-09-20,"2025-09-20 14:17"
"6947","aquaHub-660273","9001-52038","Male",153,2025-09-20,"2025-09-20 14:17"
"6948","aquaHub-660298","9001-52039","Male",170,2025-09-20,"2025-09-20 14:18"
"6949","aquaHub-660110","9001-26747","Male",1.4,2025-09-20,"2025-09-20 14:18"
"6950","aquaHub-660298","9001-52039","Male",170,2025-09-20,"2025-09-20 14:20"
"6951","aquaHub-660298","9001-52039","Male",170,2025-09-20,"2025-09-20 14:21"
"6952","aquaHub-661033","9001-16704","Unknown",2.1,2025-09-20,"2025-09-20 14:21"
"6953","aquaHub-660141","9001-52029","Male",1.5,2025-09-20,"2025-09-20 14:22"
"6954","aquaHub-660298","9001-52039","Male",170,2025-09-20,"2025-09-20 14:23"
"6955","aquaHub-660298","9001-52039","Male",170,2025-09-20,"2025-09-20 14:25"
"6956","aquaHub-660298","9001-52039","Male",170,2025-09-20,"2025-09-20 14:27"
"6957","aquaHub-660141","9001-52029","Male",1.5,2025-09-20,"2025-09-20 14:27"
"6958","aquaHub-661033","9001-16704","Unknown",2.1,2025-09-20,"2025-09-20 14:28"
"6959","aquaHub-660273","9001-26746","Male",1.4,2025-09-20,"2025-09-20 14:30"
"6960","aquaHub-660298","9001-52039","Male",170,2025-09-20,"2025-09-20 14:31"
"6961","aquaHub-660141","9001-52029","Male",1.5,2025-09-20,"2025-09-20 14:31"
"6962","aquaHub-660110","9001-43282","Male",162,2025-09-20,"2025-09-20 14:33"
"6963","aquaHub-660298","9001-52039","Male",170,2025-09-20,"2025-09-20 14:33"
"6964","aquaHub-661033","9001-16704","Unknown",2.1,2025-09-20,"2025-09-20 14:33"
"6965","aquaHub-660110","9001-43282","Male",162,2025-09-20,"2025-09-20 14:35"
"6966","aquaHub-660298","9001-52039","Male",170,2025-09-20,"2025-09-20 14:36"
"6967","aquaHub-660298","9001-52039","Male",170,2025-09-20,"2025-09-20 14:38"
"6968","aquaHub-660110","9001-43282","Male",162,2025-09-20,"2025-09-20 14:38"
"6969","aquaHub-660298","9001-52039","Male",170,2025-09-20,"2025-09-20 14:40"
"6970","aquaHub-660110","9001-43282","Male",162,2025-09-20,"2025-09-20 14:40"
"6971","aquaHub-660273","9001-52040","Male",164,2025-09-20,"2025-09-20 14:43"
"6972","aquaHub-660273","9001-26756","Male",1.6,2025-09-20,"2025-09-20 14:48"
"6973","aquaHub-660298","9001-52039","Male",170,2025-09-20,"2025-09-20 14:54"
"6974","aquaHub-660298","9001-52039","Male",170,2025-09-20,"2025-09-20 14:56"
"6975","aquaHub-660273","9001-26756","Male",1.6,2025-09-20,"2025-09-20 14:56"
"6976","aquaHub-660298","9001-52039","Male",170,2025-09-20,"2025-09-20 14:57"
"6977","aquaHub-660298","9001-52039","Male",170,2025-09-20,"2025-09-20 15:00"
"6978","aquaHub-660298","9001-52039","Male",170,2025-09-20,"2025-09-20 15:01"
"6979","aquaHub-660273","9001-52038","Male",153,2025-09-20,"2025-09-20 15:03"
"6980","aquaHub-660273","9001-52038","Male",153,2025-09-20,"2025-09-20 15:06"
"6981","aquaHub-660298","9001-52039","Male",170,2025-09-20,"2025-09-20 15:08"
"6982","aquaHub-660273","9001-52038","Male",153,2025-09-20,"2025-09-20 15:08"
"6983","aquaHub-660273","9001-52038","Male",153,2025-09-20,"2025-09-20 15:11"
"6984","aquaHub-660298","9001-52039","Male",170,2025-09-20,"2025-09-20 15:11"
"6985","aquaHub-660298","9001-52039","Male",170,2025-09-20,"2025-09-20 15:12"
"6986","aquaHub-660110","9001-52030","Male",1.5,2025-09-20,"2025-09-20 15:14"
"6987","aquaHub-660110","9001-52030","Male",1.5,2025-09-20,"2025-09-20 15:16"
"6988","aquaHub-660273","9001-52040","Male",164,2025-09-20,"2025-09-20 15:17"
"6989","aquaHub-660110","9001-52030","Male",1.5,2025-09-20,"2025-09-20 15:18"
"6990","aquaHub-660273","9001-43282","Male",162,2025-09-20,"2025-09-20 15:19"
"6991","aquaHub-660110","9001-52030","Male",1.5,2025-09-20,"2025-09-20 15:21"
"6992","aquaHub-660273","9001-43282","Male",162,2025-09-20,"2025-09-20 15:22"
"6993","aquaHub-660110","9001-52030","Male",1.5,2025-09-20,"2025-09-20 15:24"
"6994","aquaHub-660273","9001-43282","Male",162,2025-09-20,"2025-09-20 15:25"
"6995","aquaHub-660110","9001-52030","Male",1.5,2025-09-20,"2025-09-20 15:26"
"6996","aquaHub-660141","9001-43287","Female",201,2025-09-20,"2025-09-20 15:27"
"6997","aquaHub-660273","9001-43282","Male",162,2025-09-20,"2025-09-20 15:27"
"6998","aquaHub-660273","9001-52043","Male",1.5,2025-09-20,"2025-09-20 15:28"
"6999","aquaHub-660273","9001-52040","Male",164,2025-09-20,"2025-09-20 15:29"
"7000","aquaHub-660110","9001-52030","Male",1.5,2025-09-20,"2025-09-20 15:29"
"7001","aquaHub-660273","9001-43282","Male",162,2025-09-20,"2025-09-20 15:29"
"7002","aquaHub-660273","9001-52043","Male",1.5,2025-09-20,"2025-09-20 15:30"
"7003","aquaHub-660141","9001-43287","Female",201,2025-09-20,"2025-09-20 15:31"
"7004","aquaHub-660273","9001-52040","Male",164,2025-09-20,"2025-09-20 15:31"
"7005","aquaHub-660273","9001-43282","Male",162,2025-09-20,"2025-09-20 15:32"
"7006","aquaHub-660110","9001-52030","Male",1.5,2025-09-20,"2025-09-20 15:32"
"7007","aquaHub-660141","9001-43287","Female",201,2025-09-20,"2025-09-20 15:33"
"7008","aquaHub-660273","9001-52040","Male",164,2025-09-20,"2025-09-20 15:34"
"7009","aquaHub-660141","9001-43287","Female",201,2025-09-20,"2025-09-20 15:35"
"7010","aquaHub-660110","9001-52030","Male",1.5,2025-09-20,"2025-09-20 15:35"
"7011","aquaHub-660141","9001-43287","Female",201,2025-09-20,"2025-09-20 15:36"
"7012","aquaHub-660273","9001-52040","Male",164,2025-09-20,"2025-09-20 15:36"
"7013","aquaHub-660110","9001-52030","Male",1.5,2025-09-20,"2025-09-20 15:37"
"7014","aquaHub-660273","9001-52040","Male",164,2025-09-20,"2025-09-20 15:38"
"7015","aquaHub-660273","9001-52040","Male",164,2025-09-20,"2025-09-20 15:40"
"7016","aquaHub-660110","9001-52030","Male",1.5,2025-09-20,"2025-09-20 15:40"
"7017","aquaHub-660298","9001-52036","Male",161,2025-09-20,"2025-09-20 15:41"
"7018","aquaHub-660110","9001-52030","Male",1.5,2025-09-20,"2025-09-20 15:42"
"7019","aquaHub-660273","9001-52040","Male",164,2025-09-20,"2025-09-20 15:42"
"7020","aquaHub-660141","9001-43287","Female",201,2025-09-20,"2025-09-20 15:43"
"7021","aquaHub-660298","9001-52036","Male",161,2025-09-20,"2025-09-20 15:44"
"7022","aquaHub-660110","9001-52030","Male",1.5,2025-09-20,"2025-09-20 15:44"
"7023","aquaHub-660298","9001-52036","Male",161,2025-09-20,"2025-09-20 15:46"
"7024","aquaHub-660273","9001-52040","Male",164,2025-09-20,"2025-09-20 15:47"
"7025","aquaHub-660110","9001-52030","Male",1.5,2025-09-20,"2025-09-20 15:47"
"7026","aquaHub-660273","9001-52040","Male",164,2025-09-20,"2025-09-20 15:48"
"7027","aquaHub-660298","9001-52036","Male",161,2025-09-20,"2025-09-20 15:49"
"7028","aquaHub-660273","9001-52040","Male",164,2025-09-20,"2025-09-20 15:50"
"7029","aquaHub-660110","9001-52030","Male",1.5,2025-09-20,"2025-09-20 15:50"
"7030","aquaHub-660298","9001-52039","Male",170,2025-09-20,"2025-09-20 15:50"
"7031","aquaHub-660273","9001-52040","Male",164,2025-09-20,"2025-09-20 15:51"
"7032","aquaHub-660298","9001-52036","Male",161,2025-09-20,"2025-09-20 15:51"
"7033","aquaHub-660110","9001-52030","Male",1.5,2025-09-20,"2025-09-20 15:52"
"7034","aquaHub-660273","9001-52040","Male",164,2025-09-20,"2025-09-20 15:53"
"7035","aquaHub-660298","9001-52039","Male",170,2025-09-20,"2025-09-20 15:53"
"7036","aquaHub-660298","9001-52036","Male",161,2025-09-20,"2025-09-20 15:53"
"7037","aquaHub-660273","9001-52040","Male",164,2025-09-20,"2025-09-20 15:54"
"7038","aquaHub-660298","9001-52039","Male",170,2025-09-20,"2025-09-20 15:54"
"7039","aquaHub-660110","9001-52030","Male",1.5,2025-09-20,"2025-09-20 15:55"
"7040","aquaHub-660273","9001-52040","Male",164,2025-09-20,"2025-09-20 15:56"
"7041","aquaHub-660298","9001-52036","Male",161,2025-09-20,"2025-09-20 15:56"
"7042","aquaHub-660298","9001-52039","Male",170,2025-09-20,"2025-09-20 15:56"
"7043","aquaHub-660273","9001-52040","Male",164,2025-09-20,"2025-09-20 15:57"
"7044","aquaHub-660110","9001-52030","Male",1.5,2025-09-20,"2025-09-20 15:57"
"7045","aquaHub-660273","9001-52040","Male",164,2025-09-20,"2025-09-20 15:59"
"7046","aquaHub-660110","9001-52030","Male",1.5,2025-09-20,"2025-09-20 16:00"
"7047","aquaHub-660298","9001-52039","Male",170,2025-09-20,"2025-09-20 16:00"
"7048","aquaHub-660298","9001-52036","Male",161,2025-09-20,"2025-09-20 16:01"
"7049","aquaHub-660298","9001-52039","Male",170,2025-09-20,"2025-09-20 16:02"
"7050","aquaHub-660110","9001-52030","Male",1.5,2025-09-20,"2025-09-20 16:04"
"7051","aquaHub-660298","9001-52039","Male",170,2025-09-20,"2025-09-20 16:06"
"7052","aquaHub-660110","9001-52030","Male",1.5,2025-09-20,"2025-09-20 16:06"
"7053","aquaHub-660298","9001-52039","Male",170,2025-09-20,"2025-09-20 16:08"
"7054","aquaHub-660110","9001-52030","Male",1.5,2025-09-20,"2025-09-20 16:09"
"7055","aquaHub-660298","9001-52039","Male",170,2025-09-20,"2025-09-20 16:10"
"7056","aquaHub-660298","9001-52017","Male",1.6,2025-09-20,"2025-09-20 16:10"
"7057","aquaHub-660110","9001-52030","Male",1.5,2025-09-20,"2025-09-20 16:11"
"7058","aquaHub-660298","9001-52039","Male",170,2025-09-20,"2025-09-20 16:11"
"7059","aquaHub-660298","9001-52017","Male",1.6,2025-09-20,"2025-09-20 16:13"
"7060","aquaHub-660110","9001-52030","Male",1.5,2025-09-20,"2025-09-20 16:13"
"7061","aquaHub-660298","9001-52017","Male",1.6,2025-09-20,"2025-09-20 16:15"
"7062","aquaHub-660298","9001-52039","Male",170,2025-09-20,"2025-09-20 16:15"
"7063","aquaHub-660110","9001-52030","Male",1.5,2025-09-20,"2025-09-20 16:16"
"7064","aquaHub-660110","9001-52030","Male",1.5,2025-09-20,"2025-09-20 16:19"
"7065","aquaHub-660298","9001-52017","Male",1.6,2025-09-20,"2025-09-20 16:19"
"7066","aquaHub-660298","9001-52036","Male",161,2025-09-20,"2025-09-20 16:19"
"7067","aquaHub-660298","9001-52039","Male",170,2025-09-20,"2025-09-20 16:20"
"7068","aquaHub-660298","9001-52017","Male",1.6,2025-09-20,"2025-09-20 16:21"
"7069","aquaHub-660110","9001-52030","Male",1.5,2025-09-20,"2025-09-20 16:21"
"7070","aquaHub-660298","9001-52039","Male",170,2025-09-20,"2025-09-20 16:22"
"7071","aquaHub-660110","9001-52030","Male",1.5,2025-09-20,"2025-09-20 16:23"
"7072","aquaHub-660141","9001-52029","Male",1.5,2025-09-20,"2025-09-20 16:24"
"7073","aquaHub-660110","9001-52030","Male",1.5,2025-09-20,"2025-09-20 16:25"
"7074","aquaHub-660298","9001-52039","Male",170,2025-09-20,"2025-09-20 16:25"
"7075","aquaHub-660298","9001-52017","Male",1.6,2025-09-20,"2025-09-20 16:26"
"7076","aquaHub-660110","9001-52030","Male",1.5,2025-09-20,"2025-09-20 16:27"
"7077","aquaHub-660298","9001-52017","Male",1.6,2025-09-20,"2025-09-20 16:28"
"7078","aquaHub-660110","9001-52030","Male",1.5,2025-09-20,"2025-09-20 16:30"
"7079","aquaHub-660298","9001-52017","Male",1.6,2025-09-20,"2025-09-20 16:31"
"7080","aquaHub-660110","9001-52030","Male",1.5,2025-09-20,"2025-09-20 16:36"
"7081","aquaHub-660298","9001-52039","Male",170,2025-09-20,"2025-09-20 16:37"
"7082","aquaHub-660298","9001-52017","Male",1.6,2025-09-20,"2025-09-20 16:37"
"7083","aquaHub-660110","9001-52030","Male",1.5,2025-09-20,"2025-09-20 16:37"
"7084","aquaHub-660110","9001-52030","Male",1.5,2025-09-20,"2025-09-20 16:39"
"7085","aquaHub-660298","9001-52039","Male",170,2025-09-20,"2025-09-20 16:39"
"7086","aquaHub-660110","9001-52030","Male",1.5,2025-09-20,"2025-09-20 16:41"
"7087","aquaHub-660298","9001-52039","Male",170,2025-09-20,"2025-09-20 16:41"
"7088","aquaHub-660110","9001-52030","Male",1.5,2025-09-20,"2025-09-20 16:43"
"7089","aquaHub-660298","9001-52039","Male",170,2025-09-20,"2025-09-20 16:43"
"7090","aquaHub-660273","9001-52040","Male",164,2025-09-20,"2025-09-20 16:44"
"7091","aquaHub-660110","9001-52030","Male",1.5,2025-09-20,"2025-09-20 16:44"
"7092","aquaHub-660298","9001-52039","Male",170,2025-09-20,"2025-09-20 16:45"
"7093","aquaHub-660110","9001-52030","Male",1.5,2025-09-20,"2025-09-20 16:46"
"7094","aquaHub-660273","9001-52040","Male",164,2025-09-20,"2025-09-20 16:46"
"7095","aquaHub-660298","9001-52039","Male",170,2025-09-20,"2025-09-20 16:47"
"7096","aquaHub-660110","9001-52030","Male",1.5,2025-09-20,"2025-09-20 16:49"
"7097","aquaHub-660273","9001-52040","Male",164,2025-09-20,"2025-09-20 16:49"
"7098","aquaHub-660141","9001-52029","Male",1.5,2025-09-20,"2025-09-20 16:49"
"7099","aquaHub-660110","9001-52030","Male",1.5,2025-09-20,"2025-09-20 16:51"
"7100","aquaHub-660298","9001-52039","Male",170,2025-09-20,"2025-09-20 16:51"
"7101","aquaHub-660141","9001-52029","Male",1.5,2025-09-20,"2025-09-20 16:52"
"7102","aquaHub-660110","9001-52030","Male",1.5,2025-09-20,"2025-09-20 16:52"
"7103","aquaHub-660273","9001-52040","Male",164,2025-09-20,"2025-09-20 16:53"
"7104","aquaHub-660298","9001-52039","Male",170,2025-09-20,"2025-09-20 16:53"
"7105","aquaHub-660110","9001-52030","Male",1.5,2025-09-20,"2025-09-20 16:54"
"7106","aquaHub-660298","9001-52039","Male",170,2025-09-20,"2025-09-20 16:55"
"7107","aquaHub-660110","9001-52030","Male",1.5,2025-09-20,"2025-09-20 16:56"
"7108","aquaHub-660298","9001-52039","Male",170,2025-09-20,"2025-09-20 16:58"
"7109","aquaHub-660110","9001-52030","Male",1.5,2025-09-20,"2025-09-20 16:58"
"7110","aquaHub-660273","9001-52040","Male",164,2025-09-20,"2025-09-20 16:58"
"7111","aquaHub-660298","9001-52036","Male",161,2025-09-20,"2025-09-20 16:59"
"7112","aquaHub-660110","9001-52030","Male",1.5,2025-09-20,"2025-09-20 17:00"
"7113","aquaHub-660298","9001-52039","Male",170,2025-09-20,"2025-09-20 17:00"
"7114","aquaHub-660298","9001-43149","Male",165,2025-09-20,"2025-09-20 17:01"
"7115","aquaHub-660298","9001-52036","Male",161,2025-09-20,"2025-09-20 17:01"
"7116","aquaHub-660298","9001-43149","Male",165,2025-09-20,"2025-09-20 17:02"
"7117","aquaHub-660298","9001-52039","Male",170,2025-09-20,"2025-09-20 17:03"
"7118","aquaHub-660110","9001-52043","Male",1.5,2025-09-20,"2025-09-20 17:04"
"7119","aquaHub-660110","9001-52030","Male",1.5,2025-09-20,"2025-09-20 17:04"
"7120","aquaHub-660298","9001-52039","Male",170,2025-09-20,"2025-09-20 17:05"
"7121","aquaHub-660110","9001-52030","Male",1.5,2025-09-20,"2025-09-20 17:07"
"7122","aquaHub-660110","9001-52043","Male",1.5,2025-09-20,"2025-09-20 17:07"
"7123","aquaHub-660298","9001-52039","Male",170,2025-09-20,"2025-09-20 17:07"
"7124","aquaHub-660110","9001-52043","Male",1.5,2025-09-20,"2025-09-20 17:09"
"7125","aquaHub-660298","9001-43149","Male",165,2025-09-20,"2025-09-20 17:10"
"7126","aquaHub-660110","9001-52043","Male",1.5,2025-09-20,"2025-09-20 17:11"
"7127","aquaHub-660298","9001-52036","Male",161,2025-09-20,"2025-09-20 17:12"
"7128","aquaHub-660141","9001-52029","Male",1.5,2025-09-20,"2025-09-20 17:12"
"7129","aquaHub-660110","9001-52030","Male",1.5,2025-09-20,"2025-09-20 17:13"
"7130","aquaHub-660110","9001-52043","Male",1.5,2025-09-20,"2025-09-20 17:13"
"7131","aquaHub-660273","9001-52040","Male",164,2025-09-20,"2025-09-20 17:13"
"7132","aquaHub-660298","9001-52036","Male",161,2025-09-20,"2025-09-20 17:14"
"7133","aquaHub-660141","9001-52029","Male",1.5,2025-09-20,"2025-09-20 17:14"
"7134","aquaHub-660110","9001-52043","Male",1.5,2025-09-20,"2025-09-20 17:15"
"7135","aquaHub-660273","9001-52040","Male",164,2025-09-20,"2025-09-20 17:15"
"7136","aquaHub-660110","9001-52043","Male",1.5,2025-09-20,"2025-09-20 17:17"
"7137","aquaHub-660273","9001-52040","Male",164,2025-09-20,"2025-09-20 17:18"
"7138","aquaHub-660298","9001-52036","Male",161,2025-09-20,"2025-09-20 17:18"
"7139","aquaHub-660141","9001-52029","Male",1.5,2025-09-20,"2025-09-20 17:18"
"7140","aquaHub-660298","9001-52039","Male",170,2025-09-20,"2025-09-20 17:19"
"7141","aquaHub-660110","9001-52043","Male",1.5,2025-09-20,"2025-09-20 17:19"
"7142","aquaHub-660273","9001-52040","Male",164,2025-09-20,"2025-09-20 17:20"
"7143","aquaHub-660298","9001-52036","Male",161,2025-09-20,"2025-09-20 17:20"
"7144","aquaHub-660110","9001-52043","Male",1.5,2025-09-20,"2025-09-20 17:21"
"7145","aquaHub-660273","9001-52040","Male",164,2025-09-20,"2025-09-20 17:23"
"7146","aquaHub-660298","9001-43149","Male",165,2025-09-20,"2025-09-20 17:23"
"7147","aquaHub-660110","9001-52043","Male",1.5,2025-09-20,"2025-09-20 17:23"
"7148","aquaHub-660141","9001-52029","Male",1.5,2025-09-20,"2025-09-20 17:24"
"7149","aquaHub-660110","9001-52043","Male",1.5,2025-09-20,"2025-09-20 17:25"
"7150","aquaHub-660298","9001-43149","Male",165,2025-09-20,"2025-09-20 17:25"
"7151","aquaHub-660110","9001-52043","Male",1.5,2025-09-20,"2025-09-20 17:27"
"7152","aquaHub-660298","9001-52036","Male",161,2025-09-20,"2025-09-20 17:27"
"7153","aquaHub-660298","9001-52039","Male",170,2025-09-20,"2025-09-20 17:28"
"7154","aquaHub-660141","9001-52029","Male",1.5,2025-09-20,"2025-09-20 17:29"
"7155","aquaHub-660298","9001-43149","Male",165,2025-09-20,"2025-09-20 17:30"
"7156","aquaHub-660110","9001-52043","Male",1.5,2025-09-20,"2025-09-20 17:30"
"7157","aquaHub-660273","9001-52040","Male",164,2025-09-20,"2025-09-20 17:31"
"7158","aquaHub-660298","9001-52039","Male",170,2025-09-20,"2025-09-20 17:31"
"7159","aquaHub-660141","9001-52029","Male",1.5,2025-09-20,"2025-09-20 17:31"
"7160","aquaHub-660298","9001-43149","Male",165,2025-09-20,"2025-09-20 17:32"
"7161","aquaHub-660110","9001-52043","Male",1.5,2025-09-20,"2025-09-20 17:32"
"7162","aquaHub-660298","9001-52039","Male",170,2025-09-20,"2025-09-20 17:32"
"7163","aquaHub-660141","9001-52029","Male",1.5,2025-09-20,"2025-09-20 17:33"
"7164","aquaHub-660273","9001-52040","Male",164,2025-09-20,"2025-09-20 17:33"
"7165","aquaHub-660110","9001-52043","Male",1.5,2025-09-20,"2025-09-20 17:34"
"7166","aquaHub-660273","9001-52040","Male",164,2025-09-20,"2025-09-20 17:36"
"7167","aquaHub-660298","9001-52039","Male",170,2025-09-20,"2025-09-20 17:37"
"7168","aquaHub-660298","9001-43149","Male",165,2025-09-20,"2025-09-20 17:37"
"7169","aquaHub-660273","9001-52040","Male",164,2025-09-20,"2025-09-20 17:38"
"7170","aquaHub-660298","9001-52039","Male",170,2025-09-20,"2025-09-20 17:39"
"7171","aquaHub-660273","9001-52040","Male",164,2025-09-20,"2025-09-20 17:39"
"7172","aquaHub-660298","9001-43149","Male",165,2025-09-20,"2025-09-20 17:40"
"7173","aquaHub-660141","9001-52029","Male",1.5,2025-09-20,"2025-09-20 17:40"
"7174","aquaHub-660298","9001-52036","Male",161,2025-09-20,"2025-09-20 17:41"
"7175","aquaHub-660298","9001-52039","Male",170,2025-09-20,"2025-09-20 17:41"
"7176","aquaHub-660298","9001-52036","Male",161,2025-09-20,"2025-09-20 17:43"
"7177","aquaHub-660298","9001-52039","Male",170,2025-09-20,"2025-09-20 17:43"
"7178","aquaHub-660298","9001-43149","Male",165,2025-09-20,"2025-09-20 17:44"
"7179","aquaHub-660298","9001-52039","Male",170,2025-09-20,"2025-09-20 17:45"
"7180","aquaHub-660298","9001-43149","Male",165,2025-09-20,"2025-09-20 17:47"
"7181","aquaHub-660298","9001-52039","Male",170,2025-09-20,"2025-09-20 17:47"
"7182","aquaHub-660298","9001-52036","Male",161,2025-09-20,"2025-09-20 17:47"
"7183","aquaHub-660298","9001-43149","Male",165,2025-09-20,"2025-09-20 17:51"
"7184","aquaHub-660298","9001-52039","Male",170,2025-09-20,"2025-09-20 17:52"
"7185","aquaHub-660298","9001-43149","Male",165,2025-09-20,"2025-09-20 17:53"
"7186","aquaHub-660141","9001-52029","Male",1.5,2025-09-20,"2025-09-20 17:53"
"7187","aquaHub-660298","9001-43149","Male",165,2025-09-20,"2025-09-20 17:54"
"7188","aquaHub-660141","9001-52029","Male",1.5,2025-09-20,"2025-09-20 17:55"
"7189","aquaHub-660141","9001-52029","Male",1.5,2025-09-20,"2025-09-20 17:57"
"7190","aquaHub-660298","9001-52039","Male",170,2025-09-20,"2025-09-20 17:57"
"7191","aquaHub-660298","9001-52036","Male",161,2025-09-20,"2025-09-20 17:59"
"7192","aquaHub-660141","9001-52029","Male",1.5,2025-09-20,"2025-09-20 18:00"
"7193","aquaHub-660298","9001-52039","Male",170,2025-09-20,"2025-09-20 18:00"
"7194","aquaHub-660141","9001-52029","Male",1.5,2025-09-20,"2025-09-20 18:05"
"7195","aquaHub-660298","9001-52039","Male",170,2025-09-20,"2025-09-20 18:05"
"7196","aquaHub-660141","9001-52029","Male",1.5,2025-09-20,"2025-09-20 18:07"
"7197","aquaHub-660298","9001-52039","Male",170,2025-09-20,"2025-09-20 18:08"
"7198","aquaHub-660298","9001-43149","Male",165,2025-09-20,"2025-09-20 18:09"
"7199","aquaHub-660141","9001-52029","Male",1.5,2025-09-20,"2025-09-20 18:09"
"7200","aquaHub-660298","9001-43149","Male",165,2025-09-20,"2025-09-20 18:10"
"7201","aquaHub-660141","9001-52029","Male",1.5,2025-09-20,"2025-09-20 18:14"
"7202","aquaHub-660298","9001-43149","Male",165,2025-09-20,"2025-09-20 18:14"
"7203","aquaHub-660298","9001-43149","Male",165,2025-09-20,"2025-09-20 18:16"
"7204","aquaHub-660298","9001-52039","Male",170,2025-09-20,"2025-09-20 18:17"
"7205","aquaHub-660298","9001-43149","Male",165,2025-09-20,"2025-09-20 18:18"
"7206","aquaHub-660141","9001-52029","Male",1.5,2025-09-20,"2025-09-20 18:19"
"7207","aquaHub-660298","9001-43149","Male",165,2025-09-20,"2025-09-20 18:20"
"7208","aquaHub-660141","9001-52029","Male",1.5,2025-09-20,"2025-09-20 18:21"
"7209","aquaHub-660298","9001-43149","Male",165,2025-09-20,"2025-09-20 18:23"
"7210","aquaHub-660141","9001-52029","Male",1.5,2025-09-20,"2025-09-20 18:24"
"7211","aquaHub-660298","9001-52039","Male",170,2025-09-20,"2025-09-20 18:25"
"7212","aquaHub-660298","9001-43149","Male",165,2025-09-20,"2025-09-20 18:25"
"7213","aquaHub-660298","9001-52039","Male",170,2025-09-20,"2025-09-20 18:27"
"7214","aquaHub-660298","9001-52039","Male",170,2025-09-20,"2025-09-20 18:28"
"7215","aquaHub-660298","9001-43149","Male",165,2025-09-20,"2025-09-20 18:29"
"7216","aquaHub-660298","9001-52039","Male",170,2025-09-20,"2025-09-20 18:30"
"7217","aquaHub-660298","9001-52039","Male",170,2025-09-20,"2025-09-20 18:35"
"7218","aquaHub-660298","9001-52039","Male",170,2025-09-20,"2025-09-20 18:39"
"7219","aquaHub-660298","9001-43149","Male",165,2025-09-20,"2025-09-20 18:40"
"7220","aquaHub-660141","9001-52029","Male",1.5,2025-09-20,"2025-09-20 18:40"
"7221","aquaHub-660298","9001-52017","Male",1.6,2025-09-20,"2025-09-20 18:41"
"7222","aquaHub-660298","9001-43149","Male",165,2025-09-20,"2025-09-20 18:42"
"7223","aquaHub-660298","9001-52039","Male",170,2025-09-20,"2025-09-20 18:43"
"7224","aquaHub-660298","9001-52017","Male",1.6,2025-09-20,"2025-09-20 18:43"
"7225","aquaHub-660298","9001-52039","Male",170,2025-09-20,"2025-09-20 18:45"
"7226","aquaHub-660298","9001-52017","Male",1.6,2025-09-20,"2025-09-20 18:46"
"7227","aquaHub-660141","9001-52029","Male",1.5,2025-09-20,"2025-09-20 18:46"
"7228","aquaHub-660298","9001-52039","Male",170,2025-09-20,"2025-09-20 18:47"
"7229","aquaHub-660298","9001-43149","Male",165,2025-09-20,"2025-09-20 18:50"
"7230","aquaHub-660141","9001-52029","Male",1.5,2025-09-20,"2025-09-20 18:51"
"7231","aquaHub-660110","9001-52040","Male",164,2025-09-20,"2025-09-20 18:52"
"7232","aquaHub-660298","9001-52017","Male",1.6,2025-09-20,"2025-09-20 18:52"
"7233","aquaHub-660273","9001-52042","Male",150,2025-09-20,"2025-09-20 18:53"
"7234","aquaHub-660298","9001-52039","Male",170,2025-09-20,"2025-09-20 18:53"
"7235","aquaHub-660298","9001-52017","Male",1.6,2025-09-20,"2025-09-20 18:54"
"7236","aquaHub-660110","9001-52040","Male",164,2025-09-20,"2025-09-20 18:54"
"7237","aquaHub-660298","9001-43149","Male",165,2025-09-20,"2025-09-20 18:54"
"7238","aquaHub-660273","9001-52042","Male",150,2025-09-20,"2025-09-20 18:55"
"7239","aquaHub-660298","9001-52039","Male",170,2025-09-20,"2025-09-20 18:55"
"7240","aquaHub-660298","9001-52017","Male",1.6,2025-09-20,"2025-09-20 18:55"
"7241","aquaHub-660110","9001-52040","Male",164,2025-09-20,"2025-09-20 18:56"
"7242","aquaHub-660273","9001-52042","Male",150,2025-09-20,"2025-09-20 18:57"
"7243","aquaHub-660298","9001-52017","Male",1.6,2025-09-20,"2025-09-20 18:57"
"7244","aquaHub-660298","9001-52039","Male",170,2025-09-20,"2025-09-20 18:58"
"7245","aquaHub-660298","9001-52039","Male",170,2025-09-20,"2025-09-20 19:00"
"7246","aquaHub-660298","9001-52017","Male",1.6,2025-09-20,"2025-09-20 19:01"
"7247","aquaHub-660110","9001-52040","Male",164,2025-09-20,"2025-09-20 19:01"
"7248","aquaHub-660298","9001-52039","Male",170,2025-09-20,"2025-09-20 19:01"
"7249","aquaHub-660273","9001-52042","Male",150,2025-09-20,"2025-09-20 19:02"
"7250","aquaHub-660298","9001-43149","Male",165,2025-09-20,"2025-09-20 19:02"
"7251","aquaHub-660298","9001-52039","Male",170,2025-09-20,"2025-09-20 19:03"
"7252","aquaHub-660298","9001-43149","Male",165,2025-09-20,"2025-09-20 19:04"
"7253","aquaHub-660273","9001-52042","Male",150,2025-09-20,"2025-09-20 19:04"
"7254","aquaHub-660273","9001-43289","Male",171,2025-09-20,"2025-09-20 19:05"
"7255","aquaHub-660298","9001-52039","Male",170,2025-09-20,"2025-09-20 19:06"
"7256","aquaHub-660273","9001-52042","Male",150,2025-09-20,"2025-09-20 19:06"
"7257","aquaHub-660273","9001-43289","Male",171,2025-09-20,"2025-09-20 19:08"
"7258","aquaHub-660298","9001-52039","Male",170,2025-09-20,"2025-09-20 19:08"
"7259","aquaHub-660298","9001-52017","Male",1.6,2025-09-20,"2025-09-20 19:09"
"7260","aquaHub-660298","9001-52039","Male",170,2025-09-20,"2025-09-20 19:09"
"7261","aquaHub-660273","9001-43289","Male",171,2025-09-20,"2025-09-20 19:10"
"7262","aquaHub-660298","9001-52017","Male",1.6,2025-09-20,"2025-09-20 19:10"
"7263","aquaHub-660273","9001-52042","Male",150,2025-09-20,"2025-09-20 19:11"
"7264","aquaHub-660298","9001-52039","Male",170,2025-09-20,"2025-09-20 19:11"
"7265","aquaHub-660298","9001-52017","Male",1.6,2025-09-20,"2025-09-20 19:12"
"7266","aquaHub-660273","9001-52042","Male",150,2025-09-20,"2025-09-20 19:13"
"7267","aquaHub-660273","9001-52042","Male",150,2025-09-20,"2025-09-20 19:15"
"7268","aquaHub-660273","9001-52043","Male",1.5,2025-09-20,"2025-09-20 19:15"
"7269","aquaHub-660298","9001-52039","Male",170,2025-09-20,"2025-09-20 19:17"
"7270","aquaHub-660273","9001-52042","Male",150,2025-09-20,"2025-09-20 19:17"
"7271","aquaHub-660298","9001-52017","Male",1.6,2025-09-20,"2025-09-20 19:18"
"7272","aquaHub-660273","9001-52043","Male",1.5,2025-09-20,"2025-09-20 19:18"
"7273","aquaHub-660298","9001-52039","Male",170,2025-09-20,"2025-09-20 19:18"
"7274","aquaHub-660273","9001-52042","Male",150,2025-09-20,"2025-09-20 19:19"
"7275","aquaHub-660141","9001-52029","Male",1.5,2025-09-20,"2025-09-20 19:19"
"7276","aquaHub-660298","9001-52017","Male",1.6,2025-09-20,"2025-09-20 19:20"
"7277","aquaHub-660273","9001-52043","Male",1.5,2025-09-20,"2025-09-20 19:20"
"7278","aquaHub-660273","9001-52042","Male",150,2025-09-20,"2025-09-20 19:21"
"7279","aquaHub-660298","9001-52039","Male",170,2025-09-20,"2025-09-20 19:24"
"7280","aquaHub-660298","9001-52039","Male",170,2025-09-20,"2025-09-20 19:28"
"7281","aquaHub-660273","9001-52043","Male",1.5,2025-09-20,"2025-09-20 19:29"
"7282","aquaHub-660298","9001-43283","Male",168,2025-09-20,"2025-09-20 19:29"
"7283","aquaHub-660298","9001-43283","Male",168,2025-09-20,"2025-09-20 19:31"
"7284","aquaHub-660298","9001-52039","Male",170,2025-09-20,"2025-09-20 19:31"
"7285","aquaHub-660298","9001-52036","Male",161,2025-09-20,"2025-09-20 19:31"
"7286","aquaHub-660298","9001-52017","Male",1.6,2025-09-20,"2025-09-20 19:32"
"7287","aquaHub-660298","9001-52039","Male",170,2025-09-20,"2025-09-20 19:33"
"7288","aquaHub-660298","9001-43283","Male",168,2025-09-20,"2025-09-20 19:33"
"7289","aquaHub-660273","9001-52043","Male",1.5,2025-09-20,"2025-09-20 19:33"
"7290","aquaHub-660298","9001-52017","Male",1.6,2025-09-20,"2025-09-20 19:34"
"7291","aquaHub-660298","9001-52036","Male",161,2025-09-20,"2025-09-20 19:34"
"7292","aquaHub-660298","9001-43283","Male",168,2025-09-20,"2025-09-20 19:35"
"7293","aquaHub-660298","9001-52039","Male",170,2025-09-20,"2025-09-20 19:38"
"7294","aquaHub-660298","9001-43283","Male",168,2025-09-20,"2025-09-20 19:39"
"7295","aquaHub-660298","9001-52039","Male",170,2025-09-20,"2025-09-20 19:41"
"7296","aquaHub-660298","9001-43283","Male",168,2025-09-20,"2025-09-20 19:42"
"7297","aquaHub-660298","9001-52036","Male",161,2025-09-20,"2025-09-20 19:42"
"7298","aquaHub-660141","9001-52029","Male",1.5,2025-09-20,"2025-09-20 19:42"
"7299","aquaHub-660298","9001-43283","Male",168,2025-09-20,"2025-09-20 19:44"
"7300","aquaHub-660298","9001-52039","Male",170,2025-09-20,"2025-09-20 19:45"
"7301","aquaHub-660298","9001-43283","Male",168,2025-09-20,"2025-09-20 19:46"
"7302","aquaHub-660298","9001-52036","Male",161,2025-09-20,"2025-09-20 19:48"
"7303","aquaHub-660298","9001-52017","Male",1.6,2025-09-20,"2025-09-20 19:52"
"7304","aquaHub-660298","9001-52039","Male",170,2025-09-20,"2025-09-20 19:53"
"7305","aquaHub-660298","9001-43283","Male",168,2025-09-20,"2025-09-20 19:53"
"7306","aquaHub-660298","9001-52036","Male",161,2025-09-20,"2025-09-20 19:53"
"7307","aquaHub-660298","9001-43283","Male",168,2025-09-20,"2025-09-20 19:54"
"7308","aquaHub-660298","9001-52036","Male",161,2025-09-20,"2025-09-20 19:55"
"7309","aquaHub-660298","9001-52036","Male",161,2025-09-20,"2025-09-20 19:57"
"7310","aquaHub-660298","9001-52017","Male",1.6,2025-09-20,"2025-09-20 19:58"
"7311","aquaHub-660298","9001-43283","Male",168,2025-09-20,"2025-09-20 19:59"
"7312","aquaHub-660298","9001-52039","Male",170,2025-09-20,"2025-09-20 19:59"
"7313","aquaHub-660298","9001-52036","Male",161,2025-09-20,"2025-09-20 19:59"
"7314","aquaHub-660298","9001-52017","Male",1.6,2025-09-20,"2025-09-20 20:00"
"7315","aquaHub-660298","9001-52036","Male",161,2025-09-20,"2025-09-20 20:01"
"7316","aquaHub-660298","9001-43283","Male",168,2025-09-20,"2025-09-20 20:02"
"7317","aquaHub-660298","9001-52017","Male",1.6,2025-09-20,"2025-09-20 20:02"
"7318","aquaHub-660298","9001-52036","Male",161,2025-09-20,"2025-09-20 20:03"
"7319","aquaHub-660298","9001-43283","Male",168,2025-09-20,"2025-09-20 20:04"
"7320","aquaHub-660298","9001-52017","Male",1.6,2025-09-20,"2025-09-20 20:05"
"7321","aquaHub-660298","9001-52039","Male",170,2025-09-20,"2025-09-20 20:05"
"7322","aquaHub-660298","9001-52036","Male",161,2025-09-20,"2025-09-20 20:05"
"7323","aquaHub-660298","9001-43283","Male",168,2025-09-20,"2025-09-20 20:07"
"7324","aquaHub-660298","9001-52036","Male",161,2025-09-20,"2025-09-20 20:07"
"7325","aquaHub-660298","9001-52036","Male",161,2025-09-20,"2025-09-20 20:09"
"7326","aquaHub-660298","9001-52039","Male",170,2025-09-20,"2025-09-20 20:10"
"7327","aquaHub-660298","9001-52017","Male",1.6,2025-09-20,"2025-09-20 20:11"
"7328","aquaHub-660298","9001-52036","Male",161,2025-09-20,"2025-09-20 20:12"
"7329","aquaHub-660298","9001-52017","Male",1.6,2025-09-20,"2025-09-20 20:12"
"7330","aquaHub-660298","9001-52036","Male",161,2025-09-20,"2025-09-20 20:13"
"7331","aquaHub-660298","9001-52017","Male",1.6,2025-09-20,"2025-09-20 20:14"
"7332","aquaHub-660298","9001-43283","Male",168,2025-09-20,"2025-09-20 20:15"
"7333","aquaHub-660298","9001-52039","Male",170,2025-09-20,"2025-09-20 20:15"
"7334","aquaHub-660298","9001-52017","Male",1.6,2025-09-20,"2025-09-20 20:15"
"7335","aquaHub-660298","9001-52036","Male",161,2025-09-20,"2025-09-20 20:15"
"7336","aquaHub-660298","9001-52039","Male",170,2025-09-20,"2025-09-20 20:16"
"7337","aquaHub-660298","9001-52017","Male",1.6,2025-09-20,"2025-09-20 20:17"
"7338","aquaHub-660298","9001-43283","Male",168,2025-09-20,"2025-09-20 20:17"
"7339","aquaHub-660298","9001-52039","Male",170,2025-09-20,"2025-09-20 20:18"
"7340","aquaHub-660298","9001-52017","Male",1.6,2025-09-20,"2025-09-20 20:20"
"7341","aquaHub-660298","9001-52036","Male",161,2025-09-20,"2025-09-20 20:21"
"7342","aquaHub-660298","9001-52017","Male",1.6,2025-09-20,"2025-09-20 20:22"
"7343","aquaHub-660298","9001-52017","Male",1.6,2025-09-20,"2025-09-20 20:24"
"7344","aquaHub-660298","9001-43283","Male",168,2025-09-20,"2025-09-20 20:26"
"7345","aquaHub-660298","9001-52017","Male",1.6,2025-09-20,"2025-09-20 20:26"
"7346","aquaHub-660298","9001-43283","Male",168,2025-09-20,"2025-09-20 20:28"
"7347","aquaHub-660298","9001-43283","Male",168,2025-09-20,"2025-09-20 20:30"
"7348","aquaHub-660298","9001-52036","Male",161,2025-09-20,"2025-09-20 20:30"
"7349","aquaHub-660298","9001-52017","Male",1.6,2025-09-20,"2025-09-20 20:31"
"7350","aquaHub-660298","9001-52017","Male",1.6,2025-09-20,"2025-09-20 20:32"
"7351","aquaHub-660298","9001-43283","Male",168,2025-09-20,"2025-09-20 20:32"
"7352","aquaHub-660298","9001-52036","Male",161,2025-09-20,"2025-09-20 20:34"
"7353","aquaHub-660298","9001-52017","Male",1.6,2025-09-20,"2025-09-20 20:34"
"7354","aquaHub-660298","9001-43283","Male",168,2025-09-20,"2025-09-20 20:34"
"7355","aquaHub-660298","9001-52036","Male",161,2025-09-20,"2025-09-20 20:35"
"7356","aquaHub-660298","9001-52036","Male",161,2025-09-20,"2025-09-20 20:37"
"7357","aquaHub-660298","9001-52036","Male",161,2025-09-20,"2025-09-20 20:40"
"7358","aquaHub-660298","9001-52017","Male",1.6,2025-09-20,"2025-09-20 20:40"
"7359","aquaHub-660298","9001-43283","Male",168,2025-09-20,"2025-09-20 20:41"
"7360","aquaHub-660298","9001-52036","Male",161,2025-09-20,"2025-09-20 20:42"
"7361","aquaHub-660298","9001-52017","Male",1.6,2025-09-20,"2025-09-20 20:42"
"7362","aquaHub-660298","9001-43283","Male",168,2025-09-20,"2025-09-20 20:43"
"7363","aquaHub-660298","9001-52036","Male",161,2025-09-20,"2025-09-20 20:44"
"7364","aquaHub-660298","9001-52017","Male",1.6,2025-09-20,"2025-09-20 20:44"
"7365","aquaHub-660141","9001-52029","Male",1.5,2025-09-20,"2025-09-20 20:45"
"7366","aquaHub-660298","9001-52017","Male",1.6,2025-09-20,"2025-09-20 20:47"
"7367","aquaHub-660298","9001-52036","Male",161,2025-09-20,"2025-09-20 20:48"
"7368","aquaHub-660298","9001-52017","Male",1.6,2025-09-20,"2025-09-20 20:49"
"7369","aquaHub-660298","9001-52036","Male",161,2025-09-20,"2025-09-20 20:50"
"7370","aquaHub-660298","9001-43283","Male",168,2025-09-20,"2025-09-20 20:52"
"7371","aquaHub-660298","9001-52036","Male",161,2025-09-20,"2025-09-20 20:52"
"7372","aquaHub-660298","9001-52017","Male",1.6,2025-09-20,"2025-09-20 20:54"
"7373","aquaHub-660298","9001-52036","Male",161,2025-09-20,"2025-09-20 20:55"
"7374","aquaHub-660141","9001-52029","Male",1.5,2025-09-20,"2025-09-20 20:55"
"7375","aquaHub-660298","9001-43283","Male",168,2025-09-20,"2025-09-20 20:56"
"7376","aquaHub-660298","9001-52036","Male",161,2025-09-20,"2025-09-20 20:57"
"7377","aquaHub-660298","9001-52017","Male",1.6,2025-09-20,"2025-09-20 20:58"
"7378","aquaHub-660298","9001-52017","Male",1.6,2025-09-20,"2025-09-20 21:00"
"7379","aquaHub-660298","9001-52036","Male",161,2025-09-20,"2025-09-20 21:00"
"7380","aquaHub-660141","9001-52029","Male",1.5,2025-09-20,"2025-09-20 21:01"
"7381","aquaHub-660298","9001-52017","Male",1.6,2025-09-20,"2025-09-20 21:01"
"7382","aquaHub-660298","9001-43283","Male",168,2025-09-20,"2025-09-20 21:01"
"7383","aquaHub-660298","9001-52017","Male",1.6,2025-09-20,"2025-09-20 21:03"
"7384","aquaHub-660141","9001-52029","Male",1.5,2025-09-20,"2025-09-20 21:03"
"7385","aquaHub-660298","9001-52017","Male",1.6,2025-09-20,"2025-09-20 21:05"
"7386","aquaHub-660298","9001-43283","Male",168,2025-09-20,"2025-09-20 21:05"
"7387","aquaHub-660298","9001-52036","Male",161,2025-09-20,"2025-09-20 21:05"
"7388","aquaHub-660141","9001-52029","Male",1.5,2025-09-20,"2025-09-20 21:06"
"7389","aquaHub-660298","9001-52017","Male",1.6,2025-09-20,"2025-09-20 21:07"
"7390","aquaHub-660141","9001-52029","Male",1.5,2025-09-20,"2025-09-20 21:07"
"7391","aquaHub-660298","9001-52017","Male",1.6,2025-09-20,"2025-09-20 21:09"
"7392","aquaHub-660298","9001-43283","Male",168,2025-09-20,"2025-09-20 21:09"
"7393","aquaHub-660141","9001-52029","Male",1.5,2025-09-20,"2025-09-20 21:09"
"7394","aquaHub-660298","9001-52017","Male",1.6,2025-09-20,"2025-09-20 21:11"
"7395","aquaHub-660298","9001-43283","Male",168,2025-09-20,"2025-09-20 21:11"
"7396","aquaHub-660298","9001-52017","Male",1.6,2025-09-20,"2025-09-20 21:12"
"7397","aquaHub-660298","9001-43283","Male",168,2025-09-20,"2025-09-20 21:14"
"7398","aquaHub-660298","9001-52036","Male",161,2025-09-20,"2025-09-20 21:14"
"7399","aquaHub-660298","9001-52017","Male",1.6,2025-09-20,"2025-09-20 21:14"
"7400","aquaHub-660298","9001-52036","Male",161,2025-09-20,"2025-09-20 21:16"
"7401","aquaHub-660298","9001-43283","Male",168,2025-09-20,"2025-09-20 21:16"
"7402","aquaHub-660141","9001-52029","Male",1.5,2025-09-20,"2025-09-20 21:18"
"7403","aquaHub-660298","9001-52017","Male",1.6,2025-09-20,"2025-09-20 21:18"
"7404","aquaHub-660110","9001-52040","Male",164,2025-09-20,"2025-09-20 21:18"
"7405","aquaHub-660110","9001-52040","Male",164,2025-09-20,"2025-09-20 21:20"
"7406","aquaHub-660298","9001-52017","Male",1.6,2025-09-20,"2025-09-20 21:20"
"7407","aquaHub-660298","9001-43283","Male",168,2025-09-20,"2025-09-20 21:22"
"7408","aquaHub-660298","9001-52036","Male",161,2025-09-20,"2025-09-20 21:23"
"7409","aquaHub-660298","9001-52017","Male",1.6,2025-09-20,"2025-09-20 21:23"
"7410","aquaHub-660298","9001-52017","Male",1.6,2025-09-20,"2025-09-20 21:25"
"7411","aquaHub-660141","9001-52029","Male",1.5,2025-09-20,"2025-09-20 21:25"
"7412","aquaHub-660298","9001-43283","Male",168,2025-09-20,"2025-09-20 21:25"
"7413","aquaHub-660110","9001-52040","Male",164,2025-09-20,"2025-09-20 21:26"
"7414","aquaHub-660298","9001-52017","Male",1.6,2025-09-20,"2025-09-20 21:26"
"7415","aquaHub-660298","9001-43283","Male",168,2025-09-20,"2025-09-20 21:27"
"7416","aquaHub-660141","9001-52029","Male",1.5,2025-09-20,"2025-09-20 21:27"
"7417","aquaHub-660110","9001-52040","Male",164,2025-09-20,"2025-09-20 21:28"
"7418","aquaHub-660298","9001-52017","Male",1.6,2025-09-20,"2025-09-20 21:28"
"7419","aquaHub-660298","9001-43283","Male",168,2025-09-20,"2025-09-20 21:29"
"7420","aquaHub-660110","9001-52040","Male",164,2025-09-20,"2025-09-20 21:29"
"7421","aquaHub-660141","9001-52029","Male",1.5,2025-09-20,"2025-09-20 21:30"
"7422","aquaHub-660298","9001-43283","Male",168,2025-09-20,"2025-09-20 21:30"
"7423","aquaHub-660110","9001-52040","Male",164,2025-09-20,"2025-09-20 21:31"
"7424","aquaHub-660298","9001-43283","Male",168,2025-09-20,"2025-09-20 21:32"
"7425","aquaHub-660110","9001-52040","Male",164,2025-09-20,"2025-09-20 21:33"
"7426","aquaHub-660298","9001-43283","Male",168,2025-09-20,"2025-09-20 21:34"
"7427","aquaHub-660110","9001-52040","Male",164,2025-09-20,"2025-09-20 21:35"
"7428","aquaHub-660298","9001-52017","Male",1.6,2025-09-20,"2025-09-20 21:36"
"7429","aquaHub-660298","9001-43283","Male",168,2025-09-20,"2025-09-20 21:37"
"7430","aquaHub-660110","9001-52040","Male",164,2025-09-20,"2025-09-20 21:37"
"7431","aquaHub-660298","9001-52017","Male",1.6,2025-09-20,"2025-09-20 21:37"
"7432","aquaHub-660141","9001-52029","Male",1.5,2025-09-20,"2025-09-20 21:38"
"7433","aquaHub-660298","9001-43283","Male",168,2025-09-20,"2025-09-20 21:39"
"7434","aquaHub-660298","9001-52017","Male",1.6,2025-09-20,"2025-09-20 21:41"
"7435","aquaHub-660298","9001-52039","Male",170,2025-09-20,"2025-09-20 21:41"
"7436","aquaHub-660298","9001-43283","Male",168,2025-09-20,"2025-09-20 21:42"
"7437","aquaHub-660298","9001-52017","Male",1.6,2025-09-20,"2025-09-20 21:43"
"7438","aquaHub-660298","9001-43283","Male",168,2025-09-20,"2025-09-20 21:44"
"7439","aquaHub-660141","9001-52029","Male",1.5,2025-09-20,"2025-09-20 21:44"
"7440","aquaHub-660298","9001-43283","Male",168,2025-09-20,"2025-09-20 21:46"
"7441","aquaHub-660298","9001-52017","Male",1.6,2025-09-20,"2025-09-20 21:47"
"7442","aquaHub-660298","9001-43283","Male",168,2025-09-20,"2025-09-20 21:48"
"7443","aquaHub-660298","9001-52017","Male",1.6,2025-09-20,"2025-09-20 21:50"
"7444","aquaHub-660298","9001-43283","Male",168,2025-09-20,"2025-09-20 21:50"
"7445","aquaHub-660141","9001-52029","Male",1.5,2025-09-20,"2025-09-20 21:52"
"7446","aquaHub-660298","9001-52039","Male",170,2025-09-20,"2025-09-20 21:55"
"7447","aquaHub-660141","9001-52029","Male",1.5,2025-09-20,"2025-09-20 21:55"
"7448","aquaHub-660298","9001-52039","Male",170,2025-09-20,"2025-09-20 21:57"
"7449","aquaHub-660141","9001-52029","Male",1.5,2025-09-20,"2025-09-20 21:57"
"7450","aquaHub-660298","9001-52017","Male",1.6,2025-09-20,"2025-09-20 21:57"
"7451","aquaHub-660298","9001-52039","Male",170,2025-09-20,"2025-09-20 21:59"
"7452","aquaHub-660298","9001-52039","Male",170,2025-09-20,"2025-09-20 22:01"
"7453","aquaHub-660141","9001-52029","Male",1.5,2025-09-20,"2025-09-20 22:02"
"7454","aquaHub-660298","9001-52039","Male",170,2025-09-20,"2025-09-20 22:03"
"7455","aquaHub-660298","9001-43283","Male",168,2025-09-20,"2025-09-20 22:04"
"7456","aquaHub-660141","9001-52029","Male",1.5,2025-09-20,"2025-09-20 22:04"
"7457","aquaHub-660141","9001-52029","Male",1.5,2025-09-20,"2025-09-20 22:06"
"7458","aquaHub-660141","9001-52029","Male",1.5,2025-09-20,"2025-09-20 22:08"
"7459","aquaHub-660298","9001-52039","Male",170,2025-09-20,"2025-09-20 22:08"
"7460","aquaHub-660298","9001-43283","Male",168,2025-09-20,"2025-09-20 22:09"
"7461","aquaHub-660141","9001-52029","Male",1.5,2025-09-20,"2025-09-20 22:09"
"7462","aquaHub-660298","9001-52017","Male",1.6,2025-09-20,"2025-09-20 22:10"
"7463","aquaHub-660298","9001-52039","Male",170,2025-09-20,"2025-09-20 22:10"
"7464","aquaHub-660141","9001-52029","Male",1.5,2025-09-20,"2025-09-20 22:11"
"7465","aquaHub-660298","9001-43283","Male",168,2025-09-20,"2025-09-20 22:11"
"7466","aquaHub-660298","9001-52017","Male",1.6,2025-09-20,"2025-09-20 22:12"
"7467","aquaHub-660298","9001-52039","Male",170,2025-09-20,"2025-09-20 22:12"
"7468","aquaHub-660141","9001-52029","Male",1.5,2025-09-20,"2025-09-20 22:13"
"7469","aquaHub-660298","9001-43283","Male",168,2025-09-20,"2025-09-20 22:13"
"7470","aquaHub-660298","9001-52039","Male",170,2025-09-20,"2025-09-20 22:15"
"7471","aquaHub-660298","9001-43283","Male",168,2025-09-20,"2025-09-20 22:17"
"7472","aquaHub-660141","9001-52029","Male",1.5,2025-09-20,"2025-09-20 22:17"
"7473","aquaHub-660298","9001-43283","Male",168,2025-09-20,"2025-09-20 22:18"
"7474","aquaHub-660141","9001-52029","Male",1.5,2025-09-20,"2025-09-20 22:19"
"7475","aquaHub-660298","9001-43283","Male",168,2025-09-20,"2025-09-20 22:21"
"7476","aquaHub-660141","9001-52029","Male",1.5,2025-09-20,"2025-09-20 22:23"
"7477","aquaHub-660298","9001-43283","Male",168,2025-09-20,"2025-09-20 22:23"
"7478","aquaHub-660141","9001-52029","Male",1.5,2025-09-20,"2025-09-20 22:24"
"7479","aquaHub-660141","9001-52029","Male",1.5,2025-09-20,"2025-09-20 22:26"
"7480","aquaHub-660141","9001-52029","Male",1.5,2025-09-20,"2025-09-20 22:30"
"7481","aquaHub-660298","9001-52017","Male",1.6,2025-09-20,"2025-09-20 22:31"
"7482","aquaHub-660141","9001-52029","Male",1.5,2025-09-20,"2025-09-20 22:32"
"7483","aquaHub-660273","9001-52040","Male",164,2025-09-20,"2025-09-20 22:32"
"7484","aquaHub-660141","9001-52029","Male",1.5,2025-09-20,"2025-09-20 22:34"
"7485","aquaHub-660273","9001-52040","Male",164,2025-09-20,"2025-09-20 22:35"
"7486","aquaHub-660298","9001-52017","Male",1.6,2025-09-20,"2025-09-20 22:38"
"7487","aquaHub-660141","9001-52029","Male",1.5,2025-09-20,"2025-09-20 22:39"
"7488","aquaHub-660298","9001-52017","Male",1.6,2025-09-20,"2025-09-20 22:40"
"7489","aquaHub-660298","9001-52017","Male",1.6,2025-09-20,"2025-09-20 22:44"
"7490","aquaHub-660298","9001-52017","Male",1.6,2025-09-20,"2025-09-20 22:45"
"7491","aquaHub-660298","9001-52017","Male",1.6,2025-09-20,"2025-09-20 22:46"
"7492","aquaHub-660141","9001-52029","Male",1.5,2025-09-20,"2025-09-20 22:47"
"7493","aquaHub-660298","9001-52017","Male",1.6,2025-09-20,"2025-09-20 22:48"
"7494","aquaHub-660141","9001-52029","Male",1.5,2025-09-20,"2025-09-20 22:48"
"7495","aquaHub-660141","9001-52029","Male",1.5,2025-09-20,"2025-09-20 22:50"
"7496","aquaHub-660298","9001-52017","Male",1.6,2025-09-20,"2025-09-20 22:50"
"7497","aquaHub-660298","9001-52017","Male",1.6,2025-09-20,"2025-09-20 22:52"
"7498","aquaHub-660141","9001-52029","Male",1.5,2025-09-20,"2025-09-20 22:54"
"7499","aquaHub-660298","9001-52017","Male",1.6,2025-09-20,"2025-09-20 22:54"
"7500","aquaHub-660141","9001-52029","Male",1.5,2025-09-20,"2025-09-20 22:57"
"7501","aquaHub-660298","9001-52017","Male",1.6,2025-09-20,"2025-09-20 22:57"
"7502","aquaHub-660141","9001-52029","Male",1.5,2025-09-20,"2025-09-20 22:58"
"7503","aquaHub-660298","9001-52017","Male",1.6,2025-09-20,"2025-09-20 23:00"
"7504","aquaHub-660141","9001-52029","Male",1.5,2025-09-20,"2025-09-20 23:00"
"7505","aquaHub-660141","9001-52029","Male",1.5,2025-09-20,"2025-09-20 23:03"
"7506","aquaHub-660298","9001-52017","Male",1.6,2025-09-20,"2025-09-20 23:04"
"7507","aquaHub-660298","9001-52017","Male",1.6,2025-09-20,"2025-09-20 23:06"
"7508","aquaHub-660298","9001-52017","Male",1.6,2025-09-20,"2025-09-20 23:08"
"7509","aquaHub-660298","9001-52017","Male",1.6,2025-09-20,"2025-09-20 23:10"
"7510","aquaHub-660141","9001-52029","Male",1.5,2025-09-20,"2025-09-20 23:11"
"7511","aquaHub-660298","9001-52017","Male",1.6,2025-09-20,"2025-09-20 23:12"
"7512","aquaHub-660298","9001-52017","Male",1.6,2025-09-20,"2025-09-20 23:13"
"7513","aquaHub-660141","9001-52029","Male",1.5,2025-09-20,"2025-09-20 23:15"
"7514","aquaHub-660298","9001-52017","Male",1.6,2025-09-20,"2025-09-20 23:17"
"7515","aquaHub-660298","9001-52017","Male",1.6,2025-09-20,"2025-09-20 23:19"
"7516","aquaHub-660141","9001-52029","Male",1.5,2025-09-20,"2025-09-20 23:20"
"7517","aquaHub-660298","9001-52017","Male",1.6,2025-09-20,"2025-09-20 23:25"
"7518","aquaHub-660141","9001-52029","Male",1.5,2025-09-20,"2025-09-20 23:27"
"7519","aquaHub-660298","9001-43149","Male",165,2025-09-20,"2025-09-20 23:27"
"7520","aquaHub-660298","9001-52017","Male",1.6,2025-09-20,"2025-09-20 23:28"
"7521","aquaHub-660141","9001-52029","Male",1.5,2025-09-20,"2025-09-20 23:29"
"7522","aquaHub-660298","9001-52017","Male",1.6,2025-09-20,"2025-09-20 23:30"
"7523","aquaHub-660141","9006-6288","Female",2,2025-09-20,"2025-09-20 23:30"
"7524","aquaHub-660141","9001-52029","Male",1.5,2025-09-20,"2025-09-20 23:32"
"7525","aquaHub-660298","9001-52017","Male",1.6,2025-09-20,"2025-09-20 23:32"
"7526","aquaHub-660298","9001-43149","Male",165,2025-09-20,"2025-09-20 23:34"
"7527","aquaHub-660298","9001-52017","Male",1.6,2025-09-20,"2025-09-20 23:34"
"7528","aquaHub-660141","9006-6288","Female",2,2025-09-20,"2025-09-20 23:34"
"7529","aquaHub-660141","9001-52029","Male",1.5,2025-09-20,"2025-09-20 23:37"
"7530","aquaHub-660298","9001-52017","Male",1.6,2025-09-20,"2025-09-20 23:38"
"7531","aquaHub-660298","9001-52017","Male",1.6,2025-09-20,"2025-09-20 23:40"
"7532","aquaHub-660298","9001-43149","Male",165,2025-09-20,"2025-09-20 23:40"
"7533","aquaHub-660298","9001-52017","Male",1.6,2025-09-20,"2025-09-20 23:42"
"7534","aquaHub-660298","9001-43149","Male",165,2025-09-20,"2025-09-20 23:42"
"7535","aquaHub-660141","9006-6288","Female",2,2025-09-20,"2025-09-20 23:43"
"7536","aquaHub-660298","9001-52017","Male",1.6,2025-09-20,"2025-09-20 23:43"
"7537","aquaHub-660298","9001-43149","Male",165,2025-09-20,"2025-09-20 23:44"
"7538","aquaHub-660141","9006-6288","Female",2,2025-09-20,"2025-09-20 23:45"
"7539","aquaHub-660141","9001-52029","Male",1.5,2025-09-20,"2025-09-20 23:46"
"7540","aquaHub-660298","9001-43149","Male",165,2025-09-20,"2025-09-20 23:46"
"7541","aquaHub-660298","9001-52017","Male",1.6,2025-09-20,"2025-09-20 23:47"
"7542","aquaHub-660141","9001-52029","Male",1.5,2025-09-20,"2025-09-20 23:48"
"7543","aquaHub-660141","9006-6288","Female",2,2025-09-20,"2025-09-20 23:48"
"7544","aquaHub-660298","9001-43149","Male",165,2025-09-20,"2025-09-20 23:49"
"7545","aquaHub-660298","9001-52017","Male",1.6,2025-09-20,"2025-09-20 23:50"
"7546","aquaHub-660298","9001-43149","Male",165,2025-09-20,"2025-09-20 23:51"
"7547","aquaHub-660110","9001-43284","Male",166,2025-09-20,"2025-09-20 23:51"
"7548","aquaHub-660298","9001-52017","Male",1.6,2025-09-20,"2025-09-20 23:52"
"7549","aquaHub-660141","9006-6288","Female",2,2025-09-20,"2025-09-20 23:53"
"7550","aquaHub-660298","9001-43149","Male",165,2025-09-20,"2025-09-20 23:53"
"7551","aquaHub-660110","9001-43284","Male",166,2025-09-20,"2025-09-20 23:53"
"7552","aquaHub-660141","9006-6288","Female",2,2025-09-20,"2025-09-20 23:54"
"7553","aquaHub-660298","9001-52017","Male",1.6,2025-09-20,"2025-09-20 23:54"
"7554","aquaHub-660110","9001-43284","Male",166,2025-09-20,"2025-09-20 23:56"
"7555","aquaHub-660141","9006-6288","Female",2,2025-09-20,"2025-09-20 23:57"
"7556","aquaHub-660298","9001-52017","Male",1.6,2025-09-20,"2025-09-20 23:57"
"7557","aquaHub-660110","9001-43284","Male",166,2025-09-20,"2025-09-20 23:58"
"7558","aquaHub-660298","9001-43149","Male",165,2025-09-20,"2025-09-20 23:58"
"7559","aquaHub-660141","9006-6288","Female",2,2025-09-20,"2025-09-20 23:58"
"7560","aquaHub-660298","9001-52017","Male",1.6,2025-09-20,"2025-09-20 23:59"
"7561","aquaHub-660110","9001-43284","Male",166,2025-09-20,"2025-09-20 23:59"
"7562","aquaHub-660141","9001-52029","Male",1.5,2025-09-21,"2025-09-21 0:01"
"7563","aquaHub-660298","9001-52017","Male",1.6,2025-09-21,"2025-09-21 0:02"
"7564","aquaHub-660141","9006-6288","Female",2,2025-09-21,"2025-09-21 0:04"
"7565","aquaHub-660298","9001-52017","Male",1.6,2025-09-21,"2025-09-21 0:04"
"7566","aquaHub-660141","9001-52029","Male",1.5,2025-09-21,"2025-09-21 0:11"
"7567","aquaHub-660141","9006-6288","Female",2,2025-09-21,"2025-09-21 0:12"
"7568","aquaHub-660141","9001-52029","Male",1.5,2025-09-21,"2025-09-21 0:13"
"7569","aquaHub-660141","9001-52029","Male",1.5,2025-09-21,"2025-09-21 0:14"
"7570","aquaHub-660141","9001-52029","Male",1.5,2025-09-21,"2025-09-21 0:18"
"7571","aquaHub-660141","9001-52029","Male",1.5,2025-09-21,"2025-09-21 0:19"
"7572","aquaHub-660298","9001-43149","Male",165,2025-09-21,"2025-09-21 0:26"
"7573","aquaHub-660298","9001-43149","Male",165,2025-09-21,"2025-09-21 0:28"
"7574","aquaHub-660273","9001-43284","Male",166,2025-09-21,"2025-09-21 0:36"
"7575","aquaHub-660298","9001-64500","Male",1.6,2025-09-21,"2025-09-21 0:44"
"7576","aquaHub-660298","9001-64500","Male",1.6,2025-09-21,"2025-09-21 0:46"
"7577","aquaHub-660273","9001-43284","Male",166,2025-09-21,"2025-09-21 0:46"
"7578","aquaHub-660273","9001-43284","Male",166,2025-09-21,"2025-09-21 0:48"
"7579","aquaHub-660298","9001-64500","Male",1.6,2025-09-21,"2025-09-21 0:48"
"7580","aquaHub-660273","9001-43284","Male",166,2025-09-21,"2025-09-21 0:50"
"7581","aquaHub-660298","9001-64500","Male",1.6,2025-09-21,"2025-09-21 0:51"
"7582","aquaHub-660273","9001-43284","Male",166,2025-09-21,"2025-09-21 0:51"
"7583","aquaHub-660298","9001-64500","Male",1.6,2025-09-21,"2025-09-21 0:53"
"7584","aquaHub-660298","9001-64500","Male",1.6,2025-09-21,"2025-09-21 0:55"
"7585","aquaHub-660298","9001-64500","Male",1.6,2025-09-21,"2025-09-21 0:57"
"7586","aquaHub-660298","9001-64500","Male",1.6,2025-09-21,"2025-09-21 1:02"
"7587","aquaHub-660298","9001-64500","Male",1.6,2025-09-21,"2025-09-21 1:04"
"7588","aquaHub-660298","9001-64500","Male",1.6,2025-09-21,"2025-09-21 1:06"
"7589","aquaHub-660298","9001-43149","Male",165,2025-09-21,"2025-09-21 1:27"
"7590","aquaHub-660143","9001-43287","Female",201,2025-09-21,"2025-09-21 2:07"
"7591","aquaHub-660298","9001-43149","Male",165,2025-09-21,"2025-09-21 2:07"
"7592","aquaHub-660143","9001-43287","Female",201,2025-09-21,"2025-09-21 2:13"
"7593","aquaHub-660298","9001-43149","Male",165,2025-09-21,"2025-09-21 2:14"
"7594","aquaHub-660143","9001-43287","Female",201,2025-09-21,"2025-09-21 2:15"
"7595","aquaHub-660143","9001-43287","Female",201,2025-09-21,"2025-09-21 2:16"
"7596","aquaHub-660298","9001-43149","Male",165,2025-09-21,"2025-09-21 2:17"
"7597","aquaHub-660143","9001-43287","Female",201,2025-09-21,"2025-09-21 2:19"
"7598","aquaHub-660143","9001-43287","Female",201,2025-09-21,"2025-09-21 2:21"
"7599","aquaHub-660298","9001-43149","Male",165,2025-09-21,"2025-09-21 2:21"
"7600","aquaHub-660143","9001-43287","Female",201,2025-09-21,"2025-09-21 2:23"
"7601","aquaHub-660143","9001-43287","Female",201,2025-09-21,"2025-09-21 2:25"
"7602","aquaHub-660110","9001-28297","Male",1.6,2025-09-21,"2025-09-21 2:28"
"7603","aquaHub-660143","9001-43287","Female",201,2025-09-21,"2025-09-21 2:29"
"7604","aquaHub-660110","9001-28297","Male",1.6,2025-09-21,"2025-09-21 2:30"
"7605","aquaHub-660143","9001-43287","Female",201,2025-09-21,"2025-09-21 2:31"
"7606","aquaHub-660110","9001-28297","Male",1.6,2025-09-21,"2025-09-21 2:33"
"7607","aquaHub-660143","9001-43287","Female",201,2025-09-21,"2025-09-21 2:35"
"7608","aquaHub-660110","9001-28297","Male",1.6,2025-09-21,"2025-09-21 2:35"
"7609","aquaHub-660143","9001-43287","Female",201,2025-09-21,"2025-09-21 2:36"
"7610","aquaHub-660143","9001-43287","Female",201,2025-09-21,"2025-09-21 2:39"
"7611","aquaHub-660273","9001-52031","Male",1.6,2025-09-21,"2025-09-21 2:39"
"7612","aquaHub-660141","9006-6288","Female",2,2025-09-21,"2025-09-21 2:39"
"7613","aquaHub-660273","9001-52031","Male",1.6,2025-09-21,"2025-09-21 2:41"
"7614","aquaHub-660143","9001-43287","Female",201,2025-09-21,"2025-09-21 2:42"
"7615","aquaHub-660273","9001-52031","Male",1.6,2025-09-21,"2025-09-21 2:42"
"7616","aquaHub-660273","9001-52031","Male",1.6,2025-09-21,"2025-09-21 2:44"
"7617","aquaHub-660298","9001-43283","Male",168,2025-09-21,"2025-09-21 2:49"
"7618","aquaHub-660143","9001-43287","Female",201,2025-09-21,"2025-09-21 2:50"
"7619","aquaHub-660273","9001-52031","Male",1.6,2025-09-21,"2025-09-21 2:51"
"7620","aquaHub-660141","9006-6288","Female",2,2025-09-21,"2025-09-21 2:58"
"7621","aquaHub-660141","9006-6288","Female",2,2025-09-21,"2025-09-21 2:59"
"7622","aquaHub-660141","9006-6288","Female",2,2025-09-21,"2025-09-21 3:02"
"7623","aquaHub-660273","9001-52031","Male",1.6,2025-09-21,"2025-09-21 3:03"
"7624","aquaHub-660273","9001-52031","Male",1.6,2025-09-21,"2025-09-21 3:05"
"7625","aquaHub-660273","9001-52031","Male",1.6,2025-09-21,"2025-09-21 3:07"
"7626","aquaHub-660273","9001-52031","Male",1.6,2025-09-21,"2025-09-21 3:08"
"7627","aquaHub-660141","9006-6288","Female",2,2025-09-21,"2025-09-21 3:11"
"7628","aquaHub-660273","9001-52031","Male",1.6,2025-09-21,"2025-09-21 3:16"
"7629","aquaHub-660273","9001-52031","Male",1.6,2025-09-21,"2025-09-21 3:21"
"7630","aquaHub-660298","9001-43149","Male",165,2025-09-21,"2025-09-21 3:22"
"7631","aquaHub-660273","9001-52031","Male",1.6,2025-09-21,"2025-09-21 3:23"
"7632","aquaHub-660273","9001-52031","Male",1.6,2025-09-21,"2025-09-21 3:25"
"7633","aquaHub-660141","9006-6288","Female",2,2025-09-21,"2025-09-21 3:26"
"7634","aquaHub-660298","9001-43283","Male",168,2025-09-21,"2025-09-21 3:26"
"7635","aquaHub-660110","9001-52039","Male",170,2025-09-21,"2025-09-21 3:27"
"7636","aquaHub-660273","9001-52031","Male",1.6,2025-09-21,"2025-09-21 3:27"
"7637","aquaHub-660141","9006-6288","Female",2,2025-09-21,"2025-09-21 3:28"
"7638","aquaHub-660298","9001-43149","Male",165,2025-09-21,"2025-09-21 3:28"
"7639","aquaHub-660298","9001-43283","Male",168,2025-09-21,"2025-09-21 3:28"
"7640","aquaHub-660298","9001-52036","Male",161,2025-09-21,"2025-09-21 3:29"
"7641","aquaHub-660141","9006-6288","Female",2,2025-09-21,"2025-09-21 3:30"
"7642","aquaHub-660298","9001-43283","Male",168,2025-09-21,"2025-09-21 3:30"
"7643","aquaHub-660298","9001-43149","Male",165,2025-09-21,"2025-09-21 3:30"
"7644","aquaHub-660141","9006-6288","Female",2,2025-09-21,"2025-09-21 3:31"
"7645","aquaHub-660298","9001-43149","Male",165,2025-09-21,"2025-09-21 3:33"
"7646","aquaHub-660298","9001-52036","Male",161,2025-09-21,"2025-09-21 3:33"
"7647","aquaHub-660298","9001-43283","Male",168,2025-09-21,"2025-09-21 3:34"
"7648","aquaHub-660298","9001-43149","Male",165,2025-09-21,"2025-09-21 3:35"
"7649","aquaHub-660298","9001-52036","Male",161,2025-09-21,"2025-09-21 3:35"
"7650","aquaHub-660298","9001-43283","Male",168,2025-09-21,"2025-09-21 3:35"
"7651","aquaHub-660298","9001-43149","Male",165,2025-09-21,"2025-09-21 3:37"
"7652","aquaHub-660298","9001-52036","Male",161,2025-09-21,"2025-09-21 3:37"
"7653","aquaHub-660298","9001-43283","Male",168,2025-09-21,"2025-09-21 3:38"
"7654","aquaHub-660110","9001-52039","Male",170,2025-09-21,"2025-09-21 3:38"
"7655","aquaHub-660298","9001-52036","Male",161,2025-09-21,"2025-09-21 3:39"
"7656","aquaHub-660141","9006-6288","Female",2,2025-09-21,"2025-09-21 3:40"
"7657","aquaHub-660298","9001-43283","Male",168,2025-09-21,"2025-09-21 3:40"
"7658","aquaHub-660110","9001-52039","Male",170,2025-09-21,"2025-09-21 3:40"
"7659","aquaHub-660298","9001-43149","Male",165,2025-09-21,"2025-09-21 3:41"
"7660","aquaHub-660110","9001-28297","Male",1.6,2025-09-21,"2025-09-21 3:41"
"7661","aquaHub-660298","9001-52036","Male",161,2025-09-21,"2025-09-21 3:42"
"7662","aquaHub-660110","9001-52039","Male",170,2025-09-21,"2025-09-21 3:42"
"7663","aquaHub-660298","9001-43283","Male",168,2025-09-21,"2025-09-21 3:42"
"7664","aquaHub-660298","9001-43149","Male",165,2025-09-21,"2025-09-21 3:43"
"7665","aquaHub-660298","9001-43283","Male",168,2025-09-21,"2025-09-21 3:44"
"7666","aquaHub-660298","9001-52036","Male",161,2025-09-21,"2025-09-21 3:44"
"7667","aquaHub-660298","9001-43149","Male",165,2025-09-21,"2025-09-21 3:44"
"7668","aquaHub-660141","9006-6288","Female",2,2025-09-21,"2025-09-21 3:45"
"7669","aquaHub-660298","9001-43283","Male",168,2025-09-21,"2025-09-21 3:45"
"7670","aquaHub-660298","9001-52036","Male",161,2025-09-21,"2025-09-21 3:46"
"7671","aquaHub-660298","9001-43149","Male",165,2025-09-21,"2025-09-21 3:47"
"7672","aquaHub-660298","9001-43283","Male",168,2025-09-21,"2025-09-21 3:47"
"7673","aquaHub-660141","9006-6288","Female",2,2025-09-21,"2025-09-21 3:47"
"7674","aquaHub-660141","9006-6288","Female",2,2025-09-21,"2025-09-21 3:49"
"7675","aquaHub-660298","9001-43283","Male",168,2025-09-21,"2025-09-21 3:49"
"7676","aquaHub-660110","9001-28297","Male",1.6,2025-09-21,"2025-09-21 3:49"
"7677","aquaHub-660298","9001-43149","Male",165,2025-09-21,"2025-09-21 3:50"
"7678","aquaHub-660141","9006-6288","Female",2,2025-09-21,"2025-09-21 3:51"
"7679","aquaHub-660298","9001-52036","Male",161,2025-09-21,"2025-09-21 3:51"
"7680","aquaHub-660298","9001-43283","Male",168,2025-09-21,"2025-09-21 3:51"
"7681","aquaHub-660273","9001-26756","Male",1.6,2025-09-21,"2025-09-21 3:52"
"7682","aquaHub-660298","9001-43149","Male",165,2025-09-21,"2025-09-21 3:52"
"7683","aquaHub-660298","9001-52036","Male",161,2025-09-21,"2025-09-21 3:53"
"7684","aquaHub-660298","9001-43283","Male",168,2025-09-21,"2025-09-21 3:54"
"7685","aquaHub-660273","9001-26756","Male",1.6,2025-09-21,"2025-09-21 3:54"
"7686","aquaHub-660298","9001-43149","Male",165,2025-09-21,"2025-09-21 3:54"
"7687","aquaHub-660141","9006-6288","Female",2,2025-09-21,"2025-09-21 3:55"
"7688","aquaHub-660298","9001-43283","Male",168,2025-09-21,"2025-09-21 3:55"
"7689","aquaHub-660298","9001-52036","Male",161,2025-09-21,"2025-09-21 3:55"
"7690","aquaHub-660110","9001-28297","Male",1.6,2025-09-21,"2025-09-21 3:56"
"7691","aquaHub-660298","9001-43283","Male",168,2025-09-21,"2025-09-21 3:57"
"7692","aquaHub-660141","9006-6288","Female",2,2025-09-21,"2025-09-21 3:57"
"7693","aquaHub-660273","9001-26756","Male",1.6,2025-09-21,"2025-09-21 3:57"
"7694","aquaHub-660298","9001-52036","Male",161,2025-09-21,"2025-09-21 3:58"
"7695","aquaHub-660298","9001-43149","Male",165,2025-09-21,"2025-09-21 3:58"
"7696","aquaHub-660110","9001-28297","Male",1.6,2025-09-21,"2025-09-21 3:58"
"7697","aquaHub-660298","9001-43283","Male",168,2025-09-21,"2025-09-21 3:59"
